COUNTY_FIPS,panel_a_akclm,akclm_total_postings,akclm_ai_postings,akclm_pop_2023,panel_b_akclm,panel_a_updated,updated_total_postings,updated_ai_postings,county_name,state_name,panel_b_updated,_merge,panel_a_akclm_pp,panel_a_updated_pp,panel_b_akclm_pp,panel_b_updated_pp,panel_a_diff_pp,panel_b_diff_pp,panel_a_abs_diff_pp,panel_b_abs_diff_pp,panel_a_akclm_bin,panel_a_updated_bin,panel_b_akclm_bin,panel_b_updated_bin,panel_a_bin_match,panel_b_bin_match,posting_diff,posting_abs_diff
1001,0.0015034091467661804,27818.0,57.0,40188.0,0.0008386246555648736,0.0015034091467661804,27818,57,Autauga,Alabama,0.0008386246555648736,both,0.15034091467661803,0.15034091467661803,0.08386246555648735,0.08386246555648735,0.0,0.0,0.0,0.0,0.14-0.23,0.14-0.23,0-0.09,0-0.09,True,True,0.0,0.0
1003,0.0010884431378313914,121735.0,133.0,167022.0,0.0006883958157552714,0.0010884431378313914,121735,133,Baldwin,Alabama,0.0006883958157552714,both,0.10884431378313913,0.10884431378313913,0.06883958157552715,0.06883958157552715,0.0,0.0,0.0,0.0,0.06-0.14,0.06-0.14,0-0.09,0-0.09,True,True,0.0,0.0
1005,0.0009142774641015461,8850.0,9.0,17675.0,-0.0006156981805057218,0.0009142774641015461,8850,9,Barbour,Alabama,-0.0006156981805057218,both,0.09142774641015461,0.09142774641015461,-0.061569818050572184,-0.061569818050572184,0.0,0.0,0.0,0.0,0.06-0.14,0.06-0.14,-0.12-0,-0.12-0,True,True,0.0,0.0
1007,0.00023719756970814798,5281.0,2.0,15925.0,0.0007468259895444362,0.00023719756970814798,5281,2,Bibb,Alabama,0.0007468259895444362,both,0.023719756970814798,0.023719756970814798,0.07468259895444362,0.07468259895444362,0.0,0.0,0.0,0.0,0-0.06,0-0.06,0-0.09,0-0.09,True,True,0.0,0.0
1009,0.0005561014312857241,11080.0,8.0,40817.0,0.0010600706713780918,0.0005561014312857241,11080,8,Blount,Alabama,0.0010600706713780918,both,0.05561014312857241,0.05561014312857241,0.10600706713780918,0.10600706713780918,0.0,0.0,0.0,0.0,0-0.06,0-0.06,0.09-0.24,0.09-0.24,True,True,0.0,0.0
1011,0.0,2239.0,0.0,7156.0,0.0,0.0,2239,0,Bullock,Alabama,0.0,both,0.0,0.0,0.0,0.0,0.0,0.0,0.0,0.0,0-0.06,0-0.06,-0.12-0,-0.12-0,True,True,0.0,0.0
1013,0.0004696568509454652,8391.0,5.0,13266.0,0.0,0.0004696568509454652,8391,5,Butler,Alabama,0.0,both,0.046965685094546517,0.046965685094546517,0.0,0.0,0.0,0.0,0.0,0.0,0-0.06,0-0.06,-0.12-0,-0.12-0,True,True,0.0,0.0
1015,0.0021039206204007655,49759.0,108.0,78931.0,5.218078996954267e-05,0.0021039206204007655,49759,108,Calhoun,Alabama,5.218078996954267e-05,both,0.21039206204007654,0.21039206204007654,0.005218078996954267,0.005218078996954267,0.0,0.0,0.0,0.0,0.14-0.23,0.14-0.23,0-0.09,0-0.09,True,True,0.0,0.0
1017,0.0017884609993792382,11401.0,23.0,24706.0,0.0012465045475353958,0.0017884609993792382,11401,23,Chambers,Alabama,0.0012465045475353958,both,0.17884609993792383,0.17884609993792383,0.12465045475353957,0.12465045475353957,0.0,0.0,0.0,0.0,0.14-0.23,0.14-0.23,0.09-0.24,0.09-0.24,True,True,0.0,0.0
1019,0.0018596757303289643,4390.0,7.0,18523.0,0.0,0.0018596757303289643,4390,7,Cherokee,Alabama,0.0,both,0.18596757303289643,0.18596757303289643,0.0,0.0,0.0,0.0,0.0,0.0,0.14-0.23,0.14-0.23,-0.12-0,-0.12-0,True,True,0.0,0.0
1021,0.0010175584816230112,13383.0,19.0,30609.0,0.002688172043010753,0.0010175584816230112,13383,19,Chilton,Alabama,0.002688172043010753,both,0.10175584816230113,0.10175584816230113,0.2688172043010753,0.2688172043010753,0.0,0.0,0.0,0.0,0.06-0.14,0.06-0.14,0.24-0.57,0.24-0.57,True,True,0.0,0.0
1023,0.005946499649083401,3586.0,21.0,9052.0,0.009425870774693156,0.005946499649083401,3586,21,Choctaw,Alabama,0.009425870774693156,both,0.5946499649083401,0.5946499649083401,0.9425870774693156,0.9425870774693156,0.0,0.0,0.0,0.0,0.37-0.70,0.37-0.70,0.57+,0.57+,True,True,0.0,0.0
1025,0.0005728200307614388,7850.0,5.0,16015.0,-0.001352265043948614,0.0005728200307614388,7850,5,Clarke,Alabama,-0.001352265043948614,both,0.05728200307614388,0.05728200307614388,-0.1352265043948614,-0.1352265043948614,0.0,0.0,0.0,0.0,0-0.06,0-0.06,<-0.12,<-0.12,True,True,0.0,0.0
1027,0.0010605508700159713,2398.0,4.0,10053.0,0.0030441400304414,0.0010605508700159713,2398,4,Clay,Alabama,0.0030441400304414,both,0.10605508700159713,0.10605508700159713,0.30441400304414,0.30441400304414,0.0,0.0,0.0,0.0,0.06-0.14,0.06-0.14,0.24-0.57,0.24-0.57,True,True,0.0,0.0
1029,0.004600054412753805,2072.0,13.0,10630.0,0.015968063872255488,0.004600054412753805,2072,13,Cleburne,Alabama,0.015968063872255488,both,0.4600054412753805,0.4600054412753805,1.5968063872255487,1.5968063872255487,0.0,0.0,0.0,0.0,0.37-0.70,0.37-0.70,0.57+,0.57+,True,True,0.0,0.0
1031,0.004173862535329831,18054.0,70.0,36556.0,0.001889872859712306,0.004173862535329831,18054,70,Coffee,Alabama,0.001889872859712306,both,0.41738625353298314,0.41738625353298314,0.1889872859712306,0.1889872859712306,0.0,0.0,0.0,0.0,0.37-0.70,0.37-0.70,0.09-0.24,0.09-0.24,True,True,0.0,0.0
1033,0.0009151802290689022,22573.0,26.0,40835.0,0.0018996359031185689,0.0009151802290689022,22573,26,Colbert,Alabama,0.0018996359031185689,both,0.09151802290689022,0.09151802290689022,0.1899635903118569,0.1899635903118569,0.0,0.0,0.0,0.0,0.06-0.14,0.06-0.14,0.09-0.24,0.09-0.24,True,True,0.0,0.0
1035,0.0,2620.0,0.0,8382.0,0.0,0.0,2620,0,Conecuh,Alabama,0.0,both,0.0,0.0,0.0,0.0,0.0,0.0,0.0,0.0,0-0.06,0-0.06,-0.12-0,-0.12-0,True,True,0.0,0.0
1037,0.00023866348448687351,1647.0,1.0,8049.0,0.0,0.00023866348448687351,1647,1,Coosa,Alabama,0.0,both,0.02386634844868735,0.02386634844868735,0.0,0.0,0.0,0.0,0.0,0.0,0-0.06,0-0.06,-0.12-0,-0.12-0,True,True,0.0,0.0
1039,0.0014803384678230703,11887.0,17.0,26447.0,0.0035955056179775282,0.0014803384678230703,11887,17,Covington,Alabama,0.0035955056179775282,both,0.14803384678230702,0.14803384678230702,0.3595505617977528,0.3595505617977528,0.0,0.0,0.0,0.0,0.14-0.23,0.14-0.23,0.24-0.57,0.24-0.57,True,True,0.0,0.0
1041,0.00030959752321981426,2880.0,1.0,9148.0,0.0011961722488038277,0.00030959752321981426,2880,1,Crenshaw,Alabama,0.0011961722488038277,both,0.030959752321981428,0.030959752321981428,0.11961722488038277,0.11961722488038277,0.0,0.0,0.0,0.0,0-0.06,0-0.06,0.09-0.24,0.09-0.24,True,True,0.0,0.0
1043,0.0016616355133563057,30861.0,62.0,61520.0,0.002357492653762274,0.0016616355133563057,30861,62,Cullman,Alabama,0.002357492653762274,both,0.16616355133563057,0.16616355133563057,0.2357492653762274,0.2357492653762274,0.0,0.0,0.0,0.0,0.14-0.23,0.14-0.23,0.09-0.24,0.09-0.24,True,True,0.0,0.0
1045,0.007368963988340531,15247.0,110.0,33687.0,0.012503663003663006,0.007368963988340531,15247,110,Dale,Alabama,0.012503663003663006,both,0.7368963988340531,0.7368963988340531,1.2503663003663006,1.2503663003663006,0.0,0.0,0.0,0.0,0.70+,0.70+,0.57+,0.57+,True,True,0.0,0.0
1047,0.002321524044927652,16120.0,35.0,25984.0,0.0021590174531351002,0.002321524044927652,16120,35,Dallas,Alabama,0.0021590174531351002,both,0.2321524044927652,0.2321524044927652,0.21590174531351003,0.21590174531351003,0.0,0.0,0.0,0.0,0.23-0.37,0.23-0.37,0.09-0.24,0.09-0.24,True,True,0.0,0.0
1049,0.00030811263086693246,21119.0,6.0,48385.0,2.9876545244890223e-05,0.00030811263086693246,21119,6,DeKalb,Alabama,2.9876545244890223e-05,both,0.030811263086693245,0.030811263086693245,0.0029876545244890223,0.0029876545244890223,0.0,0.0,0.0,0.0,0-0.06,0-0.06,0-0.09,0-0.09,True,True,0.0,0.0
1051,0.0006578381745234249,19523.0,11.0,61046.0,-0.00045467462347257746,0.0006578381745234249,19523,11,Elmore,Alabama,-0.00045467462347257746,both,0.06578381745234249,0.06578381745234249,-0.045467462347257744,-0.045467462347257744,0.0,0.0,0.0,0.0,0.06-0.14,0.06-0.14,-0.12-0,-0.12-0,True,True,0.0,0.0
1053,0.0006699689550037262,10708.0,10.0,25461.0,0.002950940612320177,0.0006699689550037262,10708,10,Escambia,Alabama,0.002950940612320177,both,0.06699689550037262,0.06699689550037262,0.2950940612320177,0.2950940612320177,0.0,0.0,0.0,0.0,0.06-0.14,0.06-0.14,0.24-0.57,0.24-0.57,True,True,0.0,0.0
1055,0.00037974965798867144,42661.0,16.0,72715.0,-0.00057350402619726,0.00037974965798867144,42661,16,Etowah,Alabama,-0.00057350402619726,both,0.037974965798867145,0.037974965798867145,-0.057350402619726,-0.057350402619726,0.0,0.0,0.0,0.0,0-0.06,0-0.06,-0.12-0,-0.12-0,True,True,0.0,0.0
1057,0.004943821871730874,4704.0,22.0,11428.0,0.0027829313543599257,0.004943821871730874,4704,22,Fayette,Alabama,0.0027829313543599257,both,0.4943821871730874,0.4943821871730874,0.27829313543599254,0.27829313543599254,0.0,0.0,0.0,0.0,0.37-0.70,0.37-0.70,0.24-0.57,0.24-0.57,True,True,0.0,0.0
1059,0.00021626950997463606,8982.0,3.0,21351.0,0.0006768189509306261,0.00021626950997463606,8982,3,Franklin,Alabama,0.0006768189509306261,both,0.021626950997463607,0.021626950997463607,0.0676818950930626,0.0676818950930626,0.0,0.0,0.0,0.0,0-0.06,0-0.06,0-0.09,0-0.09,True,True,0.0,0.0
1061,0.0011726653797269429,5281.0,6.0,18982.0,0.0,0.0011726653797269429,5281,6,Geneva,Alabama,0.0,both,0.11726653797269429,0.11726653797269429,0.0,0.0,0.0,0.0,0.0,0.0,0.06-0.14,0.06-0.14,-0.12-0,-0.12-0,True,True,0.0,0.0
1063,0.00515165403667824,1921.0,16.0,5449.0,0.012196626902509257,0.00515165403667824,1921,16,Greene,Alabama,0.012196626902509257,both,0.5151654036678239,0.5151654036678239,1.2196626902509258,1.2196626902509258,0.0,0.0,0.0,0.0,0.37-0.70,0.37-0.70,0.57+,0.57+,True,True,0.0,0.0
1065,0.0018315018315018315,2343.0,10.0,9980.0,0.0,0.0018315018315018315,2343,10,Hale,Alabama,0.0,both,0.18315018315018314,0.18315018315018314,0.0,0.0,0.0,0.0,0.0,0.0,0.14-0.23,0.14-0.23,-0.12-0,-0.12-0,True,True,0.0,0.0
1067,0.0015558748793756609,2865.0,6.0,12561.0,0.004807692307692308,0.0015558748793756609,2865,6,Henry,Alabama,0.004807692307692308,both,0.15558748793756608,0.15558748793756608,0.4807692307692308,0.4807692307692308,0.0,0.0,0.0,0.0,0.14-0.23,0.14-0.23,0.24-0.57,0.24-0.57,True,True,0.0,0.0
1069,0.0019937906704011648,58508.0,118.0,73993.0,0.0027105647726295883,0.0019937906704011648,58508,118,Houston,Alabama,0.0027105647726295883,both,0.1993790670401165,0.1993790670401165,0.27105647726295884,0.27105647726295884,0.0,0.0,0.0,0.0,0.14-0.23,0.14-0.23,0.24-0.57,0.24-0.57,True,True,0.0,0.0
1071,0.004102912488507256,17360.0,102.0,37823.0,0.015310613202701398,0.004102912488507256,17360,102,Jackson,Alabama,0.015310613202701398,both,0.41029124885072554,0.41029124885072554,1.5310613202701397,1.5310613202701397,0.0,0.0,0.0,0.0,0.37-0.70,0.37-0.70,0.57+,0.57+,True,True,0.0,0.0
1073,0.007979230833001776,705577.0,6372.0,457310.0,0.0061160588088271985,0.007979230833001776,705577,6372,Jefferson,Alabama,0.0061160588088271985,both,0.7979230833001776,0.7979230833001776,0.6116058808827198,0.6116058808827198,0.0,0.0,0.0,0.0,0.70+,0.70+,0.57+,0.57+,True,True,0.0,0.0
1075,0.0005792647856309467,3859.0,3.0,9894.0,-0.0012091898428053204,0.0005792647856309467,3859,3,Lamar,Alabama,-0.0012091898428053204,both,0.05792647856309467,0.05792647856309467,-0.12091898428053204,-0.12091898428053204,0.0,0.0,0.0,0.0,0-0.06,0-0.06,<-0.12,<-0.12,True,True,0.0,0.0
1077,0.0018989693986423376,34906.0,79.0,64564.0,0.0011252302865803194,0.0018989693986423376,34906,79,Lauderdale,Alabama,0.0011252302865803194,both,0.18989693986423375,0.18989693986423375,0.11252302865803195,0.11252302865803195,0.0,0.0,0.0,0.0,0.14-0.23,0.14-0.23,0.09-0.24,0.09-0.24,True,True,0.0,0.0
1079,0.002365919225871192,7009.0,21.0,23478.0,0.001989986422267481,0.002365919225871192,7009,21,Lawrence,Alabama,0.001989986422267481,both,0.23659192258711922,0.23659192258711922,0.1989986422267481,0.1989986422267481,0.0,0.0,0.0,0.0,0.23-0.37,0.23-0.37,0.09-0.24,0.09-0.24,True,True,0.0,0.0
1081,0.004471229763688704,103732.0,525.0,107084.0,0.0028596531349108114,0.004471229763688704,103732,525,Lee,Alabama,0.0028596531349108114,both,0.4471229763688704,0.4471229763688704,0.2859653134910811,0.2859653134910811,0.0,0.0,0.0,0.0,0.37-0.70,0.37-0.70,0.24-0.57,0.24-0.57,True,True,0.0,0.0
1083,0.0041860093145105574,36478.0,244.0,73067.0,0.0098444387692786,0.0041860093145105574,36478,244,Limestone,Alabama,0.0098444387692786,both,0.41860093145105576,0.41860093145105576,0.98444387692786,0.98444387692786,0.0,0.0,0.0,0.0,0.37-0.70,0.37-0.70,0.57+,0.57+,True,True,0.0,0.0
1085,0.0019877206628838087,2816.0,9.0,7035.0,0.004602230266797364,0.0019877206628838087,2816,9,Lowndes,Alabama,0.004602230266797364,both,0.19877206628838087,0.19877206628838087,0.4602230266797364,0.4602230266797364,0.0,0.0,0.0,0.0,0.14-0.23,0.14-0.23,0.24-0.57,0.24-0.57,True,True,0.0,0.0
1087,0.0023907061073638407,7487.0,19.0,11880.0,0.0015246437660230766,0.0023907061073638407,7487,19,Macon,Alabama,0.0015246437660230766,both,0.23907061073638408,0.23907061073638408,0.15246437660230766,0.15246437660230766,0.0,0.0,0.0,0.0,0.23-0.37,0.23-0.37,0.09-0.24,0.09-0.24,True,True,0.0,0.0
1089,0.02202324158883608,514107.0,12989.0,267305.0,0.015743096312225365,0.02202324158883608,514107,12989,Madison,Alabama,0.015743096312225365,both,2.202324158883608,2.202324158883608,1.5743096312225364,1.5743096312225364,0.0,0.0,0.0,0.0,0.70+,0.70+,0.57+,0.57+,True,True,0.0,0.0
1091,0.0019253170229811152,8829.0,20.0,12997.0,0.0013333370178570442,0.0019253170229811152,8829,20,Marengo,Alabama,0.0013333370178570442,both,0.19253170229811153,0.19253170229811153,0.13333370178570442,0.13333370178570442,0.0,0.0,0.0,0.0,0.14-0.23,0.14-0.23,0.09-0.24,0.09-0.24,True,True,0.0,0.0
1093,0.0012742235597489545,7282.0,11.0,20785.0,0.001215066828675577,0.0012742235597489545,7282,11,Marion,Alabama,0.001215066828675577,both,0.12742235597489546,0.12742235597489546,0.12150668286755771,0.12150668286755771,0.0,0.0,0.0,0.0,0.06-0.14,0.06-0.14,0.09-0.24,0.09-0.24,True,True,0.0,0.0
1095,0.0027289307281625624,35574.0,101.0,64995.0,-0.0021426599827262284,0.0027289307281625624,35574,101,Marshall,Alabama,-0.0021426599827262284,both,0.27289307281625624,0.27289307281625624,-0.21426599827262283,-0.21426599827262283,0.0,0.0,0.0,0.0,0.23-0.37,0.23-0.37,<-0.12,<-0.12,True,True,0.0,0.0
1097,0.00410287195962427,270004.0,1213.0,279868.0,0.003008254676958694,0.00410287195962427,270004,1213,Mobile,Alabama,0.003008254676958694,both,0.410287195962427,0.410287195962427,0.30082546769586943,0.30082546769586943,0.0,0.0,0.0,0.0,0.37-0.70,0.37-0.70,0.24-0.57,0.24-0.57,True,True,0.0,0.0
1099,0.005038949039422135,9422.0,45.0,13707.0,0.01034106577056334,0.005038949039422135,9422,45,Monroe,Alabama,0.01034106577056334,both,0.5038949039422135,0.5038949039422135,1.034106577056334,1.034106577056334,0.0,0.0,0.0,0.0,0.37-0.70,0.37-0.70,0.57+,0.57+,True,True,0.0,0.0
1101,0.01430616044854974,242981.0,4016.0,151442.0,0.00913519629391616,0.01430616044854974,242981,4016,Montgomery,Alabama,0.00913519629391616,both,1.430616044854974,1.430616044854974,0.913519629391616,0.913519629391616,0.0,0.0,0.0,0.0,0.70+,0.70+,0.57+,0.57+,True,True,0.0,0.0
1103,0.0030772188388916762,76577.0,292.0,84874.0,0.004829014505490632,0.0030772188388916762,76577,292,Morgan,Alabama,0.004829014505490632,both,0.3077218838891676,0.3077218838891676,0.48290145054906325,0.48290145054906325,0.0,0.0,0.0,0.0,0.23-0.37,0.23-0.37,0.24-0.57,0.24-0.57,True,True,0.0,0.0
1105,0.0004830917874396135,1542.0,1.0,5314.0,0.0023148148148148147,0.0004830917874396135,1542,1,Perry,Alabama,0.0023148148148148147,both,0.04830917874396135,0.04830917874396135,0.23148148148148145,0.23148148148148145,0.0,0.0,0.0,0.0,0-0.06,0-0.06,0.09-0.24,0.09-0.24,True,True,0.0,0.0
1107,0.0011297955656795144,2715.0,3.0,13592.0,0.003436426116838488,0.0011297955656795144,2715,3,Pickens,Alabama,0.003436426116838488,both,0.11297955656795143,0.11297955656795143,0.3436426116838488,0.3436426116838488,0.0,0.0,0.0,0.0,0.06-0.14,0.06-0.14,0.24-0.57,0.24-0.57,True,True,0.0,0.0
1109,0.004877404260447695,20221.0,98.0,19205.0,0.001661763361113476,0.004877404260447695,20221,98,Pike,Alabama,0.001661763361113476,both,0.48774042604476947,0.48774042604476947,0.1661763361113476,0.1661763361113476,0.0,0.0,0.0,0.0,0.37-0.70,0.37-0.70,0.09-0.24,0.09-0.24,True,True,0.0,0.0
1111,0.0,4620.0,0.0,15614.0,0.0,0.0,4620,0,Randolph,Alabama,0.0,both,0.0,0.0,0.0,0.0,0.0,0.0,0.0,0.0,0-0.06,0-0.06,-0.12-0,-0.12-0,True,True,0.0,0.0
1113,0.0028814274035582274,18459.0,70.0,39868.0,0.003038989764377071,0.0028814274035582274,18459,70,Russell,Alabama,0.003038989764377071,both,0.28814274035582277,0.28814274035582277,0.3038989764377071,0.3038989764377071,0.0,0.0,0.0,0.0,0.23-0.37,0.23-0.37,0.24-0.57,0.24-0.57,True,True,0.0,0.0
1115,0.0010206348538083579,29129.0,30.0,64523.0,0.0001182711975132012,0.0010206348538083579,29129,30,St. Clair,Alabama,0.0001182711975132012,both,0.10206348538083579,0.10206348538083579,0.01182711975132012,0.01182711975132012,0.0,0.0,0.0,0.0,0.06-0.14,0.06-0.14,0-0.09,0-0.09,True,True,0.0,0.0
1117,0.004924168561277664,126973.0,715.0,153645.0,0.004304313171539798,0.004924168561277664,126973,715,Shelby,Alabama,0.004304313171539798,both,0.49241685612776637,0.49241685612776637,0.43043131715397975,0.43043131715397975,0.0,0.0,0.0,0.0,0.37-0.70,0.37-0.70,0.24-0.57,0.24-0.57,True,True,0.0,0.0
1119,0.0002074688796680498,3011.0,1.0,7354.0,0.00117096018735363,0.0002074688796680498,3011,1,Sumter,Alabama,0.00117096018735363,both,0.02074688796680498,0.02074688796680498,0.117096018735363,0.117096018735363,0.0,0.0,0.0,0.0,0-0.06,0-0.06,0.09-0.24,0.09-0.24,True,True,0.0,0.0
1121,0.0013076964754540961,31743.0,49.0,57406.0,0.002016823150954603,0.0013076964754540961,31743,49,Talladega,Alabama,0.002016823150954603,both,0.13076964754540962,0.13076964754540962,0.2016823150954603,0.2016823150954603,0.0,0.0,0.0,0.0,0.06-0.14,0.06-0.14,0.09-0.24,0.09-0.24,True,True,0.0,0.0
1123,0.0025090049429756355,15827.0,44.0,29557.0,-0.00016392428553754822,0.0025090049429756355,15827,44,Tallapoosa,Alabama,-0.00016392428553754822,both,0.25090049429756356,0.25090049429756356,-0.01639242855375482,-0.01639242855375482,0.0,0.0,0.0,0.0,0.23-0.37,0.23-0.37,-0.12-0,-0.12-0,True,True,0.0,0.0
1125,0.003632908437896639,124385.0,547.0,141959.0,0.006659820649393638,0.003632908437896639,124385,547,Tuscaloosa,Alabama,0.006659820649393638,both,0.36329084378966386,0.36329084378966386,0.6659820649393638,0.6659820649393638,0.0,0.0,0.0,0.0,0.23-0.37,0.23-0.37,0.57+,0.57+,True,True,0.0,0.0
1127,0.0008365400546120297,21260.0,23.0,45281.0,0.0009395740878687042,0.0008365400546120297,21260,23,Walker,Alabama,0.0009395740878687042,both,0.08365400546120297,0.08365400546120297,0.09395740878687042,0.09395740878687042,0.0,0.0,0.0,0.0,0.06-0.14,0.06-0.14,0.09-0.24,0.09-0.24,True,True,0.0,0.0
1129,0.019711420267885447,6636.0,148.0,10500.0,0.023249952281436746,0.019711420267885447,6636,148,Washington,Alabama,0.023249952281436746,both,1.9711420267885447,1.9711420267885447,2.3249952281436745,2.3249952281436745,0.0,0.0,0.0,0.0,0.70+,0.70+,0.57+,0.57+,True,True,0.0,0.0
1131,0.00225421921074095,2565.0,7.0,7069.0,0.005076142131979695,0.00225421921074095,2565,7,Wilcox,Alabama,0.005076142131979695,both,0.22542192107409498,0.22542192107409498,0.5076142131979695,0.5076142131979695,0.0,0.0,0.0,0.0,0.14-0.23,0.14-0.23,0.24-0.57,0.24-0.57,True,True,0.0,0.0
1133,0.0010328423190558756,4829.0,5.0,16998.0,-0.001098901098901099,0.0010328423190558756,4829,5,Winston,Alabama,-0.001098901098901099,both,0.10328423190558757,0.10328423190558757,-0.10989010989010989,-0.10989010989010989,0.0,0.0,0.0,0.0,0.06-0.14,0.06-0.14,-0.12-0,-0.12-0,True,True,0.0,0.0
1999,,,,,,0.023650323692125736,62614,3069,"[Alabama, county not reported]",Alabama,0.06099672118279704,right_only,,2.3650323692125736,,6.099672118279704,,,,,No data,0.70+,No data,0.57+,False,False,,
2013,0.0,1320.0,0.0,2675.0,0.0,0.0,1320,0,Aleutians East Borough,Alaska,0.0,both,0.0,0.0,0.0,0.0,0.0,0.0,0.0,0.0,0-0.06,0-0.06,-0.12-0,-0.12-0,True,True,0.0,0.0
2016,0.0022164911316339304,2286.0,4.0,3861.0,0.0015290231241151487,0.0022164911316339304,2286,4,Aleutians West Census Area,Alaska,0.0015290231241151487,both,0.22164911316339303,0.22164911316339303,0.15290231241151486,0.15290231241151486,0.0,0.0,0.0,0.0,0.14-0.23,0.14-0.23,0.09-0.24,0.09-0.24,True,True,0.0,0.0
2020,0.0044656033741468145,335421.0,1781.0,192454.0,0.0063143493194851305,0.0044656033741468145,335421,1781,Anchorage Borough,Alaska,0.0063143493194851305,both,0.44656033741468143,0.44656033741468143,0.6314349319485131,0.6314349319485131,0.0,0.0,0.0,0.0,0.37-0.70,0.37-0.70,0.57+,0.57+,True,True,0.0,0.0
2050,0.0025073949390226344,11127.0,23.0,10109.0,-0.0012010084558338285,0.0025073949390226344,11127,23,Bethel Census Area,Alaska,-0.0012010084558338285,both,0.25073949390226347,0.25073949390226347,-0.12010084558338285,-0.12010084558338285,0.0,0.0,0.0,0.0,0.23-0.37,0.23-0.37,<-0.12,<-0.12,True,True,0.0,0.0
2060,0.0006060606060606061,807.0,1.0,636.0,-0.002824858757062147,0.0006060606060606061,807,1,Bristol Bay Borough,Alaska,-0.002824858757062147,both,0.06060606060606061,0.06060606060606061,-0.2824858757062147,-0.2824858757062147,0.0,0.0,0.0,0.0,0.06-0.14,0.06-0.14,<-0.12,<-0.12,True,True,0.0,0.0
2068,0.0,3139.0,0.0,1674.0,0.0,0.0,3139,0,Denali Borough,Alaska,0.0,both,0.0,0.0,0.0,0.0,0.0,0.0,0.0,0.0,0-0.06,0-0.06,-0.12-0,-0.12-0,True,True,0.0,0.0
2070,0.0013071895424836603,2292.0,2.0,2902.0,0.0,0.0013071895424836603,2292,2,Dillingham Census Area,Alaska,0.0,both,0.13071895424836602,0.13071895424836602,0.0,0.0,0.0,0.0,0.0,0.0,0.06-0.14,0.06-0.14,-0.12-0,-0.12-0,True,True,0.0,0.0
2090,0.003847335870106347,64549.0,248.0,61350.0,0.0035433410099292234,0.003847335870106347,64549,248,Fairbanks North Star Borough,Alaska,0.0035433410099292234,both,0.3847335870106347,0.3847335870106347,0.35433410099292234,0.35433410099292234,0.0,0.0,0.0,0.0,0.37-0.70,0.37-0.70,0.24-0.57,0.24-0.57,True,True,0.0,0.0
2100,0.0,875.0,0.0,1420.0,0.0,0.0,875,0,Haines Borough,Alaska,0.0,both,0.0,0.0,0.0,0.0,0.0,0.0,0.0,0.0,0-0.06,0-0.06,-0.12-0,-0.12-0,True,True,0.0,0.0
2105,0.011326781326781327,1423.0,10.0,1838.0,0.0,0.011326781326781327,1423,10,Hoonah-Angoon Census Area,Alaska,0.0,both,1.1326781326781328,1.1326781326781328,0.0,0.0,0.0,0.0,0.0,0.0,0.70+,0.70+,-0.12-0,-0.12-0,True,True,0.0,0.0
2110,0.03046135597017737,50850.0,1725.0,22947.0,0.03400296604509188,0.03046135597017737,50850,1725,Juneau Borough,Alaska,0.03400296604509188,both,3.046135597017737,3.046135597017737,3.4002966045091876,3.4002966045091876,0.0,0.0,0.0,0.0,0.70+,0.70+,0.57+,0.57+,True,True,0.0,0.0
2122,0.0008224999500809901,28369.0,24.0,41645.0,0.0005631999778866266,0.0008224999500809901,28369,24,Kenai Peninsula Borough,Alaska,0.0005631999778866266,both,0.08224999500809901,0.08224999500809901,0.05631999778866266,0.05631999778866266,0.0,0.0,0.0,0.0,0.06-0.14,0.06-0.14,0-0.09,0-0.09,True,True,0.0,0.0
2130,0.0014851779055109165,11582.0,18.0,9869.0,0.002206531332744925,0.0014851779055109165,11582,18,Ketchikan Gateway Borough,Alaska,0.002206531332744925,both,0.14851779055109166,0.14851779055109166,0.22065313327449249,0.22065313327449249,0.0,0.0,0.0,0.0,0.14-0.23,0.14-0.23,0.09-0.24,0.09-0.24,True,True,0.0,0.0
2150,0.0008894210206668747,8625.0,8.0,8634.0,0.0007697831068758076,0.0008894210206668747,8625,8,Kodiak Island Borough,Alaska,0.0007697831068758076,both,0.08894210206668747,0.08894210206668747,0.07697831068758076,0.07697831068758076,0.0,0.0,0.0,0.0,0.06-0.14,0.06-0.14,0-0.09,0-0.09,True,True,0.0,0.0
2158,,,,,,0.0019638540980004395,2415,3,Kusilvak Census Area,Alaska,0.002717391304347826,right_only,,0.19638540980004396,,0.2717391304347826,,,,,No data,0.14-0.23,No data,0.24-0.57,False,False,,
2164,0.00329383060299756,783.0,3.0,651.0,0.0,0.00329383060299756,783,3,Lake and Peninsula Borough,Alaska,0.0,both,0.329383060299756,0.329383060299756,0.0,0.0,0.0,0.0,0.0,0.0,0.23-0.37,0.23-0.37,-0.12-0,-0.12-0,True,True,0.0,0.0
2170,0.0013947650996938158,37151.0,63.0,71369.0,0.0018429806667233932,0.0013947650996938158,37151,63,Matanuska-Susitna Borough,Alaska,0.0018429806667233932,both,0.13947650996938157,0.13947650996938157,0.18429806667233933,0.18429806667233933,0.0,0.0,0.0,0.0,0.06-0.14,0.06-0.14,0.09-0.24,0.09-0.24,True,True,0.0,0.0
2180,0.0018651551605260968,6965.0,14.0,5564.0,0.0,0.0018651551605260968,6965,14,Nome Census Area,Alaska,0.0,both,0.1865155160526097,0.1865155160526097,0.0,0.0,0.0,0.0,0.0,0.0,0.14-0.23,0.14-0.23,-0.12-0,-0.12-0,True,True,0.0,0.0
2185,0.0018336305748306244,11478.0,26.0,7601.0,0.0009487054724975396,0.0018336305748306244,11478,26,North Slope Borough,Alaska,0.0009487054724975396,both,0.18336305748306245,0.18336305748306245,0.09487054724975395,0.09487054724975395,0.0,0.0,0.0,0.0,0.14-0.23,0.14-0.23,0.09-0.24,0.09-0.24,True,True,0.0,0.0
2188,0.0004275536372540653,7356.0,3.0,4230.0,0.0,0.0004275536372540653,7356,3,Northwest Arctic Borough,Alaska,0.0,both,0.04275536372540653,0.04275536372540653,0.0,0.0,0.0,0.0,0.0,0.0,0-0.06,0-0.06,-0.12-0,-0.12-0,True,True,0.0,0.0
2195,0.0,1206.0,0.0,2537.0,0.0,0.0,1206,0,Petersburg Borough,Alaska,0.0,both,0.0,0.0,0.0,0.0,0.0,0.0,0.0,0.0,0-0.06,0-0.06,-0.12-0,-0.12-0,True,True,0.0,0.0
2198,0.0,2223.0,0.0,4151.0,0.0,0.0,2223,0,Prince of Wales-Hyder Census Area,Alaska,0.0,both,0.0,0.0,0.0,0.0,0.0,0.0,0.0,0.0,0-0.06,0-0.06,-0.12-0,-0.12-0,True,True,0.0,0.0
2220,0.002095831245701064,9177.0,23.0,6071.0,0.004139346880462747,0.002095831245701064,9177,23,Sitka Borough,Alaska,0.004139346880462747,both,0.2095831245701064,0.2095831245701064,0.41393468804627476,0.41393468804627476,0.0,0.0,0.0,0.0,0.14-0.23,0.14-0.23,0.24-0.57,0.24-0.57,True,True,0.0,0.0
2230,0.0,699.0,0.0,970.0,0.0,0.0,699,0,Skagway Municipality,Alaska,0.0,both,0.0,0.0,0.0,0.0,0.0,0.0,0.0,0.0,0-0.06,0-0.06,-0.12-0,-0.12-0,True,True,0.0,0.0
2240,0.007745247674905744,3113.0,22.0,4534.0,0.00954653937947494,0.007745247674905744,3113,22,Southeast Fairbanks Census Area,Alaska,0.00954653937947494,both,0.7745247674905744,0.7745247674905744,0.9546539379474941,0.9546539379474941,0.0,0.0,0.0,0.0,0.70+,0.70+,0.57+,0.57+,True,True,0.0,0.0
2261,,,,,,0.0020965755618808854,6609,14,Valdez-Cordova Census Area,Alaska,0.004115281133856294,right_only,,0.20965755618808854,,0.41152811338562945,,,,,No data,0.14-0.23,No data,0.24-0.57,False,False,,
2275,0.0010526315789473684,1456.0,1.0,1559.0,0.0,0.0010526315789473684,1456,1,Wrangell City and Borough,Alaska,0.0,both,0.10526315789473684,0.10526315789473684,0.0,0.0,0.0,0.0,0.0,0.0,0.06-0.14,0.06-0.14,-0.12-0,-0.12-0,True,True,0.0,0.0
2282,0.0,291.0,0.0,397.0,0.0,0.0,291,0,Yakutat Borough,Alaska,0.0,both,0.0,0.0,0.0,0.0,0.0,0.0,0.0,0.0,0-0.06,0-0.06,-0.12-0,-0.12-0,True,True,0.0,0.0
2290,0.008717303989250191,2279.0,12.0,3451.0,0.0019047619047619048,0.008717303989250191,2279,12,Yukon-Koyukuk Census Area,Alaska,0.0019047619047619048,both,0.8717303989250191,0.8717303989250191,0.19047619047619047,0.19047619047619047,0.0,0.0,0.0,0.0,0.70+,0.70+,0.09-0.24,0.09-0.24,True,True,0.0,0.0
2999,,,,,,0.019912515557211748,7631,160,"[Alaska, county not reported]",Alaska,0.006490344390608929,right_only,,1.9912515557211747,,0.6490344390608929,,,,,No data,0.70+,No data,0.57+,False,False,,
4001,0.0016609398496745544,16218.0,26.0,42220.0,0.000989683789452187,0.0016609398496745544,16218,26,Apache,Arizona,0.000989683789452187,both,0.16609398496745545,0.16609398496745545,0.0989683789452187,0.0989683789452187,0.0,0.0,0.0,0.0,0.14-0.23,0.14-0.23,0.09-0.24,0.09-0.24,True,True,0.0,0.0
4003,0.018499893975060695,73115.0,1341.0,88211.0,-0.011353286515329183,0.018499893975060695,73115,1341,Cochise,Arizona,-0.011353286515329183,both,1.8499893975060695,1.8499893975060695,-1.1353286515329182,-1.1353286515329182,0.0,0.0,0.0,0.0,0.70+,0.70+,<-0.12,<-0.12,True,True,0.0,0.0
4005,0.004529147748174993,92975.0,496.0,86631.0,0.007175599520097127,0.004529147748174993,92975,496,Coconino,Arizona,0.007175599520097127,both,0.4529147748174993,0.4529147748174993,0.7175599520097127,0.7175599520097127,0.0,0.0,0.0,0.0,0.37-0.70,0.37-0.70,0.57+,0.57+,True,True,0.0,0.0
4007,0.002406946361755661,30763.0,67.0,39673.0,0.0027330767944439447,0.002406946361755661,30763,67,Gila,Arizona,0.0027330767944439447,both,0.2406946361755661,0.2406946361755661,0.2733076794443945,0.2733076794443945,0.0,0.0,0.0,0.0,0.23-0.37,0.23-0.37,0.24-0.57,0.24-0.57,True,True,0.0,0.0
4009,0.0035894052257218747,12173.0,51.0,24362.0,0.005074509216502161,0.0035894052257218747,12173,51,Graham,Arizona,0.005074509216502161,both,0.35894052257218745,0.35894052257218745,0.5074509216502161,0.5074509216502161,0.0,0.0,0.0,0.0,0.23-0.37,0.23-0.37,0.24-0.57,0.24-0.57,True,True,0.0,0.0
4011,0.0027659739305637013,5966.0,19.0,5854.0,0.005997036874451273,0.0027659739305637013,5966,19,Greenlee,Arizona,0.005997036874451273,both,0.27659739305637016,0.27659739305637016,0.5997036874451274,0.5997036874451274,0.0,0.0,0.0,0.0,0.23-0.37,0.23-0.37,0.57+,0.57+,True,True,0.0,0.0
4012,0.0014633959600506559,7140.0,11.0,13188.0,-0.0007385524372230429,0.0014633959600506559,7140,11,La Paz,Arizona,-0.0007385524372230429,both,0.14633959600506558,0.14633959600506558,-0.07385524372230429,-0.07385524372230429,0.0,0.0,0.0,0.0,0.14-0.23,0.14-0.23,-0.12-0,-0.12-0,True,True,0.0,0.0
4013,0.017465760880400177,5013079.0,97810.0,2987215.0,0.0049137878837410415,0.017465760880400177,5013079,97810,Maricopa,Arizona,0.0049137878837410415,both,1.7465760880400176,1.7465760880400176,0.49137878837410415,0.49137878837410415,0.0,0.0,0.0,0.0,0.70+,0.70+,0.24-0.57,0.24-0.57,True,True,0.0,0.0
4015,0.0008346205944535247,89900.0,77.0,165754.0,0.0014135212650837141,0.0008346205944535247,89900,77,Mohave,Arizona,0.0014135212650837141,both,0.08346205944535247,0.08346205944535247,0.14135212650837142,0.14135212650837142,0.0,0.0,0.0,0.0,0.06-0.14,0.06-0.14,0.09-0.24,0.09-0.24,True,True,0.0,0.0
4017,0.0008786366784893678,28455.0,27.0,70604.0,0.0010038719636660544,0.0008786366784893678,28455,27,Navajo,Arizona,0.0010038719636660544,both,0.08786366784893677,0.08786366784893677,0.10038719636660544,0.10038719636660544,0.0,0.0,0.0,0.0,0.06-0.14,0.06-0.14,0.09-0.24,0.09-0.24,True,True,0.0,0.0
4019,0.008929533816863492,826264.0,8196.0,705718.0,0.005965152138617647,0.008929533816863492,826264,8196,Pima,Arizona,0.005965152138617647,both,0.8929533816863492,0.8929533816863492,0.5965152138617648,0.5965152138617648,0.0,0.0,0.0,0.0,0.70+,0.70+,0.57+,0.57+,True,True,0.0,0.0
4021,0.007096912873209273,120309.0,805.0,302970.0,-0.010576837649256706,0.007096912873209273,120309,805,Pinal,Arizona,-0.010576837649256706,both,0.7096912873209272,0.7096912873209272,-1.0576837649256705,-1.0576837649256705,0.0,0.0,0.0,0.0,0.70+,0.70+,<-0.12,<-0.12,True,True,0.0,0.0
4023,0.0009538036359878581,12676.0,13.0,30749.0,-0.000168694618822496,0.0009538036359878581,12676,13,Santa Cruz,Arizona,-0.000168694618822496,both,0.09538036359878581,0.09538036359878581,-0.016869461882249602,-0.016869461882249602,0.0,0.0,0.0,0.0,0.06-0.14,0.06-0.14,-0.12-0,-0.12-0,True,True,0.0,0.0
4025,0.0016442269261625325,105487.0,167.0,184475.0,0.00040822085452212357,0.0016442269261625325,105487,167,Yavapai,Arizona,0.00040822085452212357,both,0.16442269261625325,0.16442269261625325,0.04082208545221236,0.04082208545221236,0.0,0.0,0.0,0.0,0.14-0.23,0.14-0.23,0-0.09,0-0.09,True,True,0.0,0.0
4027,0.0037899775996274266,55965.0,235.0,131335.0,0.007423870358049136,0.0037899775996274266,55965,235,Yuma,Arizona,0.007423870358049136,both,0.37899775996274265,0.37899775996274265,0.7423870358049136,0.7423870358049136,0.0,0.0,0.0,0.0,0.37-0.70,0.37-0.70,0.57+,0.57+,True,True,0.0,0.0
4999,,,,,,0.018885349603999853,204260,5382,"[Arizona, county not reported]",Arizona,0.02159939976925487,right_only,,1.8885349603999853,,2.159939976925487,,,,,No data,0.70+,No data,0.57+,False,False,,
5001,0.0021612152749730194,9866.0,22.0,11889.0,0.0011621348270898977,0.0021612152749730194,9866,22,Arkansas,Arkansas,0.0011621348270898977,both,0.21612152749730193,0.21612152749730193,0.11621348270898976,0.11621348270898976,0.0,0.0,0.0,0.0,0.14-0.23,0.14-0.23,0.09-0.24,0.09-0.24,True,True,0.0,0.0
5003,0.0030340285842323173,5109.0,17.0,13222.0,0.003771529961628343,0.0030340285842323173,5109,17,Ashley,Arkansas,0.003771529961628343,both,0.3034028584232317,0.3034028584232317,0.3771529961628343,0.3771529961628343,0.0,0.0,0.0,0.0,0.23-0.37,0.23-0.37,0.24-0.57,0.24-0.57,True,True,0.0,0.0
5005,0.000935339863842103,14691.0,13.0,31982.0,-0.0018784966028983767,0.000935339863842103,14691,13,Baxter,Arkansas,-0.0018784966028983767,both,0.0935339863842103,0.0935339863842103,-0.18784966028983768,-0.18784966028983768,0.0,0.0,0.0,0.0,0.06-0.14,0.06-0.14,<-0.12,<-0.12,True,True,0.0,0.0
5007,0.03323333732946333,200229.0,7159.0,188577.0,0.03684680379116778,0.03323333732946333,200229,7159,Benton,Arkansas,0.03684680379116778,both,3.3233337329463333,3.3233337329463333,3.684680379116778,3.684680379116778,0.0,0.0,0.0,0.0,0.70+,0.70+,0.57+,0.57+,True,True,0.0,0.0
5009,0.0063225949763927565,14177.0,97.0,26260.0,0.0039817443634168935,0.0063225949763927565,14177,97,Boone,Arkansas,0.0039817443634168935,both,0.6322594976392757,0.6322594976392757,0.39817443634168936,0.39817443634168936,0.0,0.0,0.0,0.0,0.37-0.70,0.37-0.70,0.24-0.57,0.24-0.57,True,True,0.0,0.0
5011,0.006040296720701971,2623.0,23.0,7105.0,0.003952569169960474,0.006040296720701971,2623,23,Bradley,Arkansas,0.003952569169960474,both,0.6040296720701971,0.6040296720701971,0.3952569169960474,0.3952569169960474,0.0,0.0,0.0,0.0,0.37-0.70,0.37-0.70,0.24-0.57,0.24-0.57,True,True,0.0,0.0
5013,0.0,1212.0,0.0,3462.0,0.0,0.0,1212,0,Calhoun,Arkansas,0.0,both,0.0,0.0,0.0,0.0,0.0,0.0,0.0,0.0,0-0.06,0-0.06,-0.12-0,-0.12-0,True,True,0.0,0.0
5015,0.00048804133608687094,8233.0,4.0,20180.0,0.0017921146953405018,0.00048804133608687094,8233,4,Carroll,Arkansas,0.0017921146953405018,both,0.04880413360868709,0.04880413360868709,0.17921146953405018,0.17921146953405018,0.0,0.0,0.0,0.0,0-0.06,0-0.06,0.09-0.24,0.09-0.24,True,True,0.0,0.0
5017,0.0,2409.0,0.0,7065.0,0.0,0.0,2409,0,Chicot,Arkansas,0.0,both,0.0,0.0,0.0,0.0,0.0,0.0,0.0,0.0,0-0.06,0-0.06,-0.12-0,-0.12-0,True,True,0.0,0.0
5019,0.0021280154317294296,9323.0,22.0,12424.0,0.0076833742888881415,0.0021280154317294296,9323,22,Clark,Arkansas,0.0076833742888881415,both,0.21280154317294295,0.21280154317294295,0.7683374288888142,0.7683374288888142,0.0,0.0,0.0,0.0,0.14-0.23,0.14-0.23,0.57+,0.57+,True,True,0.0,0.0
5021,0.004217616417229278,2475.0,15.0,10342.0,0.01730103806228374,0.004217616417229278,2475,15,Clay,Arkansas,0.01730103806228374,both,0.42176164172292774,0.42176164172292774,1.7301038062283738,1.7301038062283738,0.0,0.0,0.0,0.0,0.37-0.70,0.37-0.70,0.57+,0.57+,True,True,0.0,0.0
5023,0.00014245014245014247,4752.0,1.0,18612.0,0.0,0.00014245014245014247,4752,1,Cleburne,Arkansas,0.0,both,0.014245014245014247,0.014245014245014247,0.0,0.0,0.0,0.0,0.0,0.0,0-0.06,0-0.06,-0.12-0,-0.12-0,True,True,0.0,0.0
5025,0.0013698630136986301,729.0,1.0,5413.0,0.0,0.0013698630136986301,729,1,Cleveland,Arkansas,0.0,both,0.136986301369863,0.136986301369863,0.0,0.0,0.0,0.0,0.0,0.0,0.06-0.14,0.06-0.14,-0.12-0,-0.12-0,True,True,0.0,0.0
5027,0.0012408070785673406,7029.0,9.0,14189.0,0.001121383409259356,0.0012408070785673406,7029,9,Columbia,Arkansas,0.001121383409259356,both,0.12408070785673406,0.12408070785673406,0.11213834092593561,0.11213834092593561,0.0,0.0,0.0,0.0,0.06-0.14,0.06-0.14,0.09-0.24,0.09-0.24,True,True,0.0,0.0
5029,0.019517271321925884,9304.0,164.0,14483.0,-0.03956934846235159,0.019517271321925884,9304,164,Conway,Arkansas,-0.03956934846235159,both,1.9517271321925884,1.9517271321925884,-3.9569348462351592,-3.9569348462351592,0.0,0.0,0.0,0.0,0.70+,0.70+,<-0.12,<-0.12,True,True,0.0,0.0
5031,0.002820306332661356,58033.0,173.0,71091.0,0.0025325220481925786,0.002820306332661356,58033,173,Craighead,Arkansas,0.0025325220481925786,both,0.28203063326613564,0.28203063326613564,0.25325220481925786,0.25325220481925786,0.0,0.0,0.0,0.0,0.23-0.37,0.23-0.37,0.24-0.57,0.24-0.57,True,True,0.0,0.0
5033,0.0005192326267198084,14722.0,8.0,41093.0,0.0005162622612287042,0.0005192326267198084,14722,8,Crawford,Arkansas,0.0005162622612287042,both,0.051923262671980844,0.051923262671980844,0.05162622612287042,0.05162622612287042,0.0,0.0,0.0,0.0,0-0.06,0-0.06,0-0.09,0-0.09,True,True,0.0,0.0
5035,0.001318359617493508,37277.0,54.0,30572.0,0.0018172314255440972,0.001318359617493508,37277,54,Crittenden,Arkansas,0.0018172314255440972,both,0.1318359617493508,0.1318359617493508,0.18172314255440972,0.18172314255440972,0.0,0.0,0.0,0.0,0.06-0.14,0.06-0.14,0.09-0.24,0.09-0.24,True,True,0.0,0.0
5037,0.00014992503748125936,4271.0,1.0,11566.0,0.0008481764206955047,0.00014992503748125936,4271,1,Cross,Arkansas,0.0008481764206955047,both,0.014992503748125935,0.014992503748125935,0.08481764206955046,0.08481764206955046,0.0,0.0,0.0,0.0,0-0.06,0-0.06,0-0.09,0-0.09,True,True,0.0,0.0
5039,0.0010354378607853796,2810.0,2.0,4671.0,0.0,0.0010354378607853796,2810,2,Dallas,Arkansas,0.0,both,0.10354378607853795,0.10354378607853795,0.0,0.0,0.0,0.0,0.0,0.0,0.06-0.14,0.06-0.14,-0.12-0,-0.12-0,True,True,0.0,0.0
5041,0.004451622684663948,4264.0,20.0,7691.0,0.003588648757672972,0.004451622684663948,4264,20,Desha,Arkansas,0.003588648757672972,both,0.4451622684663948,0.4451622684663948,0.3588648757672972,0.3588648757672972,0.0,0.0,0.0,0.0,0.37-0.70,0.37-0.70,0.24-0.57,0.24-0.57,True,True,0.0,0.0
5043,0.00038234164540641377,5658.0,3.0,10906.0,0.0012738853503184713,0.00038234164540641377,5658,3,Drew,Arkansas,0.0012738853503184713,both,0.03823416454064138,0.03823416454064138,0.12738853503184713,0.12738853503184713,0.0,0.0,0.0,0.0,0-0.06,0-0.06,0.09-0.24,0.09-0.24,True,True,0.0,0.0
5045,0.00865140563769623,62803.0,578.0,77167.0,0.0037653365278984205,0.00865140563769623,62803,578,Faulkner,Arkansas,0.0037653365278984205,both,0.865140563769623,0.865140563769623,0.3765336527898421,0.3765336527898421,0.0,0.0,0.0,0.0,0.70+,0.70+,0.24-0.57,0.24-0.57,True,True,0.0,0.0
5047,0.003602356356819576,5278.0,16.0,12025.0,-0.0028653295128939827,0.003602356356819576,5278,16,Franklin,Arkansas,-0.0028653295128939827,both,0.3602356356819576,0.3602356356819576,-0.28653295128939826,-0.28653295128939826,0.0,0.0,0.0,0.0,0.23-0.37,0.23-0.37,<-0.12,<-0.12,True,True,0.0,0.0
5049,0.0027397260273972603,1440.0,4.0,8708.0,0.0,0.0027397260273972603,1440,4,Fulton,Arkansas,0.0,both,0.273972602739726,0.273972602739726,0.0,0.0,0.0,0.0,0.0,0.0,0.23-0.37,0.23-0.37,-0.12-0,-0.12-0,True,True,0.0,0.0
5051,0.0006232279479556158,47162.0,30.0,72911.0,0.0006758720574104948,0.0006232279479556158,47162,30,Garland,Arkansas,0.0006758720574104948,both,0.062322794795561576,0.062322794795561576,0.06758720574104947,0.06758720574104947,0.0,0.0,0.0,0.0,0.06-0.14,0.06-0.14,0-0.09,0-0.09,True,True,0.0,0.0
5053,0.0033813464405390223,4837.0,23.0,12609.0,0.012579796401907695,0.0033813464405390223,4837,23,Grant,Arkansas,0.012579796401907695,both,0.33813464405390226,0.33813464405390226,1.2579796401907695,1.2579796401907695,0.0,0.0,0.0,0.0,0.23-0.37,0.23-0.37,0.57+,0.57+,True,True,0.0,0.0
5055,0.0004518402375918395,10056.0,4.0,30946.0,0.00041718815185648727,0.0004518402375918395,10056,4,Greene,Arkansas,0.00041718815185648727,both,0.04518402375918395,0.04518402375918395,0.041718815185648725,0.041718815185648725,0.0,0.0,0.0,0.0,0-0.06,0-0.06,0-0.09,0-0.09,True,True,0.0,0.0
5057,0.0023205762536540825,6761.0,15.0,13301.0,0.00600072980094095,0.0023205762536540825,6761,15,Hempstead,Arkansas,0.00600072980094095,both,0.23205762536540825,0.23205762536540825,0.6000729800940949,0.6000729800940949,0.0,0.0,0.0,0.0,0.23-0.37,0.23-0.37,0.57+,0.57+,True,True,0.0,0.0
5059,0.004239776078975544,9286.0,44.0,24022.0,0.0043853011213651144,0.004239776078975544,9286,44,Hot Spring,Arkansas,0.0043853011213651144,both,0.4239776078975544,0.4239776078975544,0.43853011213651144,0.43853011213651144,0.0,0.0,0.0,0.0,0.37-0.70,0.37-0.70,0.24-0.57,0.24-0.57,True,True,0.0,0.0
5061,0.00034423407917383823,4357.0,2.0,8505.0,0.0,0.00034423407917383823,4357,2,Howard,Arkansas,0.0,both,0.034423407917383825,0.034423407917383825,0.0,0.0,0.0,0.0,0.0,0.0,0-0.06,0-0.06,-0.12-0,-0.12-0,True,True,0.0,0.0
5063,0.0023597930705158733,13764.0,35.0,25382.0,-0.0008947994488802168,0.0023597930705158733,13764,35,Independence,Arkansas,-0.0008947994488802168,both,0.23597930705158732,0.23597930705158732,-0.08947994488802168,-0.08947994488802168,0.0,0.0,0.0,0.0,0.23-0.37,0.23-0.37,-0.12-0,-0.12-0,True,True,0.0,0.0
5065,0.0013319848510931313,2938.0,4.0,10452.0,0.003578088578088578,0.0013319848510931313,2938,4,Izard,Arkansas,0.003578088578088578,both,0.13319848510931315,0.13319848510931315,0.3578088578088578,0.3578088578088578,0.0,0.0,0.0,0.0,0.06-0.14,0.06-0.14,0.24-0.57,0.24-0.57,True,True,0.0,0.0
5067,0.0006330879071842927,4775.0,3.0,11927.0,0.0007117514710972656,0.0006330879071842927,4775,3,Jackson,Arkansas,0.0007117514710972656,both,0.06330879071842926,0.06330879071842926,0.07117514710972657,0.07117514710972657,0.0,0.0,0.0,0.0,0.06-0.14,0.06-0.14,0-0.09,0-0.09,True,True,0.0,0.0
5069,0.002278957084512817,33126.0,97.0,45704.0,0.003118131253157891,0.002278957084512817,33126,97,Jefferson,Arkansas,0.003118131253157891,both,0.2278957084512817,0.2278957084512817,0.3118131253157891,0.3118131253157891,0.0,0.0,0.0,0.0,0.14-0.23,0.14-0.23,0.24-0.57,0.24-0.57,True,True,0.0,0.0
5071,0.0004522099508133509,7279.0,4.0,17235.0,0.0015,0.0004522099508133509,7279,4,Johnson,Arkansas,0.0015,both,0.04522099508133509,0.04522099508133509,0.15,0.15,0.0,0.0,0.0,0.0,0-0.06,0-0.06,0.09-0.24,0.09-0.24,True,True,0.0,0.0
5073,0.0,1203.0,0.0,4514.0,0.0,0.0,1203,0,Lafayette,Arkansas,0.0,both,0.0,0.0,0.0,0.0,0.0,0.0,0.0,0.0,0-0.06,0-0.06,-0.12-0,-0.12-0,True,True,0.0,0.0
5075,0.0005899705014749262,3304.0,2.0,10950.0,0.0030120481927710845,0.0005899705014749262,3304,2,Lawrence,Arkansas,0.0030120481927710845,both,0.058997050147492625,0.058997050147492625,0.30120481927710846,0.30120481927710846,0.0,0.0,0.0,0.0,0-0.06,0-0.06,0.24-0.57,0.24-0.57,True,True,0.0,0.0
5077,0.0,2375.0,0.0,6193.0,0.0,0.0,2375,0,Lee,Arkansas,0.0,both,0.0,0.0,0.0,0.0,0.0,0.0,0.0,0.0,0-0.06,0-0.06,-0.12-0,-0.12-0,True,True,0.0,0.0
5079,0.0030786754222104956,2106.0,6.0,10007.0,0.0024898335952897735,0.0030786754222104956,2106,6,Lincoln,Arkansas,0.0024898335952897735,both,0.30786754222104956,0.30786754222104956,0.24898335952897735,0.24898335952897735,0.0,0.0,0.0,0.0,0.23-0.37,0.23-0.37,0.24-0.57,0.24-0.57,True,True,0.0,0.0
5081,0.0024725180488402478,2930.0,9.0,8415.0,0.009114583333333334,0.0024725180488402478,2930,9,Little River,Arkansas,0.009114583333333334,both,0.24725180488402476,0.24725180488402476,0.9114583333333334,0.9114583333333334,0.0,0.0,0.0,0.0,0.23-0.37,0.23-0.37,0.57+,0.57+,True,True,0.0,0.0
5083,0.004377084790385901,5550.0,37.0,15192.0,-0.0009380863039399625,0.004377084790385901,5550,37,Logan,Arkansas,-0.0009380863039399625,both,0.43770847903859006,0.43770847903859006,-0.09380863039399624,-0.09380863039399624,0.0,0.0,0.0,0.0,0.37-0.70,0.37-0.70,-0.12-0,-0.12-0,True,True,0.0,0.0
5085,0.0030805864738863067,18765.0,71.0,49756.0,0.003626745841221819,0.0030805864738863067,18765,71,Lonoke,Arkansas,0.003626745841221819,both,0.30805864738863065,0.30805864738863065,0.3626745841221819,0.3626745841221819,0.0,0.0,0.0,0.0,0.23-0.37,0.23-0.37,0.24-0.57,0.24-0.57,True,True,0.0,0.0
5087,0.0030663512824898203,3499.0,9.0,11654.0,0.001893939393939394,0.0030663512824898203,3499,9,Madison,Arkansas,0.001893939393939394,both,0.30663512824898204,0.30663512824898204,0.1893939393939394,0.1893939393939394,0.0,0.0,0.0,0.0,0.23-0.37,0.23-0.37,0.09-0.24,0.09-0.24,True,True,0.0,0.0
5089,0.0,2815.0,0.0,12875.0,0.0,0.0,2815,0,Marion,Arkansas,0.0,both,0.0,0.0,0.0,0.0,0.0,0.0,0.0,0.0,0-0.06,0-0.06,-0.12-0,-0.12-0,True,True,0.0,0.0
5091,0.0014139183374425152,13332.0,20.0,28953.0,0.0009403275086371665,0.0014139183374425152,13332,20,Miller,Arkansas,0.0009403275086371665,both,0.14139183374425152,0.14139183374425152,0.09403275086371665,0.09403275086371665,0.0,0.0,0.0,0.0,0.14-0.23,0.14-0.23,0.09-0.24,0.09-0.24,True,True,0.0,0.0
5093,0.007572772659060245,20255.0,158.0,26228.0,0.004362170443115534,0.007572772659060245,20255,158,Mississippi,Arkansas,0.004362170443115534,both,0.7572772659060245,0.7572772659060245,0.4362170443115534,0.4362170443115534,0.0,0.0,0.0,0.0,0.70+,0.70+,0.24-0.57,0.24-0.57,True,True,0.0,0.0
5095,0.0038456528817974603,2200.0,13.0,4771.0,0.0,0.0038456528817974603,2200,13,Monroe,Arkansas,0.0,both,0.38456528817974606,0.38456528817974606,0.0,0.0,0.0,0.0,0.0,0.0,0.37-0.70,0.37-0.70,-0.12-0,-0.12-0,True,True,0.0,0.0
5097,0.0009968220864988331,2186.0,3.0,6467.0,0.0039603960396039604,0.0009968220864988331,2186,3,Montgomery,Arkansas,0.0039603960396039604,both,0.09968220864988331,0.09968220864988331,0.39603960396039606,0.39603960396039606,0.0,0.0,0.0,0.0,0.06-0.14,0.06-0.14,0.24-0.57,0.24-0.57,True,True,0.0,0.0
5099,0.0012448132780082987,2608.0,3.0,5657.0,0.0,0.0012448132780082987,2608,3,Nevada,Arkansas,0.0,both,0.12448132780082986,0.12448132780082986,0.0,0.0,0.0,0.0,0.0,0.0,0.06-0.14,0.06-0.14,-0.12-0,-0.12-0,True,True,0.0,0.0
5101,0.0015674908316573998,1798.0,2.0,5236.0,-0.0002743557065986971,0.0015674908316573998,1798,2,Newton,Arkansas,-0.0002743557065986971,both,0.15674908316574,0.15674908316574,-0.027435570659869707,-0.027435570659869707,0.0,0.0,0.0,0.0,0.14-0.23,0.14-0.23,-0.12-0,-0.12-0,True,True,0.0,0.0
5103,0.0009578809314875619,9933.0,9.0,15755.0,-0.0004750264567849545,0.0009578809314875619,9933,9,Ouachita,Arkansas,-0.0004750264567849545,both,0.09578809314875619,0.09578809314875619,-0.04750264567849545,-0.04750264567849545,0.0,0.0,0.0,0.0,0.06-0.14,0.06-0.14,-0.12-0,-0.12-0,True,True,0.0,0.0
5105,0.003286792354433277,1909.0,5.0,7152.0,0.002908118725447403,0.003286792354433277,1909,5,Perry,Arkansas,0.002908118725447403,both,0.3286792354433277,0.3286792354433277,0.2908118725447403,0.2908118725447403,0.0,0.0,0.0,0.0,0.23-0.37,0.23-0.37,0.24-0.57,0.24-0.57,True,True,0.0,0.0
5107,0.00048346828515322186,6669.0,3.0,10670.0,0.0010152284263959391,0.00048346828515322186,6669,3,Phillips,Arkansas,0.0010152284263959391,both,0.04834682851532219,0.04834682851532219,0.10152284263959391,0.10152284263959391,0.0,0.0,0.0,0.0,0-0.06,0-0.06,0.09-0.24,0.09-0.24,True,True,0.0,0.0
5109,0.0003861003861003861,1847.0,1.0,7133.0,0.0,0.0003861003861003861,1847,1,Pike,Arkansas,0.0,both,0.03861003861003861,0.03861003861003861,0.0,0.0,0.0,0.0,0.0,0.0,0-0.06,0-0.06,-0.12-0,-0.12-0,True,True,0.0,0.0
5111,0.0017115182258754433,5855.0,6.0,15626.0,-0.0003300891240634972,0.0017115182258754433,5855,6,Poinsett,Arkansas,-0.0003300891240634972,both,0.17115182258754433,0.17115182258754433,-0.03300891240634972,-0.03300891240634972,0.0,0.0,0.0,0.0,0.14-0.23,0.14-0.23,-0.12-0,-0.12-0,True,True,0.0,0.0
5113,0.0017456477975266588,4521.0,8.0,13516.0,0.002749770852428964,0.0017456477975266588,4521,8,Polk,Arkansas,0.002749770852428964,both,0.17456477975266588,0.17456477975266588,0.27497708524289644,0.27497708524289644,0.0,0.0,0.0,0.0,0.14-0.23,0.14-0.23,0.24-0.57,0.24-0.57,True,True,0.0,0.0
5115,0.004456610192942063,24974.0,137.0,41041.0,0.007730315377819881,0.004456610192942063,24974,137,Pope,Arkansas,0.007730315377819881,both,0.4456610192942063,0.4456610192942063,0.7730315377819881,0.7730315377819881,0.0,0.0,0.0,0.0,0.37-0.70,0.37-0.70,0.57+,0.57+,True,True,0.0,0.0
5117,0.0023156225218080887,1983.0,5.0,5994.0,-0.00911854103343465,0.0023156225218080887,1983,5,Prairie,Arkansas,-0.00911854103343465,both,0.23156225218080886,0.23156225218080886,-0.911854103343465,-0.911854103343465,0.0,0.0,0.0,0.0,0.23-0.37,0.23-0.37,<-0.12,<-0.12,True,True,0.0,0.0
5119,0.01234629871243454,486419.0,8201.0,270873.0,0.02613164750900105,0.01234629871243454,486419,8201,Pulaski,Arkansas,0.02613164750900105,both,1.234629871243454,1.234629871243454,2.613164750900105,2.613164750900105,0.0,0.0,0.0,0.0,0.70+,0.70+,0.57+,0.57+,True,True,0.0,0.0
5121,0.0005747126436781609,3124.0,2.0,12793.0,-0.0032520325203252032,0.0005747126436781609,3124,2,Randolph,Arkansas,-0.0032520325203252032,both,0.05747126436781609,0.05747126436781609,-0.3252032520325203,-0.3252032520325203,0.0,0.0,0.0,0.0,0-0.06,0-0.06,<-0.12,<-0.12,True,True,0.0,0.0
5123,0.00036356669953893774,11337.0,4.0,16284.0,0.0008274720728175424,0.00036356669953893774,11337,4,St. Francis,Arkansas,0.0008274720728175424,both,0.03635666995389378,0.03635666995389378,0.08274720728175423,0.08274720728175423,0.0,0.0,0.0,0.0,0-0.06,0-0.06,0-0.09,0-0.09,True,True,0.0,0.0
5125,0.0016323659181331131,46215.0,98.0,86181.0,0.0034148088003972754,0.0016323659181331131,46215,98,Saline,Arkansas,0.0034148088003972754,both,0.16323659181331132,0.16323659181331132,0.34148088003972754,0.34148088003972754,0.0,0.0,0.0,0.0,0.14-0.23,0.14-0.23,0.24-0.57,0.24-0.57,True,True,0.0,0.0
5127,0.0008368200836820083,3061.0,4.0,6909.0,0.0,0.0008368200836820083,3061,4,Scott,Arkansas,0.0,both,0.08368200836820083,0.08368200836820083,0.0,0.0,0.0,0.0,0.0,0.0,0.06-0.14,0.06-0.14,-0.12-0,-0.12-0,True,True,0.0,0.0
5129,0.0018680899733130002,1299.0,3.0,5734.0,-0.003816793893129771,0.0018680899733130002,1299,3,Searcy,Arkansas,-0.003816793893129771,both,0.18680899733130002,0.18680899733130002,-0.38167938931297707,-0.38167938931297707,0.0,0.0,0.0,0.0,0.14-0.23,0.14-0.23,<-0.12,<-0.12,True,True,0.0,0.0
5131,0.004841082505019928,83934.0,469.0,85873.0,0.015088217537594905,0.004841082505019928,83934,469,Sebastian,Arkansas,0.015088217537594905,both,0.4841082505019928,0.4841082505019928,1.5088217537594906,1.5088217537594906,0.0,0.0,0.0,0.0,0.37-0.70,0.37-0.70,0.57+,0.57+,True,True,0.0,0.0
5133,0.0014884935796039877,2996.0,5.0,9814.0,0.007102272727272727,0.0014884935796039877,2996,5,Sevier,Arkansas,0.007102272727272727,both,0.14884935796039878,0.14884935796039878,0.7102272727272727,0.7102272727272727,0.0,0.0,0.0,0.0,0.14-0.23,0.14-0.23,0.57+,0.57+,True,True,0.0,0.0
5135,0.0063724083733817105,2783.0,17.0,12611.0,0.004067792863123744,0.0063724083733817105,2783,17,Sharp,Arkansas,0.004067792863123744,both,0.637240837338171,0.637240837338171,0.4067792863123744,0.4067792863123744,0.0,0.0,0.0,0.0,0.37-0.70,0.37-0.70,0.24-0.57,0.24-0.57,True,True,0.0,0.0
5137,0.006631718443043669,2381.0,17.0,9080.0,-0.003875968992248062,0.006631718443043669,2381,17,Stone,Arkansas,-0.003875968992248062,both,0.6631718443043668,0.6631718443043668,-0.3875968992248062,-0.3875968992248062,0.0,0.0,0.0,0.0,0.37-0.70,0.37-0.70,<-0.12,<-0.12,True,True,0.0,0.0
5139,0.002366738921097623,19862.0,48.0,26493.0,0.0023689209645007215,0.002366738921097623,19862,48,Union,Arkansas,0.0023689209645007215,both,0.23667389210976228,0.23667389210976228,0.23689209645007214,0.23689209645007214,0.0,0.0,0.0,0.0,0.23-0.37,0.23-0.37,0.09-0.24,0.09-0.24,True,True,0.0,0.0
5141,0.0022373764039579063,2890.0,7.0,11769.0,-5.2042674993494666e-05,0.0022373764039579063,2890,7,Van Buren,Arkansas,-5.2042674993494666e-05,both,0.22373764039579064,0.22373764039579064,-0.0052042674993494666,-0.0052042674993494666,0.0,0.0,0.0,0.0,0.14-0.23,0.14-0.23,-0.12-0,-0.12-0,True,True,0.0,0.0
5143,0.00747150031850404,169821.0,1468.0,151212.0,0.015845988546924854,0.00747150031850404,169821,1468,Washington,Arkansas,0.015845988546924854,both,0.747150031850404,0.747150031850404,1.5845988546924854,1.5845988546924854,0.0,0.0,0.0,0.0,0.70+,0.70+,0.57+,0.57+,True,True,0.0,0.0
5145,0.0008675408225044364,22419.0,24.0,50533.0,0.0021350297874692128,0.0008675408225044364,22419,24,White,Arkansas,0.0021350297874692128,both,0.08675408225044363,0.08675408225044363,0.21350297874692128,0.21350297874692128,0.0,0.0,0.0,0.0,0.06-0.14,0.06-0.14,0.09-0.24,0.09-0.24,True,True,0.0,0.0
5147,0.0005319148936170213,1761.0,1.0,4387.0,0.002857142857142857,0.0005319148936170213,1761,1,Woodruff,Arkansas,0.002857142857142857,both,0.05319148936170213,0.05319148936170213,0.2857142857142857,0.2857142857142857,0.0,0.0,0.0,0.0,0-0.06,0-0.06,0.24-0.57,0.24-0.57,True,True,0.0,0.0
5149,0.0009917169602973177,4152.0,5.0,13857.0,0.0011001100110011,0.0009917169602973177,4152,5,Yell,Arkansas,0.0011001100110011,both,0.09917169602973178,0.09917169602973178,0.11001100110011,0.11001100110011,0.0,0.0,0.0,0.0,0.06-0.14,0.06-0.14,0.09-0.24,0.09-0.24,True,True,0.0,0.0
5999,,,,,,0.015962787245089805,82069,2818,"[Arkansas, county not reported]",Arkansas,0.05307285949492024,right_only,,1.5962787245089805,,5.307285949492024,,,,,No data,0.70+,No data,0.57+,False,False,,
6001,0.024433803989959375,1932006.0,51324.0,1193888.0,0.0055861453861865695,0.024433803989959375,1932006,51324,Alameda,California,0.0055861453861865695,both,2.4433803989959375,2.4433803989959375,0.558614538618657,0.558614538618657,0.0,0.0,0.0,0.0,0.70+,0.70+,0.24-0.57,0.24-0.57,True,True,0.0,0.0
6003,0.0007117437722419928,2787.0,2.0,1068.0,0.0,0.0007117437722419928,2787,2,Alpine,California,0.0,both,0.07117437722419928,0.07117437722419928,0.0,0.0,0.0,0.0,0.0,0.0,0.06-0.14,0.06-0.14,-0.12-0,-0.12-0,True,True,0.0,0.0
6005,0.00337398705292183,14786.0,65.0,31901.0,0.005827968474411746,0.00337398705292183,14786,65,Amador,California,0.005827968474411746,both,0.33739870529218297,0.33739870529218297,0.5827968474411747,0.5827968474411747,0.0,0.0,0.0,0.0,0.23-0.37,0.23-0.37,0.57+,0.57+,True,True,0.0,0.0
6007,0.002747214894065335,78614.0,246.0,138986.0,0.004500094166327873,0.002747214894065335,78614,246,Butte,California,0.004500094166327873,both,0.2747214894065335,0.2747214894065335,0.4500094166327873,0.4500094166327873,0.0,0.0,0.0,0.0,0.23-0.37,0.23-0.37,0.24-0.57,0.24-0.57,True,True,0.0,0.0
6009,0.0006567590737141034,15097.0,12.0,35412.0,0.0015321756894790602,0.0006567590737141034,15097,12,Calaveras,California,0.0015321756894790602,both,0.06567590737141034,0.06567590737141034,0.15321756894790603,0.15321756894790603,0.0,0.0,0.0,0.0,0.06-0.14,0.06-0.14,0.09-0.24,0.09-0.24,True,True,0.0,0.0
6011,0.006998871645832276,6330.0,44.0,14021.0,0.0025237396142056443,0.006998871645832276,6330,44,Colusa,California,0.0025237396142056443,both,0.6998871645832276,0.6998871645832276,0.25237396142056445,0.25237396142056445,0.0,0.0,0.0,0.0,0.37-0.70,0.37-0.70,0.24-0.57,0.24-0.57,True,True,0.0,0.0
6013,0.015537706869262532,838676.0,12935.0,808485.0,-0.004308632119280507,0.015537706869262532,838676,12935,Contra Costa,California,-0.004308632119280507,both,1.553770686926253,1.553770686926253,-0.4308632119280507,-0.4308632119280507,0.0,0.0,0.0,0.0,0.70+,0.70+,<-0.12,<-0.12,True,True,0.0,0.0
6015,0.0005512679162072767,9775.0,5.0,19672.0,0.0,0.0005512679162072767,9775,5,Del Norte,California,0.0,both,0.05512679162072767,0.05512679162072767,0.0,0.0,0.0,0.0,0.0,0.0,0-0.06,0-0.06,-0.12-0,-0.12-0,True,True,0.0,0.0
6017,0.00905762064084851,80582.0,706.0,140802.0,-0.004702602599518222,0.00905762064084851,80582,706,El Dorado,California,-0.004702602599518222,both,0.905762064084851,0.905762064084851,-0.4702602599518222,-0.4702602599518222,0.0,0.0,0.0,0.0,0.70+,0.70+,<-0.12,<-0.12,True,True,0.0,0.0
6019,0.0034399884833966636,542419.0,2345.0,624392.0,0.005238117189645971,0.0034399884833966636,542419,2345,Fresno,California,0.005238117189645971,both,0.3439988483396664,0.3439988483396664,0.5238117189645971,0.5238117189645971,0.0,0.0,0.0,0.0,0.23-0.37,0.23-0.37,0.24-0.57,0.24-0.57,True,True,0.0,0.0
6021,0.0015648648954750567,5927.0,10.0,18475.0,0.003858163094707074,0.0015648648954750567,5927,10,Glenn,California,0.003858163094707074,both,0.15648648954750569,0.15648648954750569,0.38581630947070744,0.38581630947070744,0.0,0.0,0.0,0.0,0.14-0.23,0.14-0.23,0.24-0.57,0.24-0.57,True,True,0.0,0.0
6023,0.0009219020163026006,47043.0,47.0,93612.0,0.0009299273778474406,0.0009219020163026006,47043,47,Humboldt,California,0.0009299273778474406,both,0.09219020163026007,0.09219020163026007,0.09299273778474407,0.09299273778474407,0.0,0.0,0.0,0.0,0.06-0.14,0.06-0.14,0.09-0.24,0.09-0.24,True,True,0.0,0.0
6025,0.002308329983685245,35506.0,103.0,110201.0,0.007623743861747364,0.002308329983685245,35506,103,Imperial,California,0.007623743861747364,both,0.23083299836852447,0.23083299836852447,0.7623743861747364,0.7623743861747364,0.0,0.0,0.0,0.0,0.23-0.37,0.23-0.37,0.57+,0.57+,True,True,0.0,0.0
6027,0.0008434962800461778,7814.0,8.0,13867.0,0.0010993714957353653,0.0008434962800461778,7814,8,Inyo,California,0.0010993714957353653,both,0.08434962800461777,0.08434962800461777,0.10993714957353654,0.10993714957353654,0.0,0.0,0.0,0.0,0.06-0.14,0.06-0.14,0.09-0.24,0.09-0.24,True,True,0.0,0.0
6029,0.0037845610451214618,422785.0,1903.0,553334.0,0.004421920059475076,0.0037845610451214618,422785,1903,Kern,California,0.004421920059475076,both,0.3784561045121462,0.3784561045121462,0.4421920059475076,0.4421920059475076,0.0,0.0,0.0,0.0,0.37-0.70,0.37-0.70,0.24-0.57,0.24-0.57,True,True,0.0,0.0
6031,0.004425410104575799,48944.0,325.0,95084.0,0.009632136573370578,0.004425410104575799,48944,325,Kings,California,0.009632136573370578,both,0.4425410104575799,0.4425410104575799,0.9632136573370578,0.9632136573370578,0.0,0.0,0.0,0.0,0.37-0.70,0.37-0.70,0.57+,0.57+,True,True,0.0,0.0
6033,0.0011019337060383027,19785.0,25.0,48945.0,1.1620373178364784e-05,0.0011019337060383027,19785,25,Lake,California,1.1620373178364784e-05,both,0.11019337060383028,0.11019337060383028,0.0011620373178364784,0.0011620373178364784,0.0,0.0,0.0,0.0,0.06-0.14,0.06-0.14,0-0.09,0-0.09,True,True,0.0,0.0
6035,0.006091313086407662,13426.0,92.0,23744.0,-0.009305138471805138,0.006091313086407662,13426,92,Lassen,California,-0.009305138471805138,both,0.6091313086407663,0.6091313086407663,-0.9305138471805138,-0.9305138471805138,0.0,0.0,0.0,0.0,0.37-0.70,0.37-0.70,<-0.12,<-0.12,True,True,0.0,0.0
6037,0.017390952845050767,7372114.0,138089.0,6909650.0,0.004797655034050399,0.017390952845050767,7372114,138089,Los Angeles,California,0.004797655034050399,both,1.7390952845050767,1.7390952845050767,0.47976550340503993,0.47976550340503993,0.0,0.0,0.0,0.0,0.70+,0.70+,0.24-0.57,0.24-0.57,True,True,0.0,0.0
6039,0.0008650998275761097,50617.0,64.0,99045.0,0.002248044538783373,0.0008650998275761097,50617,64,Madera,California,0.002248044538783373,both,0.08650998275761097,0.08650998275761097,0.2248044538783373,0.2248044538783373,0.0,0.0,0.0,0.0,0.06-0.14,0.06-0.14,0.09-0.24,0.09-0.24,True,True,0.0,0.0
6041,0.013073416676908003,244963.0,3243.0,191565.0,-0.010522387326757433,0.013073416676908003,244963,3243,Marin,California,-0.010522387326757433,both,1.3073416676908003,1.3073416676908003,-1.0522387326757432,-1.0522387326757432,0.0,0.0,0.0,0.0,0.70+,0.70+,<-0.12,<-0.12,True,True,0.0,0.0
6043,0.000833995183752556,6974.0,6.0,13371.0,-0.0009724779809572751,0.000833995183752556,6974,6,Mariposa,California,-0.0009724779809572751,both,0.0833995183752556,0.0833995183752556,-0.0972477980957275,-0.0972477980957275,0.0,0.0,0.0,0.0,0.06-0.14,0.06-0.14,-0.12-0,-0.12-0,True,True,0.0,0.0
6045,0.0013277764866089358,32464.0,44.0,65163.0,0.00016551746028243826,0.0013277764866089358,32464,44,Mendocino,California,0.00016551746028243826,both,0.1327776486608936,0.1327776486608936,0.016551746028243827,0.016551746028243827,0.0,0.0,0.0,0.0,0.06-0.14,0.06-0.14,0-0.09,0-0.09,True,True,0.0,0.0
6047,0.002482474293404975,82207.0,269.0,168503.0,0.006362782810778119,0.002482474293404975,82207,269,Merced,California,0.006362782810778119,both,0.24824742934049748,0.24824742934049748,0.6362782810778119,0.6362782810778119,0.0,0.0,0.0,0.0,0.23-0.37,0.23-0.37,0.57+,0.57+,True,True,0.0,0.0
6049,0.0035460515791897206,4033.0,17.0,6511.0,-0.0015114952041607498,0.0035460515791897206,4033,17,Modoc,California,-0.0015114952041607498,both,0.35460515791897207,0.35460515791897207,-0.151149520416075,-0.151149520416075,0.0,0.0,0.0,0.0,0.23-0.37,0.23-0.37,<-0.12,<-0.12,True,True,0.0,0.0
6051,0.0010385938280345122,7122.0,8.0,9628.0,0.0017953321364452424,0.0010385938280345122,7122,8,Mono,California,0.0017953321364452424,both,0.10385938280345122,0.10385938280345122,0.17953321364452424,0.17953321364452424,0.0,0.0,0.0,0.0,0.06-0.14,0.06-0.14,0.09-0.24,0.09-0.24,True,True,0.0,0.0
6053,0.006273876635310262,205877.0,1258.0,279734.0,-0.0007721327737585859,0.006273876635310262,205877,1258,Monterey,California,-0.0007721327737585859,both,0.6273876635310263,0.6273876635310263,-0.07721327737585859,-0.07721327737585859,0.0,0.0,0.0,0.0,0.37-0.70,0.37-0.70,-0.12-0,-0.12-0,True,True,0.0,0.0
6055,0.0026003197499828968,126804.0,295.0,98232.0,-0.0009379271404445799,0.0026003197499828968,126804,295,Napa,California,-0.0009379271404445799,both,0.26003197499828967,0.26003197499828967,-0.09379271404445799,-0.09379271404445799,0.0,0.0,0.0,0.0,0.23-0.37,0.23-0.37,-0.12-0,-0.12-0,True,True,0.0,0.0
6057,0.0035372135802779897,55099.0,214.0,79007.0,0.0029565639923569338,0.0035372135802779897,55099,214,Nevada,California,0.0029565639923569338,both,0.35372135802779897,0.35372135802779897,0.29565639923569337,0.29565639923569337,0.0,0.0,0.0,0.0,0.23-0.37,0.23-0.37,0.24-0.57,0.24-0.57,True,True,0.0,0.0
6059,0.016498684848111032,3248842.0,57990.0,2197677.0,0.0052001331000680155,0.016498684848111032,3248842,57990,Orange,California,0.0052001331000680155,both,1.6498684848111032,1.6498684848111032,0.5200133100068015,0.5200133100068015,0.0,0.0,0.0,0.0,0.70+,0.70+,0.24-0.57,0.24-0.57,True,True,0.0,0.0
6061,0.005860787265732796,290435.0,1671.0,286915.0,-0.0001806990916789833,0.005860787265732796,290435,1671,Placer,California,-0.0001806990916789833,both,0.5860787265732796,0.5860787265732796,-0.01806990916789833,-0.01806990916789833,0.0,0.0,0.0,0.0,0.37-0.70,0.37-0.70,-0.12-0,-0.12-0,True,True,0.0,0.0
6063,0.0017824552266542393,9216.0,21.0,15236.0,0.002166239064680816,0.0017824552266542393,9216,21,Plumas,California,0.002166239064680816,both,0.17824552266542393,0.17824552266542393,0.2166239064680816,0.2166239064680816,0.0,0.0,0.0,0.0,0.14-0.23,0.14-0.23,0.09-0.24,0.09-0.24,True,True,0.0,0.0
6065,0.002218038285917046,1159524.0,2832.0,1594000.0,0.0008385662935126025,0.002218038285917046,1159524,2832,Riverside,California,0.0008385662935126025,both,0.2218038285917046,0.2218038285917046,0.08385662935126025,0.08385662935126025,0.0,0.0,0.0,0.0,0.14-0.23,0.14-0.23,0-0.09,0-0.09,True,True,0.0,0.0
6067,0.01322220921801678,1255189.0,17806.0,1077155.0,0.0022202946948646878,0.01322220921801678,1255189,17806,Sacramento,California,0.0022202946948646878,both,1.322220921801678,1.322220921801678,0.2220294694864688,0.2220294694864688,0.0,0.0,0.0,0.0,0.70+,0.70+,0.09-0.24,0.09-0.24,True,True,0.0,0.0
6069,0.004893134671210312,18290.0,101.0,42300.0,-0.004493815268138453,0.004893134671210312,18290,101,San Benito,California,-0.004493815268138453,both,0.4893134671210312,0.4893134671210312,-0.4493815268138453,-0.4493815268138453,0.0,0.0,0.0,0.0,0.37-0.70,0.37-0.70,<-0.12,<-0.12,True,True,0.0,0.0
6071,0.004011376027714137,1239532.0,5473.0,1388742.0,0.0011773370490130658,0.004011376027714137,1239532,5473,San Bernardino,California,0.0011773370490130658,both,0.4011376027714137,0.4011376027714137,0.11773370490130658,0.11773370490130658,0.0,0.0,0.0,0.0,0.37-0.70,0.37-0.70,0.09-0.24,0.09-0.24,True,True,0.0,0.0
6073,0.02353787288153565,3095420.0,78371.0,2257620.0,0.005792959858377491,0.02353787288153565,3095420,78371,San Diego,California,0.005792959858377491,both,2.353787288153565,2.353787288153565,0.5792959858377491,0.5792959858377491,0.0,0.0,0.0,0.0,0.70+,0.70+,0.57+,0.57+,True,True,0.0,0.0
6075,0.06449518072350797,2482048.0,166448.0,680343.0,0.02003338652153973,0.06449518072350797,2482048,166448,San Francisco,California,0.02003338652153973,both,6.449518072350798,6.449518072350798,2.003338652153973,2.003338652153973,0.0,0.0,0.0,0.0,0.70+,0.70+,0.57+,0.57+,True,True,0.0,0.0
6077,0.0016340364354812769,460327.0,884.0,495879.0,0.0015302496420868204,0.0016340364354812769,460327,884,San Joaquin,California,0.0015302496420868204,both,0.1634036435481277,0.1634036435481277,0.15302496420868203,0.15302496420868203,0.0,0.0,0.0,0.0,0.14-0.23,0.14-0.23,0.09-0.24,0.09-0.24,True,True,0.0,0.0
6079,0.005289509618855532,139208.0,778.0,189527.0,0.0003756854232143574,0.005289509618855532,139208,778,San Luis Obispo,California,0.0003756854232143574,both,0.5289509618855532,0.5289509618855532,0.037568542321435736,0.037568542321435736,0.0,0.0,0.0,0.0,0.37-0.70,0.37-0.70,0-0.09,0-0.09,True,True,0.0,0.0
6081,0.05561384778407545,1117804.0,64596.0,547817.0,0.007686123791805936,0.05561384778407545,1117804,64596,San Mateo,California,0.007686123791805936,both,5.561384778407545,5.561384778407545,0.7686123791805937,0.7686123791805937,0.0,0.0,0.0,0.0,0.70+,0.70+,0.57+,0.57+,True,True,0.0,0.0
6083,0.01166304031918103,283812.0,3455.0,277891.0,-0.0011263697294391882,0.01166304031918103,283812,3455,Santa Barbara,California,-0.0011263697294391882,both,1.166304031918103,1.166304031918103,-0.11263697294391882,-0.11263697294391882,0.0,0.0,0.0,0.0,0.70+,0.70+,-0.12-0,-0.12-0,True,True,0.0,0.0
6085,0.0834102927930741,3156465.0,275960.0,1341405.0,0.0039152306212778265,0.0834102927930741,3156465,275960,Santa Clara,California,0.0039152306212778265,both,8.34102927930741,8.34102927930741,0.39152306212778265,0.39152306212778265,0.0,0.0,0.0,0.0,0.70+,0.70+,0.24-0.57,0.24-0.57,True,True,0.0,0.0
6087,0.007900649986357228,161121.0,1403.0,180171.0,0.004336127404431321,0.007900649986357228,161121,1403,Santa Cruz,California,0.004336127404431321,both,0.7900649986357228,0.7900649986357228,0.43361274044313214,0.43361274044313214,0.0,0.0,0.0,0.0,0.70+,0.70+,0.24-0.57,0.24-0.57,True,True,0.0,0.0
6089,0.0014271815097935735,77313.0,116.0,128883.0,0.0009632779605743508,0.0014271815097935735,77313,116,Shasta,California,0.0009632779605743508,both,0.14271815097935736,0.14271815097935736,0.09632779605743508,0.09632779605743508,0.0,0.0,0.0,0.0,0.14-0.23,0.14-0.23,0.09-0.24,0.09-0.24,True,True,0.0,0.0
6091,0.0035178552891103497,1576.0,3.0,2249.0,0.004081632653061225,0.0035178552891103497,1576,3,Sierra,California,0.004081632653061225,both,0.351785528911035,0.351785528911035,0.40816326530612246,0.40816326530612246,0.0,0.0,0.0,0.0,0.23-0.37,0.23-0.37,0.24-0.57,0.24-0.57,True,True,0.0,0.0
6093,0.0012372634643377002,11454.0,17.0,32134.0,0.0,0.0012372634643377002,11454,17,Siskiyou,California,0.0,both,0.12372634643377002,0.12372634643377002,0.0,0.0,0.0,0.0,0.0,0.0,0.06-0.14,0.06-0.14,-0.12-0,-0.12-0,True,True,0.0,0.0
6095,0.0021778361042542934,269159.0,645.0,312706.0,0.001702529689922127,0.0021778361042542934,269159,645,Solano,California,0.001702529689922127,both,0.21778361042542935,0.21778361042542935,0.1702529689922127,0.1702529689922127,0.0,0.0,0.0,0.0,0.14-0.23,0.14-0.23,0.09-0.24,0.09-0.24,True,True,0.0,0.0
6097,0.0035399473746924683,348389.0,1255.0,354851.0,0.0008595081567131769,0.0035399473746924683,348389,1255,Sonoma,California,0.0008595081567131769,both,0.3539947374692468,0.3539947374692468,0.08595081567131768,0.08595081567131768,0.0,0.0,0.0,0.0,0.23-0.37,0.23-0.37,0-0.09,0-0.09,True,True,0.0,0.0
6099,0.00295444973851875,316050.0,1054.0,350685.0,-0.0004986488650327047,0.00295444973851875,316050,1054,Stanislaus,California,-0.0004986488650327047,both,0.295444973851875,0.295444973851875,-0.04986488650327047,-0.04986488650327047,0.0,0.0,0.0,0.0,0.23-0.37,0.23-0.37,-0.12-0,-0.12-0,True,True,0.0,0.0
6101,0.0010046069488531422,37038.0,49.0,64986.0,0.0009767068040198363,0.0010046069488531422,37038,49,Sutter,California,0.0009767068040198363,both,0.10046069488531423,0.10046069488531423,0.09767068040198364,0.09767068040198364,0.0,0.0,0.0,0.0,0.06-0.14,0.06-0.14,0.09-0.24,0.09-0.24,True,True,0.0,0.0
6103,0.0008971973705294324,16087.0,15.0,44986.0,0.001166316771635176,0.0008971973705294324,16087,15,Tehama,California,0.001166316771635176,both,0.08971973705294324,0.08971973705294324,0.1166316771635176,0.1166316771635176,0.0,0.0,0.0,0.0,0.06-0.14,0.06-0.14,0.09-0.24,0.09-0.24,True,True,0.0,0.0
6105,0.0006675877314175187,2773.0,2.0,12553.0,0.0,0.0006675877314175187,2773,2,Trinity,California,0.0,both,0.06675877314175187,0.06675877314175187,0.0,0.0,0.0,0.0,0.0,0.0,0.06-0.14,0.06-0.14,-0.12-0,-0.12-0,True,True,0.0,0.0
6107,0.0024478825216527446,159462.0,467.0,280911.0,5.768714569440994e-05,0.0024478825216527446,159462,467,Tulare,California,5.768714569440994e-05,both,0.24478825216527447,0.24478825216527447,0.005768714569440994,0.005768714569440994,0.0,0.0,0.0,0.0,0.23-0.37,0.23-0.37,0-0.09,0-0.09,True,True,0.0,0.0
6109,0.004503301655435342,23813.0,90.0,42078.0,-0.010840143486424089,0.004503301655435342,23813,90,Tuolumne,California,-0.010840143486424089,both,0.45033016554353417,0.45033016554353417,-1.0840143486424088,-1.0840143486424088,0.0,0.0,0.0,0.0,0.37-0.70,0.37-0.70,<-0.12,<-0.12,True,True,0.0,0.0
6111,0.011301636996150655,642157.0,7641.0,575974.0,0.002179529827098679,0.011301636996150655,642157,7641,Ventura,California,0.002179529827098679,both,1.1301636996150655,1.1301636996150655,0.2179529827098679,0.2179529827098679,0.0,0.0,0.0,0.0,0.70+,0.70+,0.09-0.24,0.09-0.24,True,True,0.0,0.0
6113,0.009152349675497846,208628.0,2004.0,129126.0,0.0024236534386944068,0.009152349675497846,208628,2004,Yolo,California,0.0024236534386944068,both,0.9152349675497846,0.9152349675497846,0.24236534386944067,0.24236534386944067,0.0,0.0,0.0,0.0,0.70+,0.70+,0.24-0.57,0.24-0.57,True,True,0.0,0.0
6115,0.004692213855170139,21364.0,100.0,51600.0,-0.004368966029799628,0.004692213855170139,21364,100,Yuba,California,-0.004368966029799628,both,0.4692213855170139,0.4692213855170139,-0.4368966029799628,-0.4368966029799628,0.0,0.0,0.0,0.0,0.37-0.70,0.37-0.70,<-0.12,<-0.12,True,True,0.0,0.0
6999,,,,,,0.023095321255158546,128129,3968,"[California, county not reported]",California,0.04157376071850433,right_only,,2.3095321255158545,,4.1573760718504325,,,,,No data,0.70+,No data,0.57+,False,False,,
8001,0.015672970876295166,613087.0,10675.0,338792.0,0.0023184875318903557,0.015672970876295166,613087,10675,Adams,Colorado,0.0023184875318903557,both,1.5672970876295167,1.5672970876295167,0.23184875318903558,0.23184875318903558,0.0,0.0,0.0,0.0,0.70+,0.70+,0.09-0.24,0.09-0.24,True,True,0.0,0.0
8003,0.00233168166505924,9192.0,25.0,9807.0,0.00816326530612245,0.00233168166505924,9192,25,Alamosa,Colorado,0.00816326530612245,both,0.23316816650592398,0.23316816650592398,0.8163265306122449,0.8163265306122449,0.0,0.0,0.0,0.0,0.23-0.37,0.23-0.37,0.57+,0.57+,True,True,0.0,0.0
8005,0.02606799906753165,1050396.0,29295.0,450081.0,0.005753019912641016,0.02606799906753165,1050396,29295,Arapahoe,Colorado,0.005753019912641016,both,2.6067999067531646,2.6067999067531646,0.5753019912641016,0.5753019912641016,0.0,0.0,0.0,0.0,0.70+,0.70+,0.57+,0.57+,True,True,0.0,0.0
8007,0.0,4075.0,0.0,10417.0,0.0,0.0,4075,0,Archuleta,Colorado,0.0,both,0.0,0.0,0.0,0.0,0.0,0.0,0.0,0.0,0-0.06,0-0.06,-0.12-0,-0.12-0,True,True,0.0,0.0
8009,0.0054896550747411555,1333.0,8.0,2504.0,-0.004291845493562232,0.0054896550747411555,1333,8,Baca,Colorado,-0.004291845493562232,both,0.5489655074741155,0.5489655074741155,-0.4291845493562232,-0.4291845493562232,0.0,0.0,0.0,0.0,0.37-0.70,0.37-0.70,<-0.12,<-0.12,True,True,0.0,0.0
8011,0.0008849557522123894,1045.0,1.0,4265.0,0.0,0.0008849557522123894,1045,1,Bent,Colorado,0.0,both,0.08849557522123894,0.08849557522123894,0.0,0.0,0.0,0.0,0.0,0.0,0.06-0.14,0.06-0.14,-0.12-0,-0.12-0,True,True,0.0,0.0
8013,0.03199081635436675,476051.0,16692.0,217821.0,0.006107154303115737,0.03199081635436675,476051,16692,Boulder,Colorado,0.006107154303115737,both,3.199081635436675,3.199081635436675,0.6107154303115737,0.6107154303115737,0.0,0.0,0.0,0.0,0.70+,0.70+,0.57+,0.57+,True,True,0.0,0.0
8014,0.03298154523550262,106497.0,3677.0,52126.0,0.0005199726801625448,0.03298154523550262,106497,3677,Broomfield,Colorado,0.0005199726801625448,both,3.298154523550262,3.298154523550262,0.05199726801625448,0.05199726801625448,0.0,0.0,0.0,0.0,0.70+,0.70+,0-0.09,0-0.09,True,True,0.0,0.0
8015,0.0,8672.0,0.0,15510.0,0.0,0.0,8672,0,Chaffee,Colorado,0.0,both,0.0,0.0,0.0,0.0,0.0,0.0,0.0,0.0,0-0.06,0-0.06,-0.12-0,-0.12-0,True,True,0.0,0.0
8017,0.02666568086968866,2993.0,135.0,1225.0,-0.0418523372651813,0.02666568086968866,2993,135,Cheyenne,Colorado,-0.0418523372651813,both,2.6665680869688657,2.6665680869688657,-4.185233726518129,-4.185233726518129,0.0,0.0,0.0,0.0,0.70+,0.70+,<-0.12,<-0.12,True,True,0.0,0.0
8019,0.0015731676642549274,5167.0,9.0,7643.0,0.0014781966001478197,0.0015731676642549274,5167,9,Clear Creek,Colorado,0.0014781966001478197,both,0.15731676642549275,0.15731676642549275,0.14781966001478197,0.14781966001478197,0.0,0.0,0.0,0.0,0.14-0.23,0.14-0.23,0.09-0.24,0.09-0.24,True,True,0.0,0.0
8021,0.041175201583964975,1531.0,72.0,4978.0,0.010489424797196278,0.041175201583964975,1531,72,Conejos,Colorado,0.010489424797196278,both,4.1175201583964975,4.1175201583964975,1.0489424797196278,1.0489424797196278,0.0,0.0,0.0,0.0,0.70+,0.70+,0.57+,0.57+,True,True,0.0,0.0
8023,0.043741476079910045,894.0,43.0,2617.0,0.06221719457013575,0.043741476079910045,894,43,Costilla,Colorado,0.06221719457013575,both,4.374147607991005,4.374147607991005,6.221719457013575,6.221719457013575,0.0,0.0,0.0,0.0,0.70+,0.70+,0.57+,0.57+,True,True,0.0,0.0
8025,0.0005649717514124294,1190.0,1.0,4191.0,0.0,0.0005649717514124294,1190,1,Crowley,Colorado,0.0,both,0.05649717514124294,0.05649717514124294,0.0,0.0,0.0,0.0,0.0,0.0,0-0.06,0-0.06,-0.12-0,-0.12-0,True,True,0.0,0.0
8027,0.001904761904761905,911.0,2.0,3787.0,-0.008968609865470852,0.001904761904761905,911,2,Custer,Colorado,-0.008968609865470852,both,0.1904761904761905,0.1904761904761905,-0.8968609865470852,-0.8968609865470852,0.0,0.0,0.0,0.0,0.14-0.23,0.14-0.23,<-0.12,<-0.12,True,True,0.0,0.0
8029,0.0016921253740815267,10532.0,18.0,22899.0,0.003846672263144827,0.0016921253740815267,10532,18,Delta,Colorado,0.003846672263144827,both,0.16921253740815267,0.16921253740815267,0.3846672263144827,0.3846672263144827,0.0,0.0,0.0,0.0,0.14-0.23,0.14-0.23,0.24-0.57,0.24-0.57,True,True,0.0,0.0
8031,0.02442053940289448,1362294.0,37005.0,519431.0,0.009561137054555403,0.02442053940289448,1362294,37005,Denver,Colorado,0.009561137054555403,both,2.442053940289448,2.442053940289448,0.9561137054555403,0.9561137054555403,0.0,0.0,0.0,0.0,0.70+,0.70+,0.57+,0.57+,True,True,0.0,0.0
8033,0.0013333333333333335,488.0,1.0,1907.0,0.0,0.0013333333333333335,488,1,Dolores,Colorado,0.0,both,0.13333333333333336,0.13333333333333336,0.0,0.0,0.0,0.0,0.0,0.0,0.06-0.14,0.06-0.14,-0.12-0,-0.12-0,True,True,0.0,0.0
8035,0.013136447715931277,275545.0,4000.0,243113.0,0.002155091879396071,0.013136447715931277,275545,4000,Douglas,Colorado,0.002155091879396071,both,1.3136447715931276,1.3136447715931276,0.2155091879396071,0.2155091879396071,0.0,0.0,0.0,0.0,0.70+,0.70+,0.09-0.24,0.09-0.24,True,True,0.0,0.0
8037,0.001058852451375685,65043.0,68.0,40007.0,0.002168456772467006,0.001058852451375685,65043,68,Eagle,Colorado,0.002168456772467006,both,0.1058852451375685,0.1058852451375685,0.21684567724670062,0.21684567724670062,0.0,0.0,0.0,0.0,0.06-0.14,0.06-0.14,0.09-0.24,0.09-0.24,True,True,0.0,0.0
8039,0.0007494986714984261,6448.0,4.0,19030.0,0.0005518763796909492,0.0007494986714984261,6448,4,Elbert,Colorado,0.0005518763796909492,both,0.07494986714984261,0.07494986714984261,0.05518763796909492,0.05518763796909492,0.0,0.0,0.0,0.0,0.06-0.14,0.06-0.14,0-0.09,0-0.09,True,True,0.0,0.0
8041,0.021336844575675622,724725.0,17764.0,478864.0,0.01556785527543866,0.021336844575675622,724725,17764,El Paso,Colorado,0.01556785527543866,both,2.133684457567562,2.133684457567562,1.556785527543866,1.556785527543866,0.0,0.0,0.0,0.0,0.70+,0.70+,0.57+,0.57+,True,True,0.0,0.0
8043,0.001976991140027918,18136.0,37.0,38046.0,0.0019791941661023308,0.001976991140027918,18136,37,Fremont,Colorado,0.0019791941661023308,both,0.1976991140027918,0.1976991140027918,0.19791941661023307,0.19791941661023307,0.0,0.0,0.0,0.0,0.14-0.23,0.14-0.23,0.09-0.24,0.09-0.24,True,True,0.0,0.0
8045,0.0007477334390810878,32509.0,23.0,41298.0,0.0003250623036081916,0.0007477334390810878,32509,23,Garfield,Colorado,0.0003250623036081916,both,0.07477334390810877,0.07477334390810877,0.032506230360819156,0.032506230360819156,0.0,0.0,0.0,0.0,0.06-0.14,0.06-0.14,0-0.09,0-0.09,True,True,0.0,0.0
8047,0.0003863148104527271,20187.0,10.0,4658.0,0.0009715812484819043,0.0003863148104527271,20187,10,Gilpin,Colorado,0.0009715812484819043,both,0.03863148104527271,0.03863148104527271,0.09715812484819043,0.09715812484819043,0.0,0.0,0.0,0.0,0-0.06,0-0.06,0.09-0.24,0.09-0.24,True,True,0.0,0.0
8049,0.0013132141171464408,13556.0,21.0,12048.0,0.001762085909471392,0.0013132141171464408,13556,21,Grand,Colorado,0.001762085909471392,both,0.1313214117146441,0.1313214117146441,0.1762085909471392,0.1762085909471392,0.0,0.0,0.0,0.0,0.06-0.14,0.06-0.14,0.09-0.24,0.09-0.24,True,True,0.0,0.0
8051,0.004617613417846387,11381.0,44.0,11260.0,0.0015944428127697826,0.004617613417846387,11381,44,Gunnison,Colorado,0.0015944428127697826,both,0.46176134178463873,0.46176134178463873,0.15944428127697827,0.15944428127697827,0.0,0.0,0.0,0.0,0.37-0.70,0.37-0.70,0.09-0.24,0.09-0.24,True,True,0.0,0.0
8053,0.0,157.0,0.0,787.0,0.0,0.0,157,0,Hinsdale,Colorado,0.0,both,0.0,0.0,0.0,0.0,0.0,0.0,0.0,0.0,0-0.06,0-0.06,-0.12-0,-0.12-0,True,True,0.0,0.0
8055,0.002421541772544126,2174.0,6.0,5162.0,-0.0026041666666666665,0.002421541772544126,2174,6,Huerfano,Colorado,-0.0026041666666666665,both,0.2421541772544126,0.2421541772544126,-0.26041666666666663,-0.26041666666666663,0.0,0.0,0.0,0.0,0.23-0.37,0.23-0.37,<-0.12,<-0.12,True,True,0.0,0.0
8057,0.004765387664362463,1298.0,5.0,1076.0,-0.008345212639581849,0.004765387664362463,1298,5,Jackson,Colorado,-0.008345212639581849,both,0.47653876643624626,0.47653876643624626,-0.8345212639581848,-0.8345212639581848,0.0,0.0,0.0,0.0,0.37-0.70,0.37-0.70,<-0.12,<-0.12,True,True,0.0,0.0
8059,0.017292548433000692,829503.0,15802.0,424697.0,0.0030878119386618073,0.017292548433000692,829503,15802,Jefferson,Colorado,0.0030878119386618073,both,1.7292548433000692,1.7292548433000692,0.30878119386618075,0.30878119386618075,0.0,0.0,0.0,0.0,0.70+,0.70+,0.24-0.57,0.24-0.57,True,True,0.0,0.0
8061,0.0,334.0,0.0,930.0,0.0,0.0,334,0,Kiowa,Colorado,0.0,both,0.0,0.0,0.0,0.0,0.0,0.0,0.0,0.0,0-0.06,0-0.06,-0.12-0,-0.12-0,True,True,0.0,0.0
8063,0.00403934407972272,4403.0,12.0,4798.0,0.002,0.00403934407972272,4403,12,Kit Carson,Colorado,0.002,both,0.403934407972272,0.403934407972272,0.2,0.2,0.0,0.0,0.0,0.0,0.37-0.70,0.37-0.70,0.09-0.24,0.09-0.24,True,True,0.0,0.0
8065,0.015854814971290578,4584.0,75.0,5276.0,-0.06365667241222898,0.015854814971290578,4584,75,Lake,Colorado,-0.06365667241222898,both,1.5854814971290578,1.5854814971290578,-6.365667241222899,-6.365667241222899,0.0,0.0,0.0,0.0,0.70+,0.70+,<-0.12,<-0.12,True,True,0.0,0.0
8067,0.0013427606151171217,27417.0,36.0,40389.0,-0.0005638138634796095,0.0013427606151171217,27417,36,La Plata,Colorado,-0.0005638138634796095,both,0.13427606151171217,0.13427606151171217,-0.05638138634796094,-0.05638138634796094,0.0,0.0,0.0,0.0,0.06-0.14,0.06-0.14,-0.12-0,-0.12-0,True,True,0.0,0.0
8069,0.012905793427435128,328550.0,4356.0,239134.0,0.0021345264235545086,0.012905793427435128,328550,4356,Larimer,Colorado,0.0021345264235545086,both,1.2905793427435128,1.2905793427435128,0.21345264235545086,0.21345264235545086,0.0,0.0,0.0,0.0,0.70+,0.70+,0.09-0.24,0.09-0.24,True,True,0.0,0.0
8071,0.0013945444430450552,3557.0,5.0,10599.0,0.0017301038062283738,0.0013945444430450552,3557,5,Las Animas,Colorado,0.0017301038062283738,both,0.13945444430450551,0.13945444430450551,0.17301038062283738,0.17301038062283738,0.0,0.0,0.0,0.0,0.06-0.14,0.06-0.14,0.09-0.24,0.09-0.24,True,True,0.0,0.0
8073,0.002178030303030303,3243.0,9.0,4203.0,0.0,0.002178030303030303,3243,9,Lincoln,Colorado,0.0,both,0.21780303030303033,0.21780303030303033,0.0,0.0,0.0,0.0,0.0,0.0,0.14-0.23,0.14-0.23,-0.12-0,-0.12-0,True,True,0.0,0.0
8075,0.0010023998763198237,11139.0,11.0,15042.0,-0.00015755258849913423,0.0010023998763198237,11139,11,Logan,Colorado,-0.00015755258849913423,both,0.10023998763198237,0.10023998763198237,-0.015755258849913422,-0.015755258849913422,0.0,0.0,0.0,0.0,0.06-0.14,0.06-0.14,-0.12-0,-0.12-0,True,True,0.0,0.0
8077,0.0014180259498384816,83084.0,129.0,109465.0,0.00034932075277926034,0.0014180259498384816,83084,129,Mesa,Colorado,0.00034932075277926034,both,0.14180259498384815,0.14180259498384815,0.034932075277926036,0.034932075277926036,0.0,0.0,0.0,0.0,0.14-0.23,0.14-0.23,0-0.09,0-0.09,True,True,0.0,0.0
8079,0.0,191.0,0.0,685.0,0.0,0.0,191,0,Mineral,Colorado,0.0,both,0.0,0.0,0.0,0.0,0.0,0.0,0.0,0.0,0-0.06,0-0.06,-0.12-0,-0.12-0,True,True,0.0,0.0
8081,0.0004905591295621429,8128.0,5.0,9006.0,0.0005422964644634751,0.0004905591295621429,8128,5,Moffat,Colorado,0.0005422964644634751,both,0.049055912956214295,0.049055912956214295,0.054229646446347514,0.054229646446347514,0.0,0.0,0.0,0.0,0-0.06,0-0.06,0-0.09,0-0.09,True,True,0.0,0.0
8083,0.001271336520994293,10424.0,12.0,18740.0,0.00042301184433164127,0.001271336520994293,10424,12,Montezuma,Colorado,0.00042301184433164127,both,0.12713365209942928,0.12713365209942928,0.04230118443316413,0.04230118443316413,0.0,0.0,0.0,0.0,0.06-0.14,0.06-0.14,0-0.09,0-0.09,True,True,0.0,0.0
8085,0.0013038772726990287,21276.0,31.0,31003.0,0.00010674770792574323,0.0013038772726990287,21276,31,Montrose,Colorado,0.00010674770792574323,both,0.13038772726990286,0.13038772726990286,0.010674770792574322,0.010674770792574322,0.0,0.0,0.0,0.0,0.06-0.14,0.06-0.14,0-0.09,0-0.09,True,True,0.0,0.0
8087,0.0011012285354241405,19987.0,27.0,18881.0,0.0017901147848507137,0.0011012285354241405,19987,27,Morgan,Colorado,0.0017901147848507137,both,0.11012285354241405,0.11012285354241405,0.17901147848507137,0.17901147848507137,0.0,0.0,0.0,0.0,0.06-0.14,0.06-0.14,0.09-0.24,0.09-0.24,True,True,0.0,0.0
8089,0.001492342235598379,5799.0,11.0,12641.0,0.0,0.001492342235598379,5799,11,Otero,Colorado,0.0,both,0.1492342235598379,0.1492342235598379,0.0,0.0,0.0,0.0,0.0,0.0,0.14-0.23,0.14-0.23,-0.12-0,-0.12-0,True,True,0.0,0.0
8091,0.0015584415584415584,756.0,2.0,4175.0,0.0,0.0015584415584415584,756,2,Ouray,Colorado,0.0,both,0.15584415584415584,0.15584415584415584,0.0,0.0,0.0,0.0,0.0,0.0,0.14-0.23,0.14-0.23,-0.12-0,-0.12-0,True,True,0.0,0.0
8093,0.0018927102922895484,4185.0,5.0,14180.0,0.0,0.0018927102922895484,4185,5,Park,Colorado,0.0,both,0.18927102922895483,0.18927102922895483,0.0,0.0,0.0,0.0,0.0,0.0,0.14-0.23,0.14-0.23,-0.12-0,-0.12-0,True,True,0.0,0.0
8095,0.0029680037808293104,2507.0,7.0,2966.0,-0.002935339425630865,0.0029680037808293104,2507,7,Phillips,Colorado,-0.002935339425630865,both,0.296800378082931,0.296800378082931,-0.2935339425630865,-0.2935339425630865,0.0,0.0,0.0,0.0,0.23-0.37,0.23-0.37,<-0.12,<-0.12,True,True,0.0,0.0
8097,0.0015756118076904562,26067.0,39.0,13499.0,-0.0004634955621508341,0.0015756118076904562,26067,39,Pitkin,Colorado,-0.0004634955621508341,both,0.15756118076904563,0.15756118076904563,-0.04634955621508341,-0.04634955621508341,0.0,0.0,0.0,0.0,0.14-0.23,0.14-0.23,-0.12-0,-0.12-0,True,True,0.0,0.0
8099,0.0008977224830591971,5324.0,5.0,7543.0,0.0006013678511527665,0.0008977224830591971,5324,5,Prowers,Colorado,0.0006013678511527665,both,0.08977224830591972,0.08977224830591972,0.060136785115276654,0.060136785115276654,0.0,0.0,0.0,0.0,0.06-0.14,0.06-0.14,0-0.09,0-0.09,True,True,0.0,0.0
8101,0.003805340066141127,112954.0,482.0,115954.0,0.0017308648971237862,0.003805340066141127,112954,482,Pueblo,Colorado,0.0017308648971237862,both,0.3805340066141127,0.3805340066141127,0.1730864897123786,0.1730864897123786,0.0,0.0,0.0,0.0,0.37-0.70,0.37-0.70,0.09-0.24,0.09-0.24,True,True,0.0,0.0
8103,0.0006493506493506494,4014.0,3.0,4343.0,0.0023961661341853034,0.0006493506493506494,4014,3,Rio Blanco,Colorado,0.0023961661341853034,both,0.06493506493506493,0.06493506493506493,0.23961661341853036,0.23961661341853036,0.0,0.0,0.0,0.0,0.06-0.14,0.06-0.14,0.09-0.24,0.09-0.24,True,True,0.0,0.0
8105,0.0006984806322566054,4821.0,4.0,8092.0,0.002369668246445498,0.0006984806322566054,4821,4,Rio Grande,Colorado,0.002369668246445498,both,0.06984806322566053,0.06984806322566053,0.23696682464454977,0.23696682464454977,0.0,0.0,0.0,0.0,0.06-0.14,0.06-0.14,0.09-0.24,0.09-0.24,True,True,0.0,0.0
8107,0.0019797948057278794,17366.0,34.0,18742.0,-0.0007193945750435774,0.0019797948057278794,17366,34,Routt,Colorado,-0.0007193945750435774,both,0.19797948057278794,0.19797948057278794,-0.07193945750435773,-0.07193945750435773,0.0,0.0,0.0,0.0,0.14-0.23,0.14-0.23,-0.12-0,-0.12-0,True,True,0.0,0.0
8109,0.0,475.0,0.0,4901.0,0.0,0.0,475,0,Saguache,Colorado,0.0,both,0.0,0.0,0.0,0.0,0.0,0.0,0.0,0.0,0-0.06,0-0.06,-0.12-0,-0.12-0,True,True,0.0,0.0
8111,0.0,261.0,0.0,552.0,0.0,0.0,261,0,San Juan,Colorado,0.0,both,0.0,0.0,0.0,0.0,0.0,0.0,0.0,0.0,0-0.06,0-0.06,-0.12-0,-0.12-0,True,True,0.0,0.0
8113,0.0006386683113612417,4437.0,3.0,6282.0,0.0008960573476702509,0.0006386683113612417,4437,3,San Miguel,Colorado,0.0008960573476702509,both,0.06386683113612417,0.06386683113612417,0.08960573476702509,0.08960573476702509,0.0,0.0,0.0,0.0,0.06-0.14,0.06-0.14,0-0.09,0-0.09,True,True,0.0,0.0
8115,0.0037172717271727177,854.0,3.0,1718.0,0.003289473684210526,0.0037172717271727177,854,3,Sedgwick,Colorado,0.003289473684210526,both,0.3717271727172718,0.3717271727172718,0.3289473684210526,0.3289473684210526,0.0,0.0,0.0,0.0,0.37-0.70,0.37-0.70,0.24-0.57,0.24-0.57,True,True,0.0,0.0
8117,0.0008895326722127199,47027.0,39.0,24050.0,0.002164879854617209,0.0008895326722127199,47027,39,Summit,Colorado,0.002164879854617209,both,0.08895326722127199,0.08895326722127199,0.21648798546172088,0.21648798546172088,0.0,0.0,0.0,0.0,0.06-0.14,0.06-0.14,0.09-0.24,0.09-0.24,True,True,0.0,0.0
8119,0.011065573950319393,15540.0,260.0,19324.0,0.02512786301979097,0.011065573950319393,15540,260,Teller,Colorado,0.02512786301979097,both,1.1065573950319394,1.1065573950319394,2.512786301979097,2.512786301979097,0.0,0.0,0.0,0.0,0.70+,0.70+,0.57+,0.57+,True,True,0.0,0.0
8121,0.0031432748538011692,1386.0,2.0,3370.0,-0.005025125628140704,0.0031432748538011692,1386,2,Washington,Colorado,-0.005025125628140704,both,0.3143274853801169,0.3143274853801169,-0.5025125628140703,-0.5025125628140703,0.0,0.0,0.0,0.0,0.23-0.37,0.23-0.37,<-0.12,<-0.12,True,True,0.0,0.0
8123,0.004335592678739134,238111.0,1224.0,215564.0,0.004903418478709658,0.004335592678739134,238111,1224,Weld,Colorado,0.004903418478709658,both,0.43355926787391347,0.43355926787391347,0.49034184787096585,0.49034184787096585,0.0,0.0,0.0,0.0,0.37-0.70,0.37-0.70,0.24-0.57,0.24-0.57,True,True,0.0,0.0
8125,0.0005484460694698354,4115.0,3.0,6666.0,0.0,0.0005484460694698354,4115,3,Yuma,Colorado,0.0,both,0.054844606946983544,0.054844606946983544,0.0,0.0,0.0,0.0,0.0,0.0,0-0.06,0-0.06,-0.12-0,-0.12-0,True,True,0.0,0.0
8999,,,,,,0.026957554789524264,189134,6170,"[Colorado, county not reported]",Colorado,0.013882116070304554,right_only,,2.6957554789524263,,1.3882116070304553,,,,,No data,0.70+,No data,0.57+,False,False,,
10001,0.023392823422782084,126287.0,3583.0,122811.0,0.03612656460513991,0.023392823422782084,126287,3583,Kent,Delaware,0.03612656460513991,both,2.3392823422782083,2.3392823422782083,3.612656460513991,3.612656460513991,0.0,0.0,0.0,0.0,0.70+,0.70+,0.57+,0.57+,True,True,0.0,0.0
10003,0.037172298355530285,608794.0,22627.0,395423.0,0.004430807229077391,0.037172298355530285,608794,22627,New Castle,Delaware,0.004430807229077391,both,3.7172298355530287,3.7172298355530287,0.4430807229077391,0.4430807229077391,0.0,0.0,0.0,0.0,0.70+,0.70+,0.24-0.57,0.24-0.57,True,True,0.0,0.0
10005,0.002212202085545979,114979.0,281.0,182130.0,0.0009318928585309591,0.002212202085545979,114979,281,Sussex,Delaware,0.0009318928585309591,both,0.2212202085545979,0.2212202085545979,0.09318928585309591,0.09318928585309591,0.0,0.0,0.0,0.0,0.14-0.23,0.14-0.23,0.09-0.24,0.09-0.24,True,True,0.0,0.0
10999,,,,,,0.009947623997891009,16469,198,"[Delaware, county not reported]",Delaware,-0.012318423977616804,right_only,,0.9947623997891009,,-1.2318423977616804,,,,,No data,0.70+,No data,<-0.12,False,False,,
11001,0.03825112759662245,1879010.0,76892.0,484596.0,0.01579522111234586,0.03825112759662245,1879010,76892,District of Columbia,District of Columbia,0.01579522111234586,both,3.825112759662245,3.825112759662245,1.579522111234586,1.579522111234586,0.0,0.0,0.0,0.0,0.70+,0.70+,0.57+,0.57+,True,True,0.0,0.0
11999,,,,,,0.05893104710714656,5313,339,"[District of Columbia, county not reported]",District of Columbia,0.04951016980779996,right_only,,5.893104710714656,,4.951016980779996,,,,,No data,0.70+,No data,0.57+,False,False,,
12001,0.00609701633742118,256783.0,1881.0,169342.0,0.00640145723745226,0.00609701633742118,256783,1881,Alachua,Florida,0.00640145723745226,both,0.6097016337421179,0.6097016337421179,0.640145723745226,0.640145723745226,0.0,0.0,0.0,0.0,0.37-0.70,0.37-0.70,0.57+,0.57+,True,True,0.0,0.0
12003,0.001369286586811063,6888.0,16.0,18827.0,0.006126295947219604,0.001369286586811063,6888,16,Baker,Florida,0.006126295947219604,both,0.1369286586811063,0.1369286586811063,0.6126295947219604,0.6126295947219604,0.0,0.0,0.0,0.0,0.06-0.14,0.06-0.14,0.57+,0.57+,True,True,0.0,0.0
12005,0.003483551599959824,94802.0,345.0,129413.0,0.0019973848989105407,0.003483551599959824,94802,345,Bay,Florida,0.0019973848989105407,both,0.34835515999598243,0.34835515999598243,0.19973848989105406,0.19973848989105406,0.0,0.0,0.0,0.0,0.23-0.37,0.23-0.37,0.09-0.24,0.09-0.24,True,True,0.0,0.0
12007,0.0011054991080941604,9246.0,16.0,20149.0,0.004066418163334463,0.0011054991080941604,9246,16,Bradford,Florida,0.004066418163334463,both,0.11054991080941604,0.11054991080941604,0.40664181633344626,0.40664181633344626,0.0,0.0,0.0,0.0,0.06-0.14,0.06-0.14,0.24-0.57,0.24-0.57,True,True,0.0,0.0
12009,0.014127790330283208,397730.0,6307.0,455626.0,0.0052650352419801975,0.014127790330283208,397730,6307,Brevard,Florida,0.0052650352419801975,both,1.4127790330283208,1.4127790330283208,0.5265035241980197,0.5265035241980197,0.0,0.0,0.0,0.0,0.70+,0.70+,0.24-0.57,0.24-0.57,True,True,0.0,0.0
12011,0.011136689761199026,1382774.0,16563.0,1382985.0,0.0011078708182804577,0.011136689761199026,1382774,16563,Broward,Florida,0.0011078708182804577,both,1.1136689761199026,1.1136689761199026,0.11078708182804577,0.11078708182804577,0.0,0.0,0.0,0.0,0.70+,0.70+,0.09-0.24,0.09-0.24,True,True,0.0,0.0
12013,0.002966086897331404,2981.0,14.0,10046.0,0.012875536480686695,0.002966086897331404,2981,14,Calhoun,Florida,0.012875536480686695,both,0.2966086897331404,0.2966086897331404,1.2875536480686696,1.2875536480686696,0.0,0.0,0.0,0.0,0.23-0.37,0.23-0.37,0.57+,0.57+,True,True,0.0,0.0
12015,0.0005747794097440092,84914.0,49.0,157728.0,-1.80334618097264e-05,0.0005747794097440092,84914,49,Charlotte,Florida,-1.80334618097264e-05,both,0.05747794097440092,0.05747794097440092,-0.00180334618097264,-0.00180334618097264,0.0,0.0,0.0,0.0,0-0.06,0-0.06,-0.12-0,-0.12-0,True,True,0.0,0.0
12017,0.0008348038754512801,32940.0,27.0,123782.0,-0.00036395262235464163,0.0008348038754512801,32940,27,Citrus,Florida,-0.00036395262235464163,both,0.08348038754512802,0.08348038754512802,-0.03639526223546416,-0.03639526223546416,0.0,0.0,0.0,0.0,0.06-0.14,0.06-0.14,-0.12-0,-0.12-0,True,True,0.0,0.0
12019,0.0019440388134850043,98653.0,257.0,151800.0,0.0023651913267219013,0.0019440388134850043,98653,257,Clay,Florida,0.0023651913267219013,both,0.19440388134850042,0.19440388134850042,0.23651913267219013,0.23651913267219013,0.0,0.0,0.0,0.0,0.14-0.23,0.14-0.23,0.09-0.24,0.09-0.24,True,True,0.0,0.0
12021,0.0023822451618127124,193614.0,486.0,291752.0,-0.0002317657297659717,0.0023822451618127124,193614,486,Collier,Florida,-0.0002317657297659717,both,0.23822451618127125,0.23822451618127125,-0.02317657297659717,-0.02317657297659717,0.0,0.0,0.0,0.0,0.23-0.37,0.23-0.37,-0.12-0,-0.12-0,True,True,0.0,0.0
12023,0.0008294223392031431,33130.0,39.0,48482.0,0.0010660980810234541,0.0008294223392031431,33130,39,Columbia,Florida,0.0010660980810234541,both,0.08294223392031431,0.08294223392031431,0.10660980810234541,0.10660980810234541,0.0,0.0,0.0,0.0,0.06-0.14,0.06-0.14,0.09-0.24,0.09-0.24,True,True,0.0,0.0
12027,0.001632718805312946,10148.0,19.0,25022.0,2.385679234851194e-05,0.001632718805312946,10148,19,DeSoto,Florida,2.385679234851194e-05,both,0.1632718805312946,0.1632718805312946,0.002385679234851194,0.002385679234851194,0.0,0.0,0.0,0.0,0.14-0.23,0.14-0.23,0-0.09,0-0.09,True,True,0.0,0.0
12029,0.0005780346820809248,1598.0,1.0,12519.0,0.0,0.0005780346820809248,1598,1,Dixie,Florida,0.0,both,0.05780346820809248,0.05780346820809248,0.0,0.0,0.0,0.0,0.0,0.0,0-0.06,0-0.06,-0.12-0,-0.12-0,True,True,0.0,0.0
12031,0.015088092613676102,1139625.0,19665.0,683191.0,0.007590378222154505,0.015088092613676102,1139625,19665,Duval,Florida,0.007590378222154505,both,1.5088092613676103,1.5088092613676103,0.7590378222154505,0.7590378222154505,0.0,0.0,0.0,0.0,0.70+,0.70+,0.57+,0.57+,True,True,0.0,0.0
12033,0.009456233806066222,180220.0,1779.0,218227.0,0.004379666539915429,0.009456233806066222,180220,1779,Escambia,Florida,0.004379666539915429,both,0.9456233806066222,0.9456233806066222,0.4379666539915429,0.4379666539915429,0.0,0.0,0.0,0.0,0.70+,0.70+,0.24-0.57,0.24-0.57,True,True,0.0,0.0
12035,0.0012549420978743998,27913.0,37.0,90826.0,-0.0001743296971584373,0.0012549420978743998,27913,37,Flagler,Florida,-0.0001743296971584373,both,0.12549420978743997,0.12549420978743997,-0.01743296971584373,-0.01743296971584373,0.0,0.0,0.0,0.0,0.06-0.14,0.06-0.14,-0.12-0,-0.12-0,True,True,0.0,0.0
12037,0.002651243424198948,1872.0,7.0,9704.0,0.013513513513513514,0.002651243424198948,1872,7,Franklin,Florida,0.013513513513513514,both,0.2651243424198948,0.2651243424198948,1.3513513513513513,1.3513513513513513,0.0,0.0,0.0,0.0,0.23-0.37,0.23-0.37,0.57+,0.57+,True,True,0.0,0.0
12039,0.002983187301503498,16787.0,68.0,30567.0,0.0063786272708991135,0.002983187301503498,16787,68,Gadsden,Florida,0.0063786272708991135,both,0.2983187301503498,0.2983187301503498,0.6378627270899113,0.6378627270899113,0.0,0.0,0.0,0.0,0.23-0.37,0.23-0.37,0.57+,0.57+,True,True,0.0,0.0
12041,0.0009775719452368731,2724.0,3.0,12895.0,-0.00030605012778935157,0.0009775719452368731,2724,3,Gilchrist,Florida,-0.00030605012778935157,both,0.09775719452368731,0.09775719452368731,-0.030605012778935157,-0.030605012778935157,0.0,0.0,0.0,0.0,0.06-0.14,0.06-0.14,-0.12-0,-0.12-0,True,True,0.0,0.0
12043,0.0,1835.0,0.0,9569.0,0.0,0.0,1835,0,Glades,Florida,0.0,both,0.0,0.0,0.0,0.0,0.0,0.0,0.0,0.0,0-0.06,0-0.06,-0.12-0,-0.12-0,True,True,0.0,0.0
12045,0.0003322259136212625,3113.0,1.0,11873.0,0.0016722408026755853,0.0003322259136212625,3113,1,Gulf,Florida,0.0016722408026755853,both,0.03322259136212625,0.03322259136212625,0.16722408026755853,0.16722408026755853,0.0,0.0,0.0,0.0,0-0.06,0-0.06,0.09-0.24,0.09-0.24,True,True,0.0,0.0
12047,0.0,2860.0,0.0,9968.0,0.0,0.0,2860,0,Hamilton,Florida,0.0,both,0.0,0.0,0.0,0.0,0.0,0.0,0.0,0.0,0-0.06,0-0.06,-0.12-0,-0.12-0,True,True,0.0,0.0
12049,0.0013606154877494072,8225.0,11.0,16581.0,-0.0017986215465207063,0.0013606154877494072,8225,11,Hardee,Florida,-0.0017986215465207063,both,0.13606154877494073,0.13606154877494073,-0.17986215465207064,-0.17986215465207064,0.0,0.0,0.0,0.0,0.06-0.14,0.06-0.14,<-0.12,<-0.12,True,True,0.0,0.0
12051,0.0010020466867677847,7533.0,7.0,25602.0,0.00041999160016799666,0.0010020466867677847,7533,7,Hendry,Florida,0.00041999160016799666,both,0.10020466867677848,0.10020466867677848,0.041999160016799666,0.041999160016799666,0.0,0.0,0.0,0.0,0.06-0.14,0.06-0.14,0-0.09,0-0.09,True,True,0.0,0.0
12053,0.0022327419448653673,69876.0,197.0,147268.0,0.0021979641793043883,0.0022327419448653673,69876,197,Hernando,Florida,0.0021979641793043883,both,0.22327419448653674,0.22327419448653674,0.21979641793043883,0.21979641793043883,0.0,0.0,0.0,0.0,0.14-0.23,0.14-0.23,0.09-0.24,0.09-0.24,True,True,0.0,0.0
12055,0.000459198268718679,33708.0,18.0,79094.0,0.0010987912847586344,0.000459198268718679,33708,18,Highlands,Florida,0.0010987912847586344,both,0.0459198268718679,0.0459198268718679,0.10987912847586344,0.10987912847586344,0.0,0.0,0.0,0.0,0-0.06,0-0.06,0.09-0.24,0.09-0.24,True,True,0.0,0.0
12057,0.021290990176134048,1730494.0,40534.0,1009935.0,0.004153134682353548,0.021290990176134048,1730494,40534,Hillsborough,Florida,0.004153134682353548,both,2.1290990176134046,2.1290990176134046,0.4153134682353548,0.4153134682353548,0.0,0.0,0.0,0.0,0.70+,0.70+,0.24-0.57,0.24-0.57,True,True,0.0,0.0
12059,0.0005747126436781609,2242.0,1.0,14115.0,-0.0028169014084507044,0.0005747126436781609,2242,1,Holmes,Florida,-0.0028169014084507044,both,0.05747126436781609,0.05747126436781609,-0.28169014084507044,-0.28169014084507044,0.0,0.0,0.0,0.0,0-0.06,0-0.06,<-0.12,<-0.12,True,True,0.0,0.0
12061,0.0013867720330291854,77229.0,140.0,125938.0,0.0012203879459151685,0.0013867720330291854,77229,140,Indian River,Florida,0.0012203879459151685,both,0.13867720330291855,0.13867720330291855,0.12203879459151686,0.12203879459151686,0.0,0.0,0.0,0.0,0.06-0.14,0.06-0.14,0.09-0.24,0.09-0.24,True,True,0.0,0.0
12063,0.0015186832692462688,13840.0,26.0,34854.0,0.005636737002743174,0.0015186832692462688,13840,26,Jackson,Florida,0.005636737002743174,both,0.15186832692462687,0.15186832692462687,0.5636737002743174,0.5636737002743174,0.0,0.0,0.0,0.0,0.14-0.23,0.14-0.23,0.24-0.57,0.24-0.57,True,True,0.0,0.0
12065,0.0041362010144837275,4612.0,24.0,10826.0,0.009044395199273522,0.0041362010144837275,4612,24,Jefferson,Florida,0.009044395199273522,both,0.41362010144837275,0.41362010144837275,0.9044395199273522,0.9044395199273522,0.0,0.0,0.0,0.0,0.37-0.70,0.37-0.70,0.57+,0.57+,True,True,0.0,0.0
12067,0.002127659574468085,886.0,1.0,5864.0,-0.006535947712418301,0.002127659574468085,886,1,Lafayette,Florida,-0.006535947712418301,both,0.2127659574468085,0.2127659574468085,-0.6535947712418301,-0.6535947712418301,0.0,0.0,0.0,0.0,0.14-0.23,0.14-0.23,<-0.12,<-0.12,True,True,0.0,0.0
12069,0.0013143349125549846,144193.0,287.0,287099.0,0.004382733866830991,0.0013143349125549846,144193,287,Lake,Florida,0.004382733866830991,both,0.13143349125549847,0.13143349125549847,0.4382733866830991,0.4382733866830991,0.0,0.0,0.0,0.0,0.06-0.14,0.06-0.14,0.24-0.57,0.24-0.57,True,True,0.0,0.0
12071,0.0029377244247969095,447144.0,1533.0,583335.0,0.0017525998705564647,0.0029377244247969095,447144,1533,Lee,Florida,0.0017525998705564647,both,0.293772442479691,0.293772442479691,0.17525998705564647,0.17525998705564647,0.0,0.0,0.0,0.0,0.23-0.37,0.23-0.37,0.09-0.24,0.09-0.24,True,True,0.0,0.0
12073,0.01617719753315191,274894.0,5027.0,175063.0,0.0015976292391818511,0.01617719753315191,274894,5027,Leon,Florida,0.0015976292391818511,both,1.6177197533151908,1.6177197533151908,0.1597629239181851,0.1597629239181851,0.0,0.0,0.0,0.0,0.70+,0.70+,0.09-0.24,0.09-0.24,True,True,0.0,0.0
12075,0.0007950156618692182,7783.0,8.0,31811.0,0.001080691642651297,0.0007950156618692182,7783,8,Levy,Florida,0.001080691642651297,both,0.07950156618692182,0.07950156618692182,0.10806916426512969,0.10806916426512969,0.0,0.0,0.0,0.0,0.06-0.14,0.06-0.14,0.09-0.24,0.09-0.24,True,True,0.0,0.0
12077,0.0,1646.0,0.0,5516.0,0.0,0.0,1646,0,Liberty,Florida,0.0,both,0.0,0.0,0.0,0.0,0.0,0.0,0.0,0.0,0-0.06,0-0.06,-0.12-0,-0.12-0,True,True,0.0,0.0
12079,0.003193308132350297,6233.0,25.0,13709.0,0.010163137233594587,0.003193308132350297,6233,25,Madison,Florida,0.010163137233594587,both,0.3193308132350297,0.3193308132350297,1.0163137233594588,1.0163137233594588,0.0,0.0,0.0,0.0,0.23-0.37,0.23-0.37,0.57+,0.57+,True,True,0.0,0.0
12081,0.0036685948392370556,226411.0,868.0,306549.0,-0.001600232698672027,0.0036685948392370556,226411,868,Manatee,Florida,-0.001600232698672027,both,0.36685948392370554,0.36685948392370554,-0.1600232698672027,-0.1600232698672027,0.0,0.0,0.0,0.0,0.23-0.37,0.23-0.37,<-0.12,<-0.12,True,True,0.0,0.0
12083,0.0032421427044323583,145628.0,523.0,281911.0,0.001487909722281724,0.0032421427044323583,145628,523,Marion,Florida,0.001487909722281724,both,0.3242142704432358,0.3242142704432358,0.1487909722281724,0.1487909722281724,0.0,0.0,0.0,0.0,0.23-0.37,0.23-0.37,0.09-0.24,0.09-0.24,True,True,0.0,0.0
12085,0.0013219361969219847,89735.0,137.0,123856.0,3.2275671042919594e-05,0.0013219361969219847,89735,137,Martin,Florida,3.2275671042919594e-05,both,0.13219361969219848,0.13219361969219848,0.0032275671042919594,0.0032275671042919594,0.0,0.0,0.0,0.0,0.06-0.14,0.06-0.14,0-0.09,0-0.09,True,True,0.0,0.0
12086,0.010548108479112686,1868318.0,22689.0,1918837.0,0.006698893494604211,0.010548108479112686,1868318,22689,Miami-Dade,Florida,0.006698893494604211,both,1.0548108479112686,1.0548108479112686,0.6698893494604211,0.6698893494604211,0.0,0.0,0.0,0.0,0.70+,0.70+,0.57+,0.57+,True,True,0.0,0.0
12087,0.001255999443383306,42799.0,58.0,64245.0,0.0016518641237508887,0.001255999443383306,42799,58,Monroe,Florida,0.0016518641237508887,both,0.1255999443383306,0.1255999443383306,0.16518641237508888,0.16518641237508888,0.0,0.0,0.0,0.0,0.06-0.14,0.06-0.14,0.09-0.24,0.09-0.24,True,True,0.0,0.0
12089,0.0039000113470466628,45963.0,268.0,67839.0,0.012561365098496508,0.0039000113470466628,45963,268,Nassau,Florida,0.012561365098496508,both,0.3900011347046663,0.3900011347046663,1.2561365098496506,1.2561365098496506,0.0,0.0,0.0,0.0,0.37-0.70,0.37-0.70,0.57+,0.57+,True,True,0.0,0.0
12091,0.012297644248681572,136545.0,1746.0,146005.0,0.004869768212962049,0.012297644248681572,136545,1746,Okaloosa,Florida,0.004869768212962049,both,1.2297644248681572,1.2297644248681572,0.4869768212962049,0.4869768212962049,0.0,0.0,0.0,0.0,0.70+,0.70+,0.24-0.57,0.24-0.57,True,True,0.0,0.0
12093,0.00019058688340998432,14460.0,3.0,28352.0,-0.0003992015968063872,0.00019058688340998432,14460,3,Okeechobee,Florida,-0.0003992015968063872,both,0.01905868834099843,0.01905868834099843,-0.03992015968063872,-0.03992015968063872,0.0,0.0,0.0,0.0,0-0.06,0-0.06,-0.12-0,-0.12-0,True,True,0.0,0.0
12095,0.012706384545472873,1595385.0,22473.0,966029.0,0.006044482846315695,0.012706384545472873,1595385,22473,Orange,Florida,0.006044482846315695,both,1.2706384545472873,1.2706384545472873,0.6044482846315695,0.6044482846315695,0.0,0.0,0.0,0.0,0.70+,0.70+,0.57+,0.57+,True,True,0.0,0.0
12097,0.0038894201111459533,174397.0,761.0,261881.0,0.0010611039477626313,0.0038894201111459533,174397,761,Osceola,Florida,0.0010611039477626313,both,0.3889420111145953,0.3889420111145953,0.10611039477626313,0.10611039477626313,0.0,0.0,0.0,0.0,0.37-0.70,0.37-0.70,0.09-0.24,0.09-0.24,True,True,0.0,0.0
12099,0.007638204652241324,1007624.0,8231.0,1099423.0,0.0008591789019316304,0.007638204652241324,1007624,8231,Palm Beach,Florida,0.0008591789019316304,both,0.7638204652241324,0.7638204652241324,0.08591789019316304,0.08591789019316304,0.0,0.0,0.0,0.0,0.70+,0.70+,0-0.09,0-0.09,True,True,0.0,0.0
12101,0.002262145064269294,196952.0,619.0,411953.0,0.004358747423625869,0.002262145064269294,196952,619,Pasco,Florida,0.004358747423625869,both,0.2262145064269294,0.2262145064269294,0.43587474236258694,0.43587474236258694,0.0,0.0,0.0,0.0,0.14-0.23,0.14-0.23,0.24-0.57,0.24-0.57,True,True,0.0,0.0
12103,0.010351349556623347,917772.0,10086.0,745450.0,-0.003815213177163537,0.010351349556623347,917772,10086,Pinellas,Florida,-0.003815213177163537,both,1.0351349556623348,1.0351349556623348,-0.38152131771635367,-0.38152131771635367,0.0,0.0,0.0,0.0,0.70+,0.70+,<-0.12,<-0.12,True,True,0.0,0.0
12105,0.0060881297081167894,330726.0,2461.0,509692.0,0.005767392961761174,0.0060881297081167894,330726,2461,Polk,Florida,0.005767392961761174,both,0.608812970811679,0.608812970811679,0.5767392961761174,0.5767392961761174,0.0,0.0,0.0,0.0,0.37-0.70,0.37-0.70,0.57+,0.57+,True,True,0.0,0.0
12107,0.0018005505748976722,24968.0,54.0,52656.0,0.0020587446228705094,0.0018005505748976722,24968,54,Putnam,Florida,0.0020587446228705094,both,0.18005505748976722,0.18005505748976722,0.20587446228705095,0.20587446228705095,0.0,0.0,0.0,0.0,0.14-0.23,0.14-0.23,0.09-0.24,0.09-0.24,True,True,0.0,0.0
12109,0.003108180199550283,116324.0,430.0,198819.0,0.0007696708663420546,0.003108180199550283,116324,430,St. Johns,Florida,0.0007696708663420546,both,0.3108180199550283,0.3108180199550283,0.07696708663420546,0.07696708663420546,0.0,0.0,0.0,0.0,0.23-0.37,0.23-0.37,0-0.09,0-0.09,True,True,0.0,0.0
12111,0.0011347440286457067,132141.0,203.0,244780.0,0.0017328802257077357,0.0011347440286457067,132141,203,St. Lucie,Florida,0.0017328802257077357,both,0.11347440286457067,0.11347440286457067,0.17328802257077358,0.17328802257077358,0.0,0.0,0.0,0.0,0.06-0.14,0.06-0.14,0.09-0.24,0.09-0.24,True,True,0.0,0.0
12113,0.002185482059707265,38788.0,98.0,133200.0,0.002897026649914651,0.002185482059707265,38788,98,Santa Rosa,Florida,0.002897026649914651,both,0.2185482059707265,0.2185482059707265,0.28970266499146513,0.28970266499146513,0.0,0.0,0.0,0.0,0.14-0.23,0.14-0.23,0.24-0.57,0.24-0.57,True,True,0.0,0.0
12115,0.0030595282613837095,240051.0,717.0,352738.0,-0.0006779057803085221,0.0030595282613837095,240051,717,Sarasota,Florida,-0.0006779057803085221,both,0.30595282613837094,0.30595282613837094,-0.06779057803085221,-0.06779057803085221,0.0,0.0,0.0,0.0,0.23-0.37,0.23-0.37,-0.12-0,-0.12-0,True,True,0.0,0.0
12117,0.010011482280772154,326112.0,3783.0,334044.0,0.009521443044326328,0.010011482280772154,326112,3783,Seminole,Florida,0.009521443044326328,both,1.0011482280772155,1.0011482280772155,0.9521443044326329,0.9521443044326329,0.0,0.0,0.0,0.0,0.70+,0.70+,0.57+,0.57+,True,True,0.0,0.0
12119,0.002132267904971835,32049.0,71.0,118708.0,-0.0003776756609874133,0.002132267904971835,32049,71,Sumter,Florida,-0.0003776756609874133,both,0.21322679049718352,0.21322679049718352,-0.03776756609874133,-0.03776756609874133,0.0,0.0,0.0,0.0,0.14-0.23,0.14-0.23,-0.12-0,-0.12-0,True,True,0.0,0.0
12121,0.001024525426513911,8287.0,9.0,31122.0,-0.0014559941136000807,0.001024525426513911,8287,9,Suwannee,Florida,-0.0014559941136000807,both,0.10245254265139112,0.10245254265139112,-0.14559941136000806,-0.14559941136000806,0.0,0.0,0.0,0.0,0.06-0.14,0.06-0.14,<-0.12,<-0.12,True,True,0.0,0.0
12123,0.0017070741798924118,6607.0,16.0,15853.0,0.008182349503214495,0.0017070741798924118,6607,16,Taylor,Florida,0.008182349503214495,both,0.1707074179892412,0.1707074179892412,0.8182349503214494,0.8182349503214494,0.0,0.0,0.0,0.0,0.14-0.23,0.14-0.23,0.57+,0.57+,True,True,0.0,0.0
12125,0.0003676470588235294,3554.0,1.0,11097.0,0.0,0.0003676470588235294,3554,1,Union,Florida,0.0,both,0.03676470588235294,0.03676470588235294,0.0,0.0,0.0,0.0,0.0,0.0,0-0.06,0-0.06,-0.12-0,-0.12-0,True,True,0.0,0.0
12127,0.002724876450201333,237257.0,667.0,414960.0,0.0008415950369754571,0.002724876450201333,237257,667,Volusia,Florida,0.0008415950369754571,both,0.2724876450201333,0.2724876450201333,0.08415950369754571,0.08415950369754571,0.0,0.0,0.0,0.0,0.23-0.37,0.23-0.37,0-0.09,0-0.09,True,True,0.0,0.0
12129,0.0024344942159770914,6955.0,27.0,24288.0,0.008952286892176007,0.0024344942159770914,6955,27,Wakulla,Florida,0.008952286892176007,both,0.24344942159770913,0.24344942159770913,0.8952286892176007,0.8952286892176007,0.0,0.0,0.0,0.0,0.23-0.37,0.23-0.37,0.57+,0.57+,True,True,0.0,0.0
12131,0.0027676333764008803,19752.0,59.0,56427.0,0.004525604860583704,0.0027676333764008803,19752,59,Walton,Florida,0.004525604860583704,both,0.27676333764008804,0.27676333764008804,0.4525604860583704,0.4525604860583704,0.0,0.0,0.0,0.0,0.23-0.37,0.23-0.37,0.24-0.57,0.24-0.57,True,True,0.0,0.0
12133,0.00012578616352201257,5000.0,1.0,18230.0,0.0,0.00012578616352201257,5000,1,Washington,Florida,0.0,both,0.012578616352201257,0.012578616352201257,0.0,0.0,0.0,0.0,0.0,0.0,0-0.06,0-0.06,-0.12-0,-0.12-0,True,True,0.0,0.0
12999,,,,,,0.025664379423498446,62535,3178,"[Florida, county not reported]",Florida,0.056107946315234275,right_only,,2.5664379423498445,,5.610794631523428,,,,,No data,0.70+,No data,0.57+,False,False,,
13001,0.0008344171931128453,3543.0,3.0,12283.0,0.0013717421124828531,0.0008344171931128453,3543,3,Appling,Georgia,0.0013717421124828531,both,0.08344171931128454,0.08344171931128454,0.1371742112482853,0.1371742112482853,0.0,0.0,0.0,0.0,0.06-0.14,0.06-0.14,0.09-0.24,0.09-0.24,True,True,0.0,0.0
13003,0.0018867924528301887,1006.0,1.0,5468.0,-0.005847953216374269,0.0018867924528301887,1006,1,Atkinson,Georgia,-0.005847953216374269,both,0.18867924528301888,0.18867924528301888,-0.5847953216374269,-0.5847953216374269,0.0,0.0,0.0,0.0,0.14-0.23,0.14-0.23,<-0.12,<-0.12,True,True,0.0,0.0
13005,0.002060642037022573,1828.0,4.0,7324.0,0.00281986132218845,0.002060642037022573,1828,4,Bacon,Georgia,0.00281986132218845,both,0.2060642037022573,0.2060642037022573,0.281986132218845,0.281986132218845,0.0,0.0,0.0,0.0,0.14-0.23,0.14-0.23,0.24-0.57,0.24-0.57,True,True,0.0,0.0
13007,0.0049680854944012835,751.0,3.0,2055.0,0.005780346820809248,0.0049680854944012835,751,3,Baker,Georgia,0.005780346820809248,both,0.49680854944012837,0.49680854944012837,0.5780346820809248,0.5780346820809248,0.0,0.0,0.0,0.0,0.37-0.70,0.37-0.70,0.57+,0.57+,True,True,0.0,0.0
13009,0.0010690971645141115,18965.0,12.0,27849.0,-0.0006736274840013472,0.0010690971645141115,18965,12,Baldwin,Georgia,-0.0006736274840013472,both,0.10690971645141115,0.10690971645141115,-0.06736274840013473,-0.06736274840013473,0.0,0.0,0.0,0.0,0.06-0.14,0.06-0.14,-0.12-0,-0.12-0,True,True,0.0,0.0
13011,0.002396881699141166,5764.0,11.0,12937.0,-0.009892646854141325,0.002396881699141166,5764,11,Banks,Georgia,-0.009892646854141325,both,0.2396881699141166,0.2396881699141166,-0.9892646854141325,-0.9892646854141325,0.0,0.0,0.0,0.0,0.23-0.37,0.23-0.37,<-0.12,<-0.12,True,True,0.0,0.0
13013,0.0013139476622926946,29515.0,39.0,55726.0,0.0008468986712082442,0.0013139476622926946,29515,39,Barrow,Georgia,0.0008468986712082442,both,0.13139476622926946,0.13139476622926946,0.08468986712082442,0.08468986712082442,0.0,0.0,0.0,0.0,0.06-0.14,0.06-0.14,0-0.09,0-0.09,True,True,0.0,0.0
13015,0.002054379868869835,49093.0,109.0,73182.0,0.003922737911459657,0.002054379868869835,49093,109,Bartow,Georgia,0.003922737911459657,both,0.20543798688698348,0.20543798688698348,0.39227379114596567,0.39227379114596567,0.0,0.0,0.0,0.0,0.14-0.23,0.14-0.23,0.24-0.57,0.24-0.57,True,True,0.0,0.0
13017,0.0024952862826500602,3117.0,7.0,11502.0,0.0,0.0024952862826500602,3117,7,Ben Hill,Georgia,0.0,both,0.24952862826500602,0.24952862826500602,0.0,0.0,0.0,0.0,0.0,0.0,0.23-0.37,0.23-0.37,-0.12-0,-0.12-0,True,True,0.0,0.0
13019,0.0025099742640528784,2336.0,6.0,12433.0,0.002834453560408544,0.0025099742640528784,2336,6,Berrien,Georgia,0.002834453560408544,both,0.2509974264052878,0.2509974264052878,0.2834453560408544,0.2834453560408544,0.0,0.0,0.0,0.0,0.23-0.37,0.23-0.37,0.24-0.57,0.24-0.57,True,True,0.0,0.0
13021,0.0034633351808932983,164498.0,686.0,103131.0,0.003620217953317625,0.0034633351808932983,164498,686,Bibb,Georgia,0.003620217953317625,both,0.34633351808932983,0.34633351808932983,0.36202179533176254,0.36202179533176254,0.0,0.0,0.0,0.0,0.23-0.37,0.23-0.37,0.24-0.57,0.24-0.57,True,True,0.0,0.0
13023,0.00021321961620469082,2535.0,1.0,8151.0,0.0012422360248447205,0.00021321961620469082,2535,1,Bleckley,Georgia,0.0012422360248447205,both,0.021321961620469083,0.021321961620469083,0.12422360248447205,0.12422360248447205,0.0,0.0,0.0,0.0,0-0.06,0-0.06,0.09-0.24,0.09-0.24,True,True,0.0,0.0
13025,0.004532163742690058,1607.0,6.0,12582.0,-0.017857142857142856,0.004532163742690058,1607,6,Brantley,Georgia,-0.017857142857142856,both,0.45321637426900585,0.45321637426900585,-1.7857142857142856,-1.7857142857142856,0.0,0.0,0.0,0.0,0.37-0.70,0.37-0.70,<-0.12,<-0.12,True,True,0.0,0.0
13027,0.0006269592476489028,2492.0,2.0,11428.0,0.002881844380403458,0.0006269592476489028,2492,2,Brooks,Georgia,0.002881844380403458,both,0.06269592476489028,0.06269592476489028,0.2881844380403458,0.2881844380403458,0.0,0.0,0.0,0.0,0.06-0.14,0.06-0.14,0.24-0.57,0.24-0.57,True,True,0.0,0.0
13029,0.0011660542900245566,12813.0,25.0,28192.0,0.0028651261374074647,0.0011660542900245566,12813,25,Bryan,Georgia,0.0028651261374074647,both,0.11660542900245566,0.11660542900245566,0.2865126137407465,0.2865126137407465,0.0,0.0,0.0,0.0,0.06-0.14,0.06-0.14,0.24-0.57,0.24-0.57,True,True,0.0,0.0
13031,0.0015994028370949793,33597.0,72.0,45038.0,0.0027371002220714373,0.0015994028370949793,33597,72,Bulloch,Georgia,0.0027371002220714373,both,0.15994028370949792,0.15994028370949792,0.27371002220714374,0.27371002220714374,0.0,0.0,0.0,0.0,0.14-0.23,0.14-0.23,0.24-0.57,0.24-0.57,True,True,0.0,0.0
13033,0.00044474357948106117,12394.0,6.0,15584.0,0.00045653183939236826,0.00044474357948106117,12394,6,Burke,Georgia,0.00045653183939236826,both,0.044474357948106114,0.044474357948106114,0.04565318393923683,0.04565318393923683,0.0,0.0,0.0,0.0,0-0.06,0-0.06,0-0.09,0-0.09,True,True,0.0,0.0
13035,0.00065626979417528,11278.0,9.0,17892.0,0.0004784482998072318,0.00065626979417528,11278,9,Butts,Georgia,0.0004784482998072318,both,0.065626979417528,0.065626979417528,0.04784482998072318,0.04784482998072318,0.0,0.0,0.0,0.0,0.06-0.14,0.06-0.14,0-0.09,0-0.09,True,True,0.0,0.0
13037,0.008535241661203187,941.0,8.0,4212.0,0.002786936724760559,0.008535241661203187,941,8,Calhoun,Georgia,0.002786936724760559,both,0.8535241661203187,0.8535241661203187,0.2786936724760559,0.2786936724760559,0.0,0.0,0.0,0.0,0.70+,0.70+,0.24-0.57,0.24-0.57,True,True,0.0,0.0
13039,0.003751245543295474,22402.0,101.0,35521.0,0.007981050302932936,0.003751245543295474,22402,101,Camden,Georgia,0.007981050302932936,both,0.3751245543295474,0.3751245543295474,0.7981050302932936,0.7981050302932936,0.0,0.0,0.0,0.0,0.37-0.70,0.37-0.70,0.57+,0.57+,True,True,0.0,0.0
13043,0.0,1687.0,0.0,7318.0,0.0,0.0,1687,0,Candler,Georgia,0.0,both,0.0,0.0,0.0,0.0,0.0,0.0,0.0,0.0,0-0.06,0-0.06,-0.12-0,-0.12-0,True,True,0.0,0.0
13045,0.004532127523478028,46469.0,265.0,76484.0,0.009895776292431397,0.004532127523478028,46469,265,Carroll,Georgia,0.009895776292431397,both,0.4532127523478028,0.4532127523478028,0.9895776292431397,0.9895776292431397,0.0,0.0,0.0,0.0,0.37-0.70,0.37-0.70,0.57+,0.57+,True,True,0.0,0.0
13047,0.0011103639819194783,25513.0,41.0,47530.0,0.0032190081258811733,0.0011103639819194783,25513,41,Catoosa,Georgia,0.0032190081258811733,both,0.11103639819194783,0.11103639819194783,0.3219008125881173,0.3219008125881173,0.0,0.0,0.0,0.0,0.06-0.14,0.06-0.14,0.24-0.57,0.24-0.57,True,True,0.0,0.0
13049,0.0,2797.0,0.0,9002.0,0.0,0.0,2797,0,Charlton,Georgia,0.0,both,0.0,0.0,0.0,0.0,0.0,0.0,0.0,0.0,0-0.06,0-0.06,-0.12-0,-0.12-0,True,True,0.0,0.0
13051,0.003035444728905671,367415.0,1302.0,202409.0,0.0016834220595388625,0.003035444728905671,367415,1302,Chatham,Georgia,0.0016834220595388625,both,0.30354447289056713,0.30354447289056713,0.16834220595388624,0.16834220595388624,0.0,0.0,0.0,0.0,0.23-0.37,0.23-0.37,0.09-0.24,0.09-0.24,True,True,0.0,0.0
13053,0.008119719662386966,11656.0,111.0,4448.0,0.006820509290834725,0.008119719662386966,11656,111,Chattahoochee,Georgia,0.006820509290834725,both,0.8119719662386966,0.8119719662386966,0.6820509290834725,0.6820509290834725,0.0,0.0,0.0,0.0,0.70+,0.70+,0.57+,0.57+,True,True,0.0,0.0
13055,0.0008684175424555787,5962.0,4.0,17279.0,0.0010905125408942203,0.0008684175424555787,5962,4,Chattooga,Georgia,0.0010905125408942203,both,0.08684175424555787,0.08684175424555787,0.10905125408942204,0.10905125408942204,0.0,0.0,0.0,0.0,0.06-0.14,0.06-0.14,0.09-0.24,0.09-0.24,True,True,0.0,0.0
13057,0.0021535836435700815,91226.0,223.0,183322.0,0.0009381960954380798,0.0021535836435700815,91226,223,Cherokee,Georgia,0.0009381960954380798,both,0.21535836435700814,0.21535836435700814,0.09381960954380798,0.09381960954380798,0.0,0.0,0.0,0.0,0.14-0.23,0.14-0.23,0.09-0.24,0.09-0.24,True,True,0.0,0.0
13059,0.00427716684865818,142096.0,807.0,73265.0,0.007421800318631651,0.00427716684865818,142096,807,Clarke,Georgia,0.007421800318631651,both,0.427716684865818,0.427716684865818,0.7421800318631651,0.7421800318631651,0.0,0.0,0.0,0.0,0.37-0.70,0.37-0.70,0.57+,0.57+,True,True,0.0,0.0
13061,0.007477078477078477,1328.0,5.0,1931.0,-0.011291210952868046,0.007477078477078477,1328,5,Clay,Georgia,-0.011291210952868046,both,0.7477078477078477,0.7477078477078477,-1.1291210952868047,-1.1291210952868047,0.0,0.0,0.0,0.0,0.70+,0.70+,<-0.12,<-0.12,True,True,0.0,0.0
13063,0.004098869375677031,105559.0,559.0,185573.0,0.012204636326500902,0.004098869375677031,105559,559,Clayton,Georgia,0.012204636326500902,both,0.4098869375677031,0.4098869375677031,1.2204636326500902,1.2204636326500902,0.0,0.0,0.0,0.0,0.37-0.70,0.37-0.70,0.57+,0.57+,True,True,0.0,0.0
13065,0.0,1681.0,0.0,4511.0,0.0,0.0,1681,0,Clinch,Georgia,0.0,both,0.0,0.0,0.0,0.0,0.0,0.0,0.0,0.0,0-0.06,0-0.06,-0.12-0,-0.12-0,True,True,0.0,0.0
13067,0.013691070688149181,607658.0,9008.0,519750.0,0.005027358346059932,0.013691070688149181,607658,9008,Cobb,Georgia,0.005027358346059932,both,1.369107068814918,1.369107068814918,0.5027358346059931,0.5027358346059931,0.0,0.0,0.0,0.0,0.70+,0.70+,0.24-0.57,0.24-0.57,True,True,0.0,0.0
13069,0.0015710597551565932,12065.0,18.0,28579.0,0.0026571364143923954,0.0015710597551565932,12065,18,Coffee,Georgia,0.0026571364143923954,both,0.1571059755156593,0.1571059755156593,0.26571364143923953,0.26571364143923953,0.0,0.0,0.0,0.0,0.14-0.23,0.14-0.23,0.24-0.57,0.24-0.57,True,True,0.0,0.0
13071,0.0007153223728874227,13520.0,12.0,29871.0,0.0016417035133612673,0.0007153223728874227,13520,12,Colquitt,Georgia,0.0016417035133612673,both,0.07153223728874226,0.07153223728874226,0.16417035133612673,0.16417035133612673,0.0,0.0,0.0,0.0,0.06-0.14,0.06-0.14,0.09-0.24,0.09-0.24,True,True,0.0,0.0
13073,0.0018702646845949911,35694.0,75.0,104791.0,0.0023557573609650348,0.0018702646845949911,35694,75,Columbia,Georgia,0.0023557573609650348,both,0.1870264684594991,0.1870264684594991,0.23557573609650348,0.23557573609650348,0.0,0.0,0.0,0.0,0.14-0.23,0.14-0.23,0.09-0.24,0.09-0.24,True,True,0.0,0.0
13075,0.005989228459970793,4038.0,24.0,11189.0,-0.006436616200215484,0.005989228459970793,4038,24,Cook,Georgia,-0.006436616200215484,both,0.5989228459970793,0.5989228459970793,-0.6436616200215484,-0.6436616200215484,0.0,0.0,0.0,0.0,0.37-0.70,0.37-0.70,<-0.12,<-0.12,True,True,0.0,0.0
13077,0.002301081077118803,54820.0,128.0,100309.0,-0.0005104501401716006,0.002301081077118803,54820,128,Coweta,Georgia,-0.0005104501401716006,both,0.2301081077118803,0.2301081077118803,-0.051045014017160065,-0.051045014017160065,0.0,0.0,0.0,0.0,0.23-0.37,0.23-0.37,-0.12-0,-0.12-0,True,True,0.0,0.0
13079,0.0,1527.0,0.0,8525.0,0.0,0.0,1527,0,Crawford,Georgia,0.0,both,0.0,0.0,0.0,0.0,0.0,0.0,0.0,0.0,0-0.06,0-0.06,-0.12-0,-0.12-0,True,True,0.0,0.0
13081,0.000370753014411634,6294.0,3.0,13661.0,-0.000693000693000693,0.000370753014411634,6294,3,Crisp,Georgia,-0.000693000693000693,both,0.037075301441163395,0.037075301441163395,-0.0693000693000693,-0.0693000693000693,0.0,0.0,0.0,0.0,0-0.06,0-0.06,-0.12-0,-0.12-0,True,True,0.0,0.0
13083,0.0006262183235867446,6402.0,6.0,11294.0,0.0025826446280991736,0.0006262183235867446,6402,6,Dade,Georgia,0.0025826446280991736,both,0.06262183235867447,0.06262183235867447,0.2582644628099174,0.2582644628099174,0.0,0.0,0.0,0.0,0.06-0.14,0.06-0.14,0.24-0.57,0.24-0.57,True,True,0.0,0.0
13085,0.0009650367868091408,14057.0,16.0,19579.0,0.0011323659680061065,0.0009650367868091408,14057,16,Dawson,Georgia,0.0011323659680061065,both,0.09650367868091408,0.09650367868091408,0.11323659680061064,0.11323659680061064,0.0,0.0,0.0,0.0,0.06-0.14,0.06-0.14,0.09-0.24,0.09-0.24,True,True,0.0,0.0
13087,0.0021590956225022127,10050.0,28.0,19270.0,0.003787765925749359,0.0021590956225022127,10050,28,Decatur,Georgia,0.003787765925749359,both,0.2159095622502213,0.2159095622502213,0.3787765925749359,0.3787765925749359,0.0,0.0,0.0,0.0,0.14-0.23,0.14-0.23,0.24-0.57,0.24-0.57,True,True,0.0,0.0
13089,0.027498027867468335,816640.0,24715.0,522568.0,0.014797974078222989,0.027498027867468335,816640,24715,DeKalb,Georgia,0.014797974078222989,both,2.7498027867468333,2.7498027867468333,1.4797974078222988,1.4797974078222988,0.0,0.0,0.0,0.0,0.70+,0.70+,0.57+,0.57+,True,True,0.0,0.0
13091,0.0028948727710128453,3766.0,12.0,14411.0,0.001447178002894356,0.0028948727710128453,3766,12,Dodge,Georgia,0.001447178002894356,both,0.2894872771012845,0.2894872771012845,0.1447178002894356,0.1447178002894356,0.0,0.0,0.0,0.0,0.23-0.37,0.23-0.37,0.09-0.24,0.09-0.24,True,True,0.0,0.0
13093,0.00030211480362537764,3412.0,1.0,8557.0,-0.0018656716417910447,0.00030211480362537764,3412,1,Dooly,Georgia,-0.0018656716417910447,both,0.030211480362537763,0.030211480362537763,-0.18656716417910446,-0.18656716417910446,0.0,0.0,0.0,0.0,0-0.06,0-0.06,<-0.12,<-0.12,True,True,0.0,0.0
13095,0.0027824987365534857,54810.0,155.0,55209.0,0.002349985574748299,0.0027824987365534857,54810,155,Dougherty,Georgia,0.002349985574748299,both,0.2782498736553486,0.2782498736553486,0.2349985574748299,0.2349985574748299,0.0,0.0,0.0,0.0,0.23-0.37,0.23-0.37,0.09-0.24,0.09-0.24,True,True,0.0,0.0
13097,0.0023176500485821093,83133.0,235.0,93905.0,0.006846353352561398,0.0023176500485821093,83133,235,Douglas,Georgia,0.006846353352561398,both,0.23176500485821094,0.23176500485821094,0.6846353352561398,0.6846353352561398,0.0,0.0,0.0,0.0,0.23-0.37,0.23-0.37,0.57+,0.57+,True,True,0.0,0.0
13099,0.006138716311455067,2514.0,17.0,6854.0,0.00866301457333193,0.006138716311455067,2514,17,Early,Georgia,0.00866301457333193,both,0.6138716311455067,0.6138716311455067,0.8663014573331931,0.8663014573331931,0.0,0.0,0.0,0.0,0.37-0.70,0.37-0.70,0.57+,0.57+,True,True,0.0,0.0
13101,0.0,212.0,0.0,2271.0,0.0,0.0,212,0,Echols,Georgia,0.0,both,0.0,0.0,0.0,0.0,0.0,0.0,0.0,0.0,0-0.06,0-0.06,-0.12-0,-0.12-0,True,True,0.0,0.0
13103,0.0007659433005873859,17766.0,21.0,42691.0,0.002308802308802309,0.0007659433005873859,17766,21,Effingham,Georgia,0.002308802308802309,both,0.07659433005873859,0.07659433005873859,0.23088023088023088,0.23088023088023088,0.0,0.0,0.0,0.0,0.06-0.14,0.06-0.14,0.09-0.24,0.09-0.24,True,True,0.0,0.0
13105,0.0005072463768115941,5104.0,2.0,13921.0,-0.001364256480218281,0.0005072463768115941,5104,2,Elbert,Georgia,-0.001364256480218281,both,0.05072463768115941,0.05072463768115941,-0.1364256480218281,-0.1364256480218281,0.0,0.0,0.0,0.0,0-0.06,0-0.06,<-0.12,<-0.12,True,True,0.0,0.0
13107,0.003621816140064315,4856.0,24.0,15273.0,0.0023923444976076554,0.003621816140064315,4856,24,Emanuel,Georgia,0.0023923444976076554,both,0.3621816140064315,0.3621816140064315,0.23923444976076555,0.23923444976076555,0.0,0.0,0.0,0.0,0.23-0.37,0.23-0.37,0.09-0.24,0.09-0.24,True,True,0.0,0.0
13109,0.0027105239730777753,2660.0,4.0,6975.0,-0.0027397260273972603,0.0027105239730777753,2660,4,Evans,Georgia,-0.0027397260273972603,both,0.2710523973077775,0.2710523973077775,-0.273972602739726,-0.273972602739726,0.0,0.0,0.0,0.0,0.23-0.37,0.23-0.37,<-0.12,<-0.12,True,True,0.0,0.0
13111,0.00024242691217714346,7241.0,2.0,19858.0,0.0006211180124223603,0.00024242691217714346,7241,2,Fannin,Georgia,0.0006211180124223603,both,0.024242691217714347,0.024242691217714347,0.062111801242236024,0.062111801242236024,0.0,0.0,0.0,0.0,0-0.06,0-0.06,0-0.09,0-0.09,True,True,0.0,0.0
13113,0.00820824156697711,72216.0,600.0,81529.0,-0.0022601949162298412,0.00820824156697711,72216,600,Fayette,Georgia,-0.0022601949162298412,both,0.8208241566977109,0.8208241566977109,-0.22601949162298413,-0.22601949162298413,0.0,0.0,0.0,0.0,0.70+,0.70+,<-0.12,<-0.12,True,True,0.0,0.0
13115,0.0014277816809204467,50079.0,89.0,65521.0,0.0043014262513649875,0.0014277816809204467,50079,89,Floyd,Georgia,0.0043014262513649875,both,0.14277816809204466,0.14277816809204466,0.43014262513649876,0.43014262513649876,0.0,0.0,0.0,0.0,0.14-0.23,0.14-0.23,0.24-0.57,0.24-0.57,True,True,0.0,0.0
13117,0.004366986422342106,57151.0,233.0,165931.0,-0.0006514863339243597,0.004366986422342106,57151,233,Forsyth,Georgia,-0.0006514863339243597,both,0.4366986422342106,0.4366986422342106,-0.06514863339243597,-0.06514863339243597,0.0,0.0,0.0,0.0,0.37-0.70,0.37-0.70,-0.12-0,-0.12-0,True,True,0.0,0.0
13119,0.0014603090875345659,10766.0,19.0,15957.0,0.001012838455213287,0.0014603090875345659,10766,19,Franklin,Georgia,0.001012838455213287,both,0.1460309087534566,0.1460309087534566,0.1012838455213287,0.1012838455213287,0.0,0.0,0.0,0.0,0.14-0.23,0.14-0.23,0.09-0.24,0.09-0.24,True,True,0.0,0.0
13121,0.03896650885789294,2444327.0,103127.0,730654.0,0.015290737862358801,0.03896650885789294,2444327,103127,Fulton,Georgia,0.015290737862358801,both,3.896650885789294,3.896650885789294,1.52907378623588,1.52907378623588,0.0,0.0,0.0,0.0,0.70+,0.70+,0.57+,0.57+,True,True,0.0,0.0
13123,0.0011641638793408581,6130.0,6.0,23455.0,-0.0009199632014719411,0.0011641638793408581,6130,6,Gilmer,Georgia,-0.0009199632014719411,both,0.11641638793408582,0.11641638793408582,-0.09199632014719411,-0.09199632014719411,0.0,0.0,0.0,0.0,0.06-0.14,0.06-0.14,-0.12-0,-0.12-0,True,True,0.0,0.0
13125,0.002040816326530612,524.0,1.0,1987.0,-0.009523809523809525,0.002040816326530612,524,1,Glascock,Georgia,-0.009523809523809525,both,0.2040816326530612,0.2040816326530612,-0.9523809523809524,-0.9523809523809524,0.0,0.0,0.0,0.0,0.14-0.23,0.14-0.23,<-0.12,<-0.12,True,True,0.0,0.0
13127,0.0015409870807474141,43756.0,69.0,60152.0,0.0015129635299974903,0.0015409870807474141,43756,69,Glynn,Georgia,0.0015129635299974903,both,0.1540987080747414,0.1540987080747414,0.15129635299974903,0.15129635299974903,0.0,0.0,0.0,0.0,0.14-0.23,0.14-0.23,0.09-0.24,0.09-0.24,True,True,0.0,0.0
13129,0.0022698269391260508,36564.0,92.0,39102.0,0.0031870293353884914,0.0022698269391260508,36564,92,Gordon,Georgia,0.0031870293353884914,both,0.2269826939126051,0.2269826939126051,0.31870293353884915,0.31870293353884915,0.0,0.0,0.0,0.0,0.14-0.23,0.14-0.23,0.24-0.57,0.24-0.57,True,True,0.0,0.0
13131,0.014549453314296124,5596.0,148.0,17685.0,0.04970593909878982,0.014549453314296124,5596,148,Grady,Georgia,0.04970593909878982,both,1.4549453314296124,1.4549453314296124,4.970593909878982,4.970593909878982,0.0,0.0,0.0,0.0,0.70+,0.70+,0.57+,0.57+,True,True,0.0,0.0
13133,0.0016807610207230776,12101.0,24.0,14155.0,0.004242081447963801,0.0016807610207230776,12101,24,Greene,Georgia,0.004242081447963801,both,0.16807610207230775,0.16807610207230775,0.4242081447963801,0.4242081447963801,0.0,0.0,0.0,0.0,0.14-0.23,0.14-0.23,0.24-0.57,0.24-0.57,True,True,0.0,0.0
13135,0.01060812085558622,574772.0,6003.0,613696.0,-0.0037584625435102097,0.01060812085558622,574772,6003,Gwinnett,Georgia,-0.0037584625435102097,both,1.060812085558622,1.060812085558622,-0.375846254351021,-0.375846254351021,0.0,0.0,0.0,0.0,0.70+,0.70+,<-0.12,<-0.12,True,True,0.0,0.0
13137,0.002322385160181907,14728.0,32.0,31309.0,0.0003682430296479463,0.002322385160181907,14728,32,Habersham,Georgia,0.0003682430296479463,both,0.2322385160181907,0.2322385160181907,0.03682430296479463,0.03682430296479463,0.0,0.0,0.0,0.0,0.23-0.37,0.23-0.37,0-0.09,0-0.09,True,True,0.0,0.0
13139,0.0019527270654850846,118437.0,230.0,135246.0,-0.0009579687365083164,0.0019527270654850846,118437,230,Hall,Georgia,-0.0009579687365083164,both,0.19527270654850845,0.19527270654850845,-0.09579687365083164,-0.09579687365083164,0.0,0.0,0.0,0.0,0.14-0.23,0.14-0.23,-0.12-0,-0.12-0,True,True,0.0,0.0
13141,0.0012345679012345679,1202.0,1.0,6597.0,0.0,0.0012345679012345679,1202,1,Hancock,Georgia,0.0,both,0.12345679012345678,0.12345679012345678,0.0,0.0,0.0,0.0,0.0,0.0,0.06-0.14,0.06-0.14,-0.12-0,-0.12-0,True,True,0.0,0.0
13143,0.003792886080060997,10522.0,56.0,20766.0,0.007958761196171268,0.003792886080060997,10522,56,Haralson,Georgia,0.007958761196171268,both,0.3792886080060997,0.3792886080060997,0.7958761196171269,0.7958761196171269,0.0,0.0,0.0,0.0,0.37-0.70,0.37-0.70,0.57+,0.57+,True,True,0.0,0.0
13145,0.0019467122319774793,5766.0,13.0,24553.0,0.002319318108791793,0.0019467122319774793,5766,13,Harris,Georgia,0.002319318108791793,both,0.19467122319774793,0.19467122319774793,0.23193181087917933,0.23193181087917933,0.0,0.0,0.0,0.0,0.14-0.23,0.14-0.23,0.09-0.24,0.09-0.24,True,True,0.0,0.0
13147,0.004675624447622726,6880.0,39.0,19076.0,0.0025782392956835436,0.004675624447622726,6880,39,Hart,Georgia,0.0025782392956835436,both,0.4675624447622726,0.4675624447622726,0.25782392956835437,0.25782392956835437,0.0,0.0,0.0,0.0,0.37-0.70,0.37-0.70,0.24-0.57,0.24-0.57,True,True,0.0,0.0
13149,0.0020677537783236775,1796.0,4.0,7848.0,0.0011410640422193702,0.0020677537783236775,1796,4,Heard,Georgia,0.0011410640422193702,both,0.20677537783236774,0.20677537783236774,0.11410640422193702,0.11410640422193702,0.0,0.0,0.0,0.0,0.14-0.23,0.14-0.23,0.09-0.24,0.09-0.24,True,True,0.0,0.0
13151,0.00229347993113713,99810.0,271.0,156722.0,0.0017115961350751302,0.00229347993113713,99810,271,Henry,Georgia,0.0017115961350751302,both,0.22934799311371298,0.22934799311371298,0.17115961350751302,0.17115961350751302,0.0,0.0,0.0,0.0,0.14-0.23,0.14-0.23,0.09-0.24,0.09-0.24,True,True,0.0,0.0
13153,0.007756210060484378,74612.0,679.0,107796.0,0.008274622417677006,0.007756210060484378,74612,679,Houston,Georgia,0.008274622417677006,both,0.7756210060484379,0.7756210060484379,0.8274622417677007,0.8274622417677007,0.0,0.0,0.0,0.0,0.70+,0.70+,0.57+,0.57+,True,True,0.0,0.0
13155,0.000591715976331361,1197.0,1.0,6529.0,0.0,0.000591715976331361,1197,1,Irwin,Georgia,0.0,both,0.0591715976331361,0.0591715976331361,0.0,0.0,0.0,0.0,0.0,0.0,0-0.06,0-0.06,-0.12-0,-0.12-0,True,True,0.0,0.0
13157,0.0015276537831084291,60040.0,101.0,52021.0,-0.00047724766875444405,0.0015276537831084291,60040,101,Jackson,Georgia,-0.00047724766875444405,both,0.15276537831084291,0.15276537831084291,-0.047724766875444406,-0.047724766875444406,0.0,0.0,0.0,0.0,0.14-0.23,0.14-0.23,-0.12-0,-0.12-0,True,True,0.0,0.0
13159,0.0011667301400410221,3039.0,6.0,10251.0,0.003872216844143272,0.0011667301400410221,3039,6,Jasper,Georgia,0.003872216844143272,both,0.11667301400410221,0.11667301400410221,0.3872216844143272,0.3872216844143272,0.0,0.0,0.0,0.0,0.06-0.14,0.06-0.14,0.24-0.57,0.24-0.57,True,True,0.0,0.0
13161,0.0006451612903225806,1810.0,1.0,9717.0,0.0,0.0006451612903225806,1810,1,Jeff Davis,Georgia,0.0,both,0.06451612903225806,0.06451612903225806,0.0,0.0,0.0,0.0,0.0,0.0,0.06-0.14,0.06-0.14,-0.12-0,-0.12-0,True,True,0.0,0.0
13163,0.003827517865754938,4831.0,17.0,10550.0,0.002079179347255746,0.003827517865754938,4831,17,Jefferson,Georgia,0.002079179347255746,both,0.3827517865754938,0.3827517865754938,0.2079179347255746,0.2079179347255746,0.0,0.0,0.0,0.0,0.37-0.70,0.37-0.70,0.09-0.24,0.09-0.24,True,True,0.0,0.0
13165,0.01493145022123663,4729.0,82.0,6607.0,-0.021422450728363324,0.01493145022123663,4729,82,Jenkins,Georgia,-0.021422450728363324,both,1.493145022123663,1.493145022123663,-2.1422450728363325,-2.1422450728363325,0.0,0.0,0.0,0.0,0.70+,0.70+,<-0.12,<-0.12,True,True,0.0,0.0
13167,0.0,883.0,0.0,6644.0,0.0,0.0,883,0,Johnson,Georgia,0.0,both,0.0,0.0,0.0,0.0,0.0,0.0,0.0,0.0,0-0.06,0-0.06,-0.12-0,-0.12-0,True,True,0.0,0.0
13169,0.002387966720747015,3816.0,10.0,19675.0,0.0027624309392265192,0.002387966720747015,3816,10,Jones,Georgia,0.0027624309392265192,both,0.2387966720747015,0.2387966720747015,0.2762430939226519,0.2762430939226519,0.0,0.0,0.0,0.0,0.23-0.37,0.23-0.37,0.24-0.57,0.24-0.57,True,True,0.0,0.0
13171,0.0003154574132492113,3709.0,2.0,12272.0,0.0,0.0003154574132492113,3709,2,Lamar,Georgia,0.0,both,0.031545741324921134,0.031545741324921134,0.0,0.0,0.0,0.0,0.0,0.0,0-0.06,0-0.06,-0.12-0,-0.12-0,True,True,0.0,0.0
13173,0.002283341982355994,1456.0,2.0,6569.0,-0.004329004329004329,0.002283341982355994,1456,2,Lanier,Georgia,-0.004329004329004329,both,0.2283341982355994,0.2283341982355994,-0.4329004329004329,-0.4329004329004329,0.0,0.0,0.0,0.0,0.14-0.23,0.14-0.23,<-0.12,<-0.12,True,True,0.0,0.0
13175,0.002652891465142586,21557.0,56.0,33167.0,-0.0004267670614724263,0.002652891465142586,21557,56,Laurens,Georgia,-0.0004267670614724263,both,0.2652891465142586,0.2652891465142586,-0.04267670614724263,-0.04267670614724263,0.0,0.0,0.0,0.0,0.23-0.37,0.23-0.37,-0.12-0,-0.12-0,True,True,0.0,0.0
13177,0.002471374258855707,2744.0,6.0,21270.0,-0.0006177598160217823,0.002471374258855707,2744,6,Lee,Georgia,-0.0006177598160217823,both,0.2471374258855707,0.2471374258855707,-0.06177598160217823,-0.06177598160217823,0.0,0.0,0.0,0.0,0.23-0.37,0.23-0.37,-0.12-0,-0.12-0,True,True,0.0,0.0
13179,0.0029178566537537373,23345.0,78.0,37758.0,-0.0011659985528151345,0.0029178566537537373,23345,78,Liberty,Georgia,-0.0011659985528151345,both,0.2917856653753737,0.2917856653753737,-0.11659985528151345,-0.11659985528151345,0.0,0.0,0.0,0.0,0.23-0.37,0.23-0.37,-0.12-0,-0.12-0,True,True,0.0,0.0
13181,0.0,772.0,0.0,5695.0,0.0,0.0,772,0,Lincoln,Georgia,0.0,both,0.0,0.0,0.0,0.0,0.0,0.0,0.0,0.0,0-0.06,0-0.06,-0.12-0,-0.12-0,True,True,0.0,0.0
13183,0.0,753.0,0.0,10800.0,0.0,0.0,753,0,Long,Georgia,0.0,both,0.0,0.0,0.0,0.0,0.0,0.0,0.0,0.0,0-0.06,0-0.06,-0.12-0,-0.12-0,True,True,0.0,0.0
13185,0.001551549093082258,41618.0,69.0,70095.0,-4.490032300654627e-05,0.001551549093082258,41618,69,Lowndes,Georgia,-4.490032300654627e-05,both,0.15515490930822579,0.15515490930822579,-0.004490032300654627,-0.004490032300654627,0.0,0.0,0.0,0.0,0.14-0.23,0.14-0.23,-0.12-0,-0.12-0,True,True,0.0,0.0
13187,0.002058898592165547,9774.0,25.0,20748.0,0.004203248449296447,0.002058898592165547,9774,25,Lumpkin,Georgia,0.004203248449296447,both,0.2058898592165547,0.2058898592165547,0.4203248449296447,0.4203248449296447,0.0,0.0,0.0,0.0,0.14-0.23,0.14-0.23,0.24-0.57,0.24-0.57,True,True,0.0,0.0
13189,0.000674980772326459,7610.0,9.0,14705.0,0.002003205128205128,0.000674980772326459,7610,9,McDuffie,Georgia,0.002003205128205128,both,0.0674980772326459,0.0674980772326459,0.2003205128205128,0.2003205128205128,0.0,0.0,0.0,0.0,0.06-0.14,0.06-0.14,0.09-0.24,0.09-0.24,True,True,0.0,0.0
13191,0.0021034697656484684,2484.0,6.0,8928.0,0.00011723628208068926,0.0021034697656484684,2484,6,McIntosh,Georgia,0.00011723628208068926,both,0.21034697656484685,0.21034697656484685,0.011723628208068926,0.011723628208068926,0.0,0.0,0.0,0.0,0.14-0.23,0.14-0.23,0-0.09,0-0.09,True,True,0.0,0.0
13193,0.00098151433846864,3317.0,3.0,8627.0,0.0009250693802035153,0.00098151433846864,3317,3,Macon,Georgia,0.0009250693802035153,both,0.098151433846864,0.098151433846864,0.09250693802035154,0.09250693802035154,0.0,0.0,0.0,0.0,0.06-0.14,0.06-0.14,0.09-0.24,0.09-0.24,True,True,0.0,0.0
13195,0.0010179392000607625,5943.0,10.0,20802.0,0.004555808656036446,0.0010179392000607625,5943,10,Madison,Georgia,0.004555808656036446,both,0.10179392000607625,0.10179392000607625,0.45558086560364464,0.45558086560364464,0.0,0.0,0.0,0.0,0.06-0.14,0.06-0.14,0.24-0.57,0.24-0.57,True,True,0.0,0.0
13197,0.0008130081300813009,788.0,1.0,5391.0,0.0,0.0008130081300813009,788,1,Marion,Georgia,0.0,both,0.0813008130081301,0.0813008130081301,0.0,0.0,0.0,0.0,0.0,0.0,0.06-0.14,0.06-0.14,-0.12-0,-0.12-0,True,True,0.0,0.0
13199,0.0024163085789930517,7343.0,25.0,14753.0,0.00372755340437089,0.0024163085789930517,7343,25,Meriwether,Georgia,0.00372755340437089,both,0.24163085789930516,0.24163085789930516,0.37275534043708897,0.37275534043708897,0.0,0.0,0.0,0.0,0.23-0.37,0.23-0.37,0.24-0.57,0.24-0.57,True,True,0.0,0.0
13201,0.0012048192771084338,926.0,2.0,4072.0,0.008032128514056224,0.0012048192771084338,926,2,Miller,Georgia,0.008032128514056224,both,0.12048192771084339,0.12048192771084339,0.8032128514056224,0.8032128514056224,0.0,0.0,0.0,0.0,0.06-0.14,0.06-0.14,0.57+,0.57+,True,True,0.0,0.0
13205,0.0005427408412483039,5102.0,4.0,14690.0,0.0030959752321981426,0.0005427408412483039,5102,4,Mitchell,Georgia,0.0030959752321981426,both,0.05427408412483039,0.05427408412483039,0.30959752321981426,0.30959752321981426,0.0,0.0,0.0,0.0,0-0.06,0-0.06,0.24-0.57,0.24-0.57,True,True,0.0,0.0
13207,0.000976525005677609,9083.0,13.0,19809.0,0.0031163434903047093,0.000976525005677609,9083,13,Monroe,Georgia,0.0031163434903047093,both,0.0976525005677609,0.0976525005677609,0.31163434903047094,0.31163434903047094,0.0,0.0,0.0,0.0,0.06-0.14,0.06-0.14,0.24-0.57,0.24-0.57,True,True,0.0,0.0
13209,0.0015748031496062992,1266.0,2.0,5719.0,0.0,0.0015748031496062992,1266,2,Montgomery,Georgia,0.0,both,0.15748031496062992,0.15748031496062992,0.0,0.0,0.0,0.0,0.0,0.0,0.14-0.23,0.14-0.23,-0.12-0,-0.12-0,True,True,0.0,0.0
13211,0.012016136853876279,13923.0,176.0,14369.0,0.008542591771124396,0.012016136853876279,13923,176,Morgan,Georgia,0.008542591771124396,both,1.2016136853876278,1.2016136853876278,0.8542591771124396,0.8542591771124396,0.0,0.0,0.0,0.0,0.70+,0.70+,0.57+,0.57+,True,True,0.0,0.0
13213,0.0012744211290546315,10469.0,14.0,27036.0,-0.0006243937864529836,0.0012744211290546315,10469,14,Murray,Georgia,-0.0006243937864529836,both,0.12744211290546315,0.12744211290546315,-0.06243937864529836,-0.06243937864529836,0.0,0.0,0.0,0.0,0.06-0.14,0.06-0.14,-0.12-0,-0.12-0,True,True,0.0,0.0
13215,0.011492269051321786,205295.0,2544.0,134389.0,0.0024953607667385046,0.011492269051321786,205295,2544,Muscogee,Georgia,0.0024953607667385046,both,1.1492269051321786,1.1492269051321786,0.24953607667385047,0.24953607667385047,0.0,0.0,0.0,0.0,0.70+,0.70+,0.24-0.57,0.24-0.57,True,True,0.0,0.0
13217,0.0035176820135954584,35155.0,143.0,73089.0,0.0009653693486071932,0.0035176820135954584,35155,143,Newton,Georgia,0.0009653693486071932,both,0.35176820135954584,0.35176820135954584,0.09653693486071932,0.09653693486071932,0.0,0.0,0.0,0.0,0.23-0.37,0.23-0.37,0.09-0.24,0.09-0.24,True,True,0.0,0.0
13219,0.0013621937626258833,14578.0,22.0,27475.0,0.0021587916044619633,0.0013621937626258833,14578,22,Oconee,Georgia,0.0021587916044619633,both,0.13621937626258832,0.13621937626258832,0.21587916044619632,0.21587916044619632,0.0,0.0,0.0,0.0,0.06-0.14,0.06-0.14,0.09-0.24,0.09-0.24,True,True,0.0,0.0
13221,0.002295487726982389,2481.0,7.0,10536.0,0.010344827586206896,0.002295487726982389,2481,7,Oglethorpe,Georgia,0.010344827586206896,both,0.2295487726982389,0.2295487726982389,1.0344827586206897,1.0344827586206897,0.0,0.0,0.0,0.0,0.14-0.23,0.14-0.23,0.57+,0.57+,True,True,0.0,0.0
13223,0.003264814419306221,32715.0,137.0,111586.0,0.00581759286898594,0.003264814419306221,32715,137,Paulding,Georgia,0.00581759286898594,both,0.32648144193062206,0.32648144193062206,0.581759286898594,0.581759286898594,0.0,0.0,0.0,0.0,0.23-0.37,0.23-0.37,0.57+,0.57+,True,True,0.0,0.0
13225,0.001168431468674179,11230.0,17.0,18005.0,0.002059522999210018,0.001168431468674179,11230,17,Peach,Georgia,0.002059522999210018,both,0.11684314686741791,0.11684314686741791,0.20595229992100178,0.20595229992100178,0.0,0.0,0.0,0.0,0.06-0.14,0.06-0.14,0.09-0.24,0.09-0.24,True,True,0.0,0.0
13227,0.0014205996649965947,10875.0,23.0,24627.0,0.004072641521829308,0.0014205996649965947,10875,23,Pickens,Georgia,0.004072641521829308,both,0.14205996649965946,0.14205996649965946,0.4072641521829308,0.4072641521829308,0.0,0.0,0.0,0.0,0.14-0.23,0.14-0.23,0.24-0.57,0.24-0.57,True,True,0.0,0.0
13229,0.001639344262295082,2175.0,5.0,13247.0,0.0,0.001639344262295082,2175,5,Pierce,Georgia,0.0,both,0.16393442622950818,0.16393442622950818,0.0,0.0,0.0,0.0,0.0,0.0,0.14-0.23,0.14-0.23,-0.12-0,-0.12-0,True,True,0.0,0.0
13231,0.0011620289207953769,2812.0,7.0,13056.0,0.0010570824524312897,0.0011620289207953769,2812,7,Pike,Georgia,0.0010570824524312897,both,0.11620289207953768,0.11620289207953768,0.10570824524312897,0.10570824524312897,0.0,0.0,0.0,0.0,0.06-0.14,0.06-0.14,0.09-0.24,0.09-0.24,True,True,0.0,0.0
13233,0.001562934948234199,11669.0,26.0,28540.0,0.00698513284742836,0.001562934948234199,11669,26,Polk,Georgia,0.00698513284742836,both,0.1562934948234199,0.1562934948234199,0.698513284742836,0.698513284742836,0.0,0.0,0.0,0.0,0.14-0.23,0.14-0.23,0.57+,0.57+,True,True,0.0,0.0
13235,0.0,2035.0,0.0,7360.0,0.0,0.0,2035,0,Pulaski,Georgia,0.0,both,0.0,0.0,0.0,0.0,0.0,0.0,0.0,0.0,0-0.06,0-0.06,-0.12-0,-0.12-0,True,True,0.0,0.0
13237,8.319467554076539e-05,5897.0,1.0,16260.0,0.0,8.319467554076539e-05,5897,1,Putnam,Georgia,0.0,both,0.008319467554076539,0.008319467554076539,0.0,0.0,0.0,0.0,0.0,0.0,0-0.06,0-0.06,-0.12-0,-0.12-0,True,True,0.0,0.0
13239,0.00040650406504065046,788.0,1.0,1690.0,0.0024449877750611247,0.00040650406504065046,788,1,Quitman,Georgia,0.0024449877750611247,both,0.04065040650406505,0.04065040650406505,0.24449877750611246,0.24449877750611246,0.0,0.0,0.0,0.0,0-0.06,0-0.06,0.24-0.57,0.24-0.57,True,True,0.0,0.0
13241,0.0019039279754065473,4612.0,11.0,13158.0,0.0008364541543713199,0.0019039279754065473,4612,11,Rabun,Georgia,0.0008364541543713199,both,0.19039279754065475,0.19039279754065475,0.083645415437132,0.083645415437132,0.0,0.0,0.0,0.0,0.14-0.23,0.14-0.23,0-0.09,0-0.09,True,True,0.0,0.0
13243,0.0010960960960960963,1303.0,2.0,4233.0,0.005479452054794521,0.0010960960960960963,1303,2,Randolph,Georgia,0.005479452054794521,both,0.10960960960960964,0.10960960960960964,0.547945205479452,0.547945205479452,0.0,0.0,0.0,0.0,0.06-0.14,0.06-0.14,0.24-0.57,0.24-0.57,True,True,0.0,0.0
13245,0.007287740295878554,261076.0,2144.0,135577.0,0.004665044302613357,0.007287740295878554,261076,2144,Richmond,Georgia,0.004665044302613357,both,0.7287740295878554,0.7287740295878554,0.4665044302613357,0.4665044302613357,0.0,0.0,0.0,0.0,0.70+,0.70+,0.24-0.57,0.24-0.57,True,True,0.0,0.0
13247,0.005894788461209066,59291.0,390.0,62583.0,0.004899736093720728,0.005894788461209066,59291,390,Rockdale,Georgia,0.004899736093720728,both,0.5894788461209066,0.5894788461209066,0.48997360937207285,0.48997360937207285,0.0,0.0,0.0,0.0,0.37-0.70,0.37-0.70,0.24-0.57,0.24-0.57,True,True,0.0,0.0
13249,0.0,365.0,0.0,3019.0,0.0,0.0,365,0,Schley,Georgia,0.0,both,0.0,0.0,0.0,0.0,0.0,0.0,0.0,0.0,0-0.06,0-0.06,-0.12-0,-0.12-0,True,True,0.0,0.0
13251,0.0004651162790697674,1676.0,1.0,10250.0,0.0,0.0004651162790697674,1676,1,Screven,Georgia,0.0,both,0.046511627906976744,0.046511627906976744,0.0,0.0,0.0,0.0,0.0,0.0,0-0.06,0-0.06,-0.12-0,-0.12-0,True,True,0.0,0.0
13253,0.0038461538461538464,1038.0,4.0,6698.0,0.01834862385321101,0.0038461538461538464,1038,4,Seminole,Georgia,0.01834862385321101,both,0.38461538461538464,0.38461538461538464,1.834862385321101,1.834862385321101,0.0,0.0,0.0,0.0,0.37-0.70,0.37-0.70,0.57+,0.57+,True,True,0.0,0.0
13255,0.0009281593760136536,28626.0,35.0,46186.0,0.0007370849528696307,0.0009281593760136536,28626,35,Spalding,Georgia,0.0007370849528696307,both,0.09281593760136536,0.09281593760136536,0.07370849528696306,0.07370849528696306,0.0,0.0,0.0,0.0,0.06-0.14,0.06-0.14,0-0.09,0-0.09,True,True,0.0,0.0
13257,0.00083387477408207,10055.0,10.0,18319.0,0.0010409800631530595,0.00083387477408207,10055,10,Stephens,Georgia,0.0010409800631530595,both,0.083387477408207,0.083387477408207,0.10409800631530595,0.10409800631530595,0.0,0.0,0.0,0.0,0.06-0.14,0.06-0.14,0.09-0.24,0.09-0.24,True,True,0.0,0.0
13259,0.00956800757594985,1784.0,15.0,4182.0,0.023392933163048104,0.00956800757594985,1784,15,Stewart,Georgia,0.023392933163048104,both,0.9568007575949851,0.9568007575949851,2.3392933163048104,2.3392933163048104,0.0,0.0,0.0,0.0,0.70+,0.70+,0.57+,0.57+,True,True,0.0,0.0
13261,0.006530369985549822,8759.0,50.0,18489.0,0.006703012912482066,0.006530369985549822,8759,50,Sumter,Georgia,0.006703012912482066,both,0.6530369985549822,0.6530369985549822,0.6703012912482066,0.6703012912482066,0.0,0.0,0.0,0.0,0.37-0.70,0.37-0.70,0.57+,0.57+,True,True,0.0,0.0
13263,0.001947935606472192,1479.0,4.0,4411.0,0.002325581395348837,0.001947935606472192,1479,4,Talbot,Georgia,0.002325581395348837,both,0.1947935606472192,0.1947935606472192,0.23255813953488372,0.23255813953488372,0.0,0.0,0.0,0.0,0.14-0.23,0.14-0.23,0.09-0.24,0.09-0.24,True,True,0.0,0.0
13265,0.0030303030303030303,394.0,1.0,1300.0,0.0,0.0030303030303030303,394,1,Taliaferro,Georgia,0.0,both,0.30303030303030304,0.30303030303030304,0.0,0.0,0.0,0.0,0.0,0.0,0.23-0.37,0.23-0.37,-0.12-0,-0.12-0,True,True,0.0,0.0
13267,0.0019334505206313468,3569.0,7.0,16973.0,0.001669110228275949,0.0019334505206313468,3569,7,Tattnall,Georgia,0.001669110228275949,both,0.19334505206313468,0.19334505206313468,0.1669110228275949,0.1669110228275949,0.0,0.0,0.0,0.0,0.14-0.23,0.14-0.23,0.09-0.24,0.09-0.24,True,True,0.0,0.0
13269,0.0,1823.0,0.0,5518.0,0.0,0.0,1823,0,Taylor,Georgia,0.0,both,0.0,0.0,0.0,0.0,0.0,0.0,0.0,0.0,0-0.06,0-0.06,-0.12-0,-0.12-0,True,True,0.0,0.0
13271,0.0036987562494910768,2328.0,10.0,8699.0,0.0048,0.0036987562494910768,2328,10,Telfair,Georgia,0.0048,both,0.3698756249491077,0.3698756249491077,0.48,0.48,0.0,0.0,0.0,0.0,0.23-0.37,0.23-0.37,0.24-0.57,0.24-0.57,True,True,0.0,0.0
13273,0.004598020721887494,1617.0,5.0,6081.0,0.010101010101010102,0.004598020721887494,1617,5,Terrell,Georgia,0.010101010101010102,both,0.45980207218874936,0.45980207218874936,1.0101010101010102,1.0101010101010102,0.0,0.0,0.0,0.0,0.37-0.70,0.37-0.70,0.57+,0.57+,True,True,0.0,0.0
13275,0.003022494328176452,23710.0,85.0,31127.0,-0.0016083353209030852,0.003022494328176452,23710,85,Thomas,Georgia,-0.0016083353209030852,both,0.30224943281764516,0.30224943281764516,-0.1608335320903085,-0.1608335320903085,0.0,0.0,0.0,0.0,0.23-0.37,0.23-0.37,<-0.12,<-0.12,True,True,0.0,0.0
13277,0.0017379498192266756,15796.0,25.0,26945.0,0.0020159573562220064,0.0017379498192266756,15796,25,Tift,Georgia,0.0020159573562220064,both,0.17379498192266757,0.17379498192266757,0.20159573562220065,0.20159573562220065,0.0,0.0,0.0,0.0,0.14-0.23,0.14-0.23,0.09-0.24,0.09-0.24,True,True,0.0,0.0
13279,0.00046367059805202984,11620.0,6.0,17297.0,-4.2368863641876315e-05,0.00046367059805202984,11620,6,Toombs,Georgia,-4.2368863641876315e-05,both,0.04636705980520298,0.04636705980520298,-0.004236886364187632,-0.004236886364187632,0.0,0.0,0.0,0.0,0-0.06,0-0.06,-0.12-0,-0.12-0,True,True,0.0,0.0
13281,0.0004807692307692308,2475.0,1.0,9554.0,-0.0024096385542168677,0.0004807692307692308,2475,1,Towns,Georgia,-0.0024096385542168677,both,0.04807692307692308,0.04807692307692308,-0.24096385542168677,-0.24096385542168677,0.0,0.0,0.0,0.0,0-0.06,0-0.06,<-0.12,<-0.12,True,True,0.0,0.0
13283,0.002268649064342476,806.0,2.0,4336.0,0.011299435028248588,0.002268649064342476,806,2,Treutlen,Georgia,0.011299435028248588,both,0.2268649064342476,0.2268649064342476,1.1299435028248588,1.1299435028248588,0.0,0.0,0.0,0.0,0.14-0.23,0.14-0.23,0.57+,0.57+,True,True,0.0,0.0
13285,0.00143687679659536,39400.0,62.0,46260.0,0.0008088872997545663,0.00143687679659536,39400,62,Troup,Georgia,0.0008088872997545663,both,0.143687679659536,0.143687679659536,0.08088872997545664,0.08088872997545664,0.0,0.0,0.0,0.0,0.14-0.23,0.14-0.23,0-0.09,0-0.09,True,True,0.0,0.0
13287,0.002028493894165536,1820.0,5.0,6043.0,0.0,0.002028493894165536,1820,5,Turner,Georgia,0.0,both,0.20284938941655362,0.20284938941655362,0.0,0.0,0.0,0.0,0.0,0.0,0.14-0.23,0.14-0.23,-0.12-0,-0.12-0,True,True,0.0,0.0
13289,0.002469005291364991,3568.0,7.0,6030.0,0.004785744891285788,0.002469005291364991,3568,7,Twiggs,Georgia,0.004785744891285788,both,0.2469005291364991,0.2469005291364991,0.4785744891285788,0.4785744891285788,0.0,0.0,0.0,0.0,0.23-0.37,0.23-0.37,0.24-0.57,0.24-0.57,True,True,0.0,0.0
13291,0.0001392757660167131,4980.0,1.0,19586.0,0.0,0.0001392757660167131,4980,1,Union,Georgia,0.0,both,0.01392757660167131,0.01392757660167131,0.0,0.0,0.0,0.0,0.0,0.0,0-0.06,0-0.06,-0.12-0,-0.12-0,True,True,0.0,0.0
13293,0.0016344011877193667,10774.0,16.0,19052.0,-0.002681375472073147,0.0016344011877193667,10774,16,Upson,Georgia,-0.002681375472073147,both,0.16344011877193668,0.16344011877193668,-0.2681375472073147,-0.2681375472073147,0.0,0.0,0.0,0.0,0.14-0.23,0.14-0.23,<-0.12,<-0.12,True,True,0.0,0.0
13295,0.00271412672449771,16869.0,63.0,47811.0,0.0034147486295743714,0.00271412672449771,16869,63,Walker,Georgia,0.0034147486295743714,both,0.271412672449771,0.271412672449771,0.3414748629574371,0.3414748629574371,0.0,0.0,0.0,0.0,0.23-0.37,0.23-0.37,0.24-0.57,0.24-0.57,True,True,0.0,0.0
13297,0.0033279818876247834,39516.0,151.0,65681.0,0.0007960669651174077,0.0033279818876247834,39516,151,Walton,Georgia,0.0007960669651174077,both,0.33279818876247835,0.33279818876247835,0.07960669651174077,0.07960669651174077,0.0,0.0,0.0,0.0,0.23-0.37,0.23-0.37,0-0.09,0-0.09,True,True,0.0,0.0
13299,0.0008744294765002595,14190.0,13.0,24173.0,-0.0001043940170089414,0.0008744294765002595,14190,13,Ware,Georgia,-0.0001043940170089414,both,0.08744294765002596,0.08744294765002596,-0.01043940170089414,-0.01043940170089414,0.0,0.0,0.0,0.0,0.06-0.14,0.06-0.14,-0.12-0,-0.12-0,True,True,0.0,0.0
13301,0.001363233338259199,1935.0,4.0,3692.0,0.0,0.001363233338259199,1935,4,Warren,Georgia,0.0,both,0.1363233338259199,0.1363233338259199,0.0,0.0,0.0,0.0,0.0,0.0,0.06-0.14,0.06-0.14,-0.12-0,-0.12-0,True,True,0.0,0.0
13303,0.0007300849643803266,5554.0,5.0,14066.0,0.0006695268596289806,0.0007300849643803266,5554,5,Washington,Georgia,0.0006695268596289806,both,0.07300849643803266,0.07300849643803266,0.06695268596289805,0.06695268596289805,0.0,0.0,0.0,0.0,0.06-0.14,0.06-0.14,0-0.09,0-0.09,True,True,0.0,0.0
13305,0.000946673956126224,5680.0,5.0,20263.0,-7.024345275772638e-05,0.000946673956126224,5680,5,Wayne,Georgia,-7.024345275772638e-05,both,0.0946673956126224,0.0946673956126224,-0.007024345275772639,-0.007024345275772639,0.0,0.0,0.0,0.0,0.06-0.14,0.06-0.14,-0.12-0,-0.12-0,True,True,0.0,0.0
13307,0.0,429.0,0.0,1709.0,0.0,0.0,429,0,Webster,Georgia,0.0,both,0.0,0.0,0.0,0.0,0.0,0.0,0.0,0.0,0-0.06,0-0.06,-0.12-0,-0.12-0,True,True,0.0,0.0
13309,0.00696594427244582,872.0,5.0,4792.0,-0.008130081300813009,0.00696594427244582,872,5,Wheeler,Georgia,-0.008130081300813009,both,0.696594427244582,0.696594427244582,-0.8130081300813009,-0.8130081300813009,0.0,0.0,0.0,0.0,0.37-0.70,0.37-0.70,<-0.12,<-0.12,True,True,0.0,0.0
13311,0.0004066401358773137,6242.0,2.0,19922.0,-0.0020325203252032522,0.0004066401358773137,6242,2,White,Georgia,-0.0020325203252032522,both,0.04066401358773137,0.04066401358773137,-0.20325203252032523,-0.20325203252032523,0.0,0.0,0.0,0.0,0-0.06,0-0.06,<-0.12,<-0.12,True,True,0.0,0.0
13313,0.0036717777723438323,61151.0,245.0,66792.0,0.0017829641603181122,0.0036717777723438323,61151,245,Whitfield,Georgia,0.0017829641603181122,both,0.3671777772343832,0.3671777772343832,0.17829641603181123,0.17829641603181123,0.0,0.0,0.0,0.0,0.23-0.37,0.23-0.37,0.09-0.24,0.09-0.24,True,True,0.0,0.0
13315,0.005749038836872303,1278.0,10.0,6487.0,0.0018116598427479255,0.005749038836872303,1278,10,Wilcox,Georgia,0.0018116598427479255,both,0.5749038836872303,0.5749038836872303,0.18116598427479255,0.18116598427479255,0.0,0.0,0.0,0.0,0.37-0.70,0.37-0.70,0.09-0.24,0.09-0.24,True,True,0.0,0.0
13317,0.002559331602779333,3001.0,6.0,7015.0,-0.0007474845131951158,0.002559331602779333,3001,6,Wilkes,Georgia,-0.0007474845131951158,both,0.25593316027793334,0.25593316027793334,-0.07474845131951158,-0.07474845131951158,0.0,0.0,0.0,0.0,0.23-0.37,0.23-0.37,-0.12-0,-0.12-0,True,True,0.0,0.0
13319,0.010081358236137105,4558.0,56.0,6122.0,0.006483154027691109,0.010081358236137105,4558,56,Wilkinson,Georgia,0.006483154027691109,both,1.0081358236137106,1.0081358236137106,0.6483154027691108,0.6483154027691108,0.0,0.0,0.0,0.0,0.70+,0.70+,0.57+,0.57+,True,True,0.0,0.0
13321,0.0007674640123547249,3342.0,3.0,14450.0,0.0016611295681063123,0.0007674640123547249,3342,3,Worth,Georgia,0.0016611295681063123,both,0.0767464012354725,0.0767464012354725,0.16611295681063123,0.16611295681063123,0.0,0.0,0.0,0.0,0.06-0.14,0.06-0.14,0.09-0.24,0.09-0.24,True,True,0.0,0.0
13999,,,,,,0.03627737128255849,273835,12772,"[Georgia, county not reported]",Georgia,0.032107004033238955,right_only,,3.6277371282558493,,3.2107004033238953,,,,,No data,0.70+,No data,0.57+,False,False,,
15001,0.0023014142045364254,60016.0,146.0,145052.0,0.001327305343830155,0.0023014142045364254,60016,146,Hawaii,Hawaii,0.001327305343830155,both,0.23014142045364255,0.23014142045364255,0.13273053438301552,0.13273053438301552,0.0,0.0,0.0,0.0,0.23-0.37,0.23-0.37,0.09-0.24,0.09-0.24,True,True,0.0,0.0
15003,0.00930226202156328,625385.0,6726.0,706586.0,0.010869014561854845,0.00930226202156328,625385,6726,Honolulu,Hawaii,0.010869014561854845,both,0.9302262021563279,0.9302262021563279,1.0869014561854846,1.0869014561854846,0.0,0.0,0.0,0.0,0.70+,0.70+,0.57+,0.57+,True,True,0.0,0.0
15005,,,,,,0.02,222,1,Kalawao,Hawaii,0.03125,right_only,,2.0,,3.125,,,,,No data,0.70+,No data,0.57+,False,False,,
15007,0.0013370557181378974,40101.0,45.0,52686.0,-5.604692106551658e-05,0.0013370557181378974,40101,45,Kauai,Hawaii,-5.604692106551658e-05,both,0.13370557181378975,0.13370557181378975,-0.005604692106551658,-0.005604692106551658,0.0,0.0,0.0,0.0,0.06-0.14,0.06-0.14,-0.12-0,-0.12-0,True,True,0.0,0.0
15009,0.0022188596349247717,74507.0,159.0,118155.0,0.0014647767730188348,0.0022188596349247717,74507,159,Maui,Hawaii,0.0014647767730188348,both,0.22188596349247716,0.22188596349247716,0.1464776773018835,0.1464776773018835,0.0,0.0,0.0,0.0,0.14-0.23,0.14-0.23,0.09-0.24,0.09-0.24,True,True,0.0,0.0
15999,,,,,,0.01616377516100547,96581,2781,"[Hawaii, county not reported]",Hawaii,0.04388527807785473,right_only,,1.6163775161005471,,4.388527807785473,,,,,No data,0.70+,No data,0.57+,False,False,,
16001,0.017529647028732876,603363.0,13293.0,340007.0,0.01737758408869641,0.017529647028732876,603363,13293,Ada,Idaho,0.01737758408869641,both,1.7529647028732875,1.7529647028732875,1.737758408869641,1.737758408869641,0.0,0.0,0.0,0.0,0.70+,0.70+,0.57+,0.57+,True,True,0.0,0.0
16003,0.0007194244604316547,1117.0,1.0,3489.0,0.0,0.0007194244604316547,1117,1,Adams,Idaho,0.0,both,0.07194244604316546,0.07194244604316546,0.0,0.0,0.0,0.0,0.0,0.0,0.06-0.14,0.06-0.14,-0.12-0,-0.12-0,True,True,0.0,0.0
16005,0.005659082071222727,47536.0,298.0,55903.0,0.0071819582109379915,0.005659082071222727,47536,298,Bannock,Idaho,0.0071819582109379915,both,0.5659082071222726,0.5659082071222726,0.7181958210937991,0.7181958210937991,0.0,0.0,0.0,0.0,0.37-0.70,0.37-0.70,0.57+,0.57+,True,True,0.0,0.0
16007,0.000510204081632653,1367.0,1.0,4244.0,0.0,0.000510204081632653,1367,1,Bear Lake,Idaho,0.0,both,0.0510204081632653,0.0510204081632653,0.0,0.0,0.0,0.0,0.0,0.0,0-0.06,0-0.06,-0.12-0,-0.12-0,True,True,0.0,0.0
16009,0.004243434976796065,3763.0,17.0,6892.0,0.006013610626573463,0.004243434976796065,3763,17,Benewah,Idaho,0.006013610626573463,both,0.4243434976796065,0.4243434976796065,0.6013610626573463,0.6013610626573463,0.0,0.0,0.0,0.0,0.37-0.70,0.37-0.70,0.57+,0.57+,True,True,0.0,0.0
16011,0.0017221484177399392,11865.0,21.0,29380.0,0.006094702297233943,0.0017221484177399392,11865,21,Bingham,Idaho,0.006094702297233943,both,0.1722148417739939,0.1722148417739939,0.6094702297233943,0.6094702297233943,0.0,0.0,0.0,0.0,0.14-0.23,0.14-0.23,0.57+,0.57+,True,True,0.0,0.0
16013,0.0027681090981207645,9515.0,24.0,17446.0,0.00018587909665545828,0.0027681090981207645,9515,24,Blaine,Idaho,0.00018587909665545828,both,0.27681090981207646,0.27681090981207646,0.018587909665545826,0.018587909665545826,0.0,0.0,0.0,0.0,0.23-0.37,0.23-0.37,0-0.09,0-0.09,True,True,0.0,0.0
16015,0.007423993381824577,2956.0,27.0,6136.0,0.01681537245067444,0.007423993381824577,2956,27,Boise,Idaho,0.01681537245067444,both,0.7423993381824577,0.7423993381824577,1.6815372450674442,1.6815372450674442,0.0,0.0,0.0,0.0,0.70+,0.70+,0.57+,0.57+,True,True,0.0,0.0
16017,0.0038635668350923704,15698.0,58.0,35969.0,-0.0043276496957073505,0.0038635668350923704,15698,58,Bonner,Idaho,-0.0043276496957073505,both,0.386356683509237,0.386356683509237,-0.43276496957073507,-0.43276496957073507,0.0,0.0,0.0,0.0,0.37-0.70,0.37-0.70,<-0.12,<-0.12,True,True,0.0,0.0
16019,0.008330996119556894,84803.0,766.0,75960.0,0.007963150090082522,0.008330996119556894,84803,766,Bonneville,Idaho,0.007963150090082522,both,0.8330996119556894,0.8330996119556894,0.7963150090082521,0.7963150090082521,0.0,0.0,0.0,0.0,0.70+,0.70+,0.57+,0.57+,True,True,0.0,0.0
16021,0.0011767180188232821,2999.0,3.0,8561.0,0.0058997050147492625,0.0011767180188232821,2999,3,Boundary,Idaho,0.0058997050147492625,both,0.11767180188232822,0.11767180188232822,0.5899705014749262,0.5899705014749262,0.0,0.0,0.0,0.0,0.06-0.14,0.06-0.14,0.57+,0.57+,True,True,0.0,0.0
16023,0.0,731.0,0.0,1873.0,0.0,0.0,731,0,Butte,Idaho,0.0,both,0.0,0.0,0.0,0.0,0.0,0.0,0.0,0.0,0-0.06,0-0.06,-0.12-0,-0.12-0,True,True,0.0,0.0
16025,0.0,516.0,0.0,733.0,0.0,0.0,516,0,Camas,Idaho,0.0,both,0.0,0.0,0.0,0.0,0.0,0.0,0.0,0.0,0-0.06,0-0.06,-0.12-0,-0.12-0,True,True,0.0,0.0
16027,0.002576968213347508,122676.0,438.0,147654.0,0.004199322656414213,0.002576968213347508,122676,438,Canyon,Idaho,0.004199322656414213,both,0.2576968213347508,0.2576968213347508,0.4199322656414213,0.4199322656414213,0.0,0.0,0.0,0.0,0.23-0.37,0.23-0.37,0.24-0.57,0.24-0.57,True,True,0.0,0.0
16029,0.001831871154059127,2941.0,5.0,4501.0,0.0018281535648994515,0.001831871154059127,2941,5,Caribou,Idaho,0.0018281535648994515,both,0.1831871154059127,0.1831871154059127,0.18281535648994515,0.18281535648994515,0.0,0.0,0.0,0.0,0.14-0.23,0.14-0.23,0.09-0.24,0.09-0.24,True,True,0.0,0.0
16031,0.0009145129955123995,12025.0,11.0,14855.0,0.0018248175182481751,0.0009145129955123995,12025,11,Cassia,Idaho,0.0018248175182481751,both,0.09145129955123996,0.09145129955123996,0.18248175182481752,0.18248175182481752,0.0,0.0,0.0,0.0,0.06-0.14,0.06-0.14,0.09-0.24,0.09-0.24,True,True,0.0,0.0
16033,0.0,349.0,0.0,498.0,0.0,0.0,349,0,Clark,Idaho,0.0,both,0.0,0.0,0.0,0.0,0.0,0.0,0.0,0.0,0-0.06,0-0.06,-0.12-0,-0.12-0,True,True,0.0,0.0
16035,0.003748469372635666,3738.0,24.0,7082.0,-0.005889281507656066,0.003748469372635666,3738,24,Clearwater,Idaho,-0.005889281507656066,both,0.3748469372635666,0.3748469372635666,-0.5889281507656066,-0.5889281507656066,0.0,0.0,0.0,0.0,0.37-0.70,0.37-0.70,<-0.12,<-0.12,True,True,0.0,0.0
16037,0.0015037593984962405,1510.0,2.0,3457.0,0.008130081300813009,0.0015037593984962405,1510,2,Custer,Idaho,0.008130081300813009,both,0.15037593984962405,0.15037593984962405,0.8130081300813009,0.8130081300813009,0.0,0.0,0.0,0.0,0.14-0.23,0.14-0.23,0.57+,0.57+,True,True,0.0,0.0
16039,0.0043888701875330035,12204.0,88.0,18203.0,-0.000986321894884424,0.0043888701875330035,12204,88,Elmore,Idaho,-0.000986321894884424,both,0.43888701875330033,0.43888701875330033,-0.0986321894884424,-0.0986321894884424,0.0,0.0,0.0,0.0,0.37-0.70,0.37-0.70,-0.12-0,-0.12-0,True,True,0.0,0.0
16041,0.0022234498156443855,2339.0,5.0,8542.0,0.0010765206851456096,0.0022234498156443855,2339,5,Franklin,Idaho,0.0010765206851456096,both,0.22234498156443855,0.22234498156443855,0.10765206851456097,0.10765206851456097,0.0,0.0,0.0,0.0,0.14-0.23,0.14-0.23,0.09-0.24,0.09-0.24,True,True,0.0,0.0
16043,0.002148215503523528,2077.0,3.0,9060.0,0.00625,0.002148215503523528,2077,3,Fremont + Yellowstone Park,Idaho,0.00625,both,0.2148215503523528,0.2148215503523528,0.625,0.625,0.0,0.0,0.0,0.0,0.14-0.23,0.14-0.23,0.57+,0.57+,True,True,0.0,0.0
16045,0.0007192366923021688,5983.0,6.0,13550.0,0.003109452736318408,0.0007192366923021688,5983,6,Gem,Idaho,0.003109452736318408,both,0.07192366923021688,0.07192366923021688,0.3109452736318408,0.3109452736318408,0.0,0.0,0.0,0.0,0.06-0.14,0.06-0.14,0.24-0.57,0.24-0.57,True,True,0.0,0.0
16047,0.0011858273749124674,4001.0,6.0,10051.0,0.00015646979115976987,0.0011858273749124674,4001,6,Gooding,Idaho,0.00015646979115976987,both,0.11858273749124673,0.11858273749124673,0.015646979115976987,0.015646979115976987,0.0,0.0,0.0,0.0,0.06-0.14,0.06-0.14,0-0.09,0-0.09,True,True,0.0,0.0
16049,0.00267239476751625,4768.0,15.0,12470.0,-0.001272264631043257,0.00267239476751625,4768,15,Idaho,Idaho,-0.001272264631043257,both,0.267239476751625,0.267239476751625,-0.1272264631043257,-0.1272264631043257,0.0,0.0,0.0,0.0,0.23-0.37,0.23-0.37,<-0.12,<-0.12,True,True,0.0,0.0
16051,0.0014422369389256806,4359.0,5.0,18071.0,0.005847953216374269,0.0014422369389256806,4359,5,Jefferson,Idaho,0.005847953216374269,both,0.14422369389256806,0.14422369389256806,0.5847953216374269,0.5847953216374269,0.0,0.0,0.0,0.0,0.14-0.23,0.14-0.23,0.57+,0.57+,True,True,0.0,0.0
16053,0.00109050465541693,8060.0,9.0,15020.0,0.0015090543259557343,0.00109050465541693,8060,9,Jerome,Idaho,0.0015090543259557343,both,0.10905046554169301,0.10905046554169301,0.15090543259557343,0.15090543259557343,0.0,0.0,0.0,0.0,0.06-0.14,0.06-0.14,0.09-0.24,0.09-0.24,True,True,0.0,0.0
16055,0.005640198907104132,98435.0,732.0,121326.0,0.0028753095778565867,0.005640198907104132,98435,732,Kootenai,Idaho,0.0028753095778565867,both,0.5640198907104133,0.5640198907104133,0.2875309577856587,0.2875309577856587,0.0,0.0,0.0,0.0,0.37-0.70,0.37-0.70,0.24-0.57,0.24-0.57,True,True,0.0,0.0
16057,0.004882006242699459,23417.0,129.0,23242.0,0.007722480382350632,0.004882006242699459,23417,129,Latah,Idaho,0.007722480382350632,both,0.4882006242699459,0.4882006242699459,0.7722480382350633,0.7722480382350633,0.0,0.0,0.0,0.0,0.37-0.70,0.37-0.70,0.57+,0.57+,True,True,0.0,0.0
16059,0.0006582349392398517,3687.0,2.0,6015.0,-0.001692047377326565,0.0006582349392398517,3687,2,Lemhi,Idaho,-0.001692047377326565,both,0.06582349392398518,0.06582349392398518,-0.1692047377326565,-0.1692047377326565,0.0,0.0,0.0,0.0,0.06-0.14,0.06-0.14,<-0.12,<-0.12,True,True,0.0,0.0
16061,0.0,1347.0,0.0,2619.0,0.0,0.0,1347,0,Lewis,Idaho,0.0,both,0.0,0.0,0.0,0.0,0.0,0.0,0.0,0.0,0-0.06,0-0.06,-0.12-0,-0.12-0,True,True,0.0,0.0
16063,0.0026864330637915547,1188.0,3.0,3410.0,0.00038430006148800974,0.0026864330637915547,1188,3,Lincoln,Idaho,0.00038430006148800974,both,0.26864330637915546,0.26864330637915546,0.038430006148800974,0.038430006148800974,0.0,0.0,0.0,0.0,0.23-0.37,0.23-0.37,0-0.09,0-0.09,True,True,0.0,0.0
16065,0.010354395525704678,12687.0,133.0,17543.0,0.01658142852172703,0.010354395525704678,12687,133,Madison,Idaho,0.01658142852172703,both,1.0354395525704678,1.0354395525704678,1.6581428521727029,1.6581428521727029,0.0,0.0,0.0,0.0,0.70+,0.70+,0.57+,0.57+,True,True,0.0,0.0
16067,0.001907480404109509,4427.0,9.0,13452.0,0.00017726298192564547,0.001907480404109509,4427,9,Minidoka,Idaho,0.00017726298192564547,both,0.1907480404109509,0.1907480404109509,0.01772629819256455,0.01772629819256455,0.0,0.0,0.0,0.0,0.14-0.23,0.14-0.23,0-0.09,0-0.09,True,True,0.0,0.0
16069,0.0036925243718595353,26707.0,106.0,29485.0,0.005172924974909027,0.0036925243718595353,26707,106,Nez Perce,Idaho,0.005172924974909027,both,0.3692524371859535,0.3692524371859535,0.5172924974909028,0.5172924974909028,0.0,0.0,0.0,0.0,0.23-0.37,0.23-0.37,0.24-0.57,0.24-0.57,True,True,0.0,0.0
16071,0.0008547008547008548,765.0,1.0,2926.0,0.0,0.0008547008547008548,765,1,Oneida,Idaho,0.0,both,0.08547008547008549,0.08547008547008549,0.0,0.0,0.0,0.0,0.0,0.0,0.06-0.14,0.06-0.14,-0.12-0,-0.12-0,True,True,0.0,0.0
16073,0.0021111250483140426,3918.0,8.0,8004.0,-0.0016666666666666668,0.0021111250483140426,3918,8,Owyhee,Idaho,-0.0016666666666666668,both,0.21111250483140426,0.21111250483140426,-0.16666666666666669,-0.16666666666666669,0.0,0.0,0.0,0.0,0.14-0.23,0.14-0.23,<-0.12,<-0.12,True,True,0.0,0.0
16075,0.0030538195175026117,9539.0,28.0,17063.0,-0.005091269492779986,0.0030538195175026117,9539,28,Payette,Idaho,-0.005091269492779986,both,0.30538195175026117,0.30538195175026117,-0.5091269492779986,-0.5091269492779986,0.0,0.0,0.0,0.0,0.23-0.37,0.23-0.37,<-0.12,<-0.12,True,True,0.0,0.0
16077,0.00017513134851138354,3095.0,1.0,4837.0,0.0,0.00017513134851138354,3095,1,Power,Idaho,0.0,both,0.017513134851138354,0.017513134851138354,0.0,0.0,0.0,0.0,0.0,0.0,0-0.06,0-0.06,-0.12-0,-0.12-0,True,True,0.0,0.0
16079,0.0012533820101027816,5450.0,7.0,9706.0,0.0022978356194623666,0.0012533820101027816,5450,7,Shoshone,Idaho,0.0022978356194623666,both,0.12533820101027815,0.12533820101027815,0.22978356194623667,0.22978356194623667,0.0,0.0,0.0,0.0,0.06-0.14,0.06-0.14,0.09-0.24,0.09-0.24,True,True,0.0,0.0
16081,0.0,2479.0,0.0,8147.0,0.0,0.0,2479,0,Teton,Idaho,0.0,both,0.0,0.0,0.0,0.0,0.0,0.0,0.0,0.0,0-0.06,0-0.06,-0.12-0,-0.12-0,True,True,0.0,0.0
16083,0.0018567817569845745,52900.0,105.0,58172.0,0.003183900362749801,0.0018567817569845745,52900,105,Twin Falls,Idaho,0.003183900362749801,both,0.18567817569845746,0.18567817569845746,0.3183900362749801,0.3183900362749801,0.0,0.0,0.0,0.0,0.14-0.23,0.14-0.23,0.24-0.57,0.24-0.57,True,True,0.0,0.0
16085,0.0,6298.0,0.0,9282.0,0.0,0.0,6298,0,Valley,Idaho,0.0,both,0.0,0.0,0.0,0.0,0.0,0.0,0.0,0.0,0-0.06,0-0.06,-0.12-0,-0.12-0,True,True,0.0,0.0
16087,0.007051527323769871,3262.0,33.0,7460.0,0.0,0.007051527323769871,3262,33,Washington,Idaho,0.0,both,0.7051527323769872,0.7051527323769872,0.0,0.0,0.0,0.0,0.0,0.0,0.70+,0.70+,-0.12-0,-0.12-0,True,True,0.0,0.0
16999,,,,,,0.022221970850218372,86115,3470,"[Idaho, county not reported]",Idaho,0.049983780038275694,right_only,,2.222197085021837,,4.998378003827569,,,,,No data,0.70+,No data,0.57+,False,False,,
17001,0.0022024656144794324,31619.0,72.0,45657.0,6.587615283267434e-05,0.0022024656144794324,31619,72,Adams,Illinois,6.587615283267434e-05,both,0.22024656144794325,0.22024656144794325,0.006587615283267434,0.006587615283267434,0.0,0.0,0.0,0.0,0.14-0.23,0.14-0.23,0-0.09,0-0.09,True,True,0.0,0.0
17003,0.019470289206982884,1492.0,30.0,3759.0,0.06070287539936102,0.019470289206982884,1492,30,Alexander,Illinois,0.06070287539936102,both,1.9470289206982885,1.9470289206982885,6.070287539936102,6.070287539936102,0.0,0.0,0.0,0.0,0.70+,0.70+,0.57+,0.57+,True,True,0.0,0.0
17005,0.0014396719188430821,5024.0,7.0,11499.0,0.00039865245862900044,0.0014396719188430821,5024,7,Bond,Illinois,0.00039865245862900044,both,0.1439671918843082,0.1439671918843082,0.039865245862900044,0.039865245862900044,0.0,0.0,0.0,0.0,0.14-0.23,0.14-0.23,0-0.09,0-0.09,True,True,0.0,0.0
17007,0.002345526828980577,18707.0,46.0,35284.0,-0.003837692528364083,0.002345526828980577,18707,46,Boone,Illinois,-0.003837692528364083,both,0.2345526828980577,0.2345526828980577,-0.38376925283640834,-0.38376925283640834,0.0,0.0,0.0,0.0,0.23-0.37,0.23-0.37,<-0.12,<-0.12,True,True,0.0,0.0
17009,0.004065765676557331,3870.0,15.0,4604.0,0.003426367748069558,0.004065765676557331,3870,15,Brown,Illinois,0.003426367748069558,both,0.4065765676557331,0.4065765676557331,0.3426367748069558,0.3426367748069558,0.0,0.0,0.0,0.0,0.37-0.70,0.37-0.70,0.24-0.57,0.24-0.57,True,True,0.0,0.0
17011,0.0024649984807565252,16010.0,38.0,23667.0,0.0019123414479030492,0.0024649984807565252,16010,38,Bureau,Illinois,0.0019123414479030492,both,0.24649984807565253,0.24649984807565253,0.19123414479030493,0.19123414479030493,0.0,0.0,0.0,0.0,0.23-0.37,0.23-0.37,0.09-0.24,0.09-0.24,True,True,0.0,0.0
17013,0.017396676539276,2243.0,62.0,3272.0,0.07851239669421488,0.017396676539276,2243,62,Calhoun,Illinois,0.07851239669421488,both,1.7396676539276,1.7396676539276,7.851239669421488,7.851239669421488,0.0,0.0,0.0,0.0,0.70+,0.70+,0.57+,0.57+,True,True,0.0,0.0
17015,0.00017889087656529517,4262.0,1.0,11436.0,0.0008880994671403197,0.00017889087656529517,4262,1,Carroll,Illinois,0.0008880994671403197,both,0.017889087656529516,0.017889087656529516,0.08880994671403197,0.08880994671403197,0.0,0.0,0.0,0.0,0-0.06,0-0.06,0-0.09,0-0.09,True,True,0.0,0.0
17017,0.0027662062257113188,5329.0,16.0,8733.0,0.0022410782727195298,0.0027662062257113188,5329,16,Cass,Illinois,0.0022410782727195298,both,0.2766206225711319,0.2766206225711319,0.22410782727195297,0.22410782727195297,0.0,0.0,0.0,0.0,0.23-0.37,0.23-0.37,0.09-0.24,0.09-0.24,True,True,0.0,0.0
17019,0.01465379685013565,170433.0,2555.0,120366.0,0.0020992069391885127,0.01465379685013565,170433,2555,Champaign,Illinois,0.0020992069391885127,both,1.465379685013565,1.465379685013565,0.20992069391885126,0.20992069391885126,0.0,0.0,0.0,0.0,0.70+,0.70+,0.09-0.24,0.09-0.24,True,True,0.0,0.0
17021,0.004287846464171648,11802.0,78.0,24101.0,0.016688741721854305,0.004287846464171648,11802,78,Christian,Illinois,0.016688741721854305,both,0.4287846464171648,0.4287846464171648,1.6688741721854305,1.6688741721854305,0.0,0.0,0.0,0.0,0.37-0.70,0.37-0.70,0.57+,0.57+,True,True,0.0,0.0
17023,0.005196446355636499,5011.0,25.0,10749.0,0.0002865243093256118,0.005196446355636499,5011,25,Clark,Illinois,0.0002865243093256118,both,0.5196446355636499,0.5196446355636499,0.02865243093256118,0.02865243093256118,0.0,0.0,0.0,0.0,0.37-0.70,0.37-0.70,0-0.09,0-0.09,True,True,0.0,0.0
17025,0.0021049810324921653,3260.0,7.0,9254.0,0.006361323155216285,0.0021049810324921653,3260,7,Clay,Illinois,0.006361323155216285,both,0.21049810324921653,0.21049810324921653,0.6361323155216284,0.6361323155216284,0.0,0.0,0.0,0.0,0.14-0.23,0.14-0.23,0.57+,0.57+,True,True,0.0,0.0
17027,0.004036352357581289,11930.0,41.0,26316.0,0.0012373034685721485,0.004036352357581289,11930,41,Clinton,Illinois,0.0012373034685721485,both,0.40363523575812893,0.40363523575812893,0.12373034685721485,0.12373034685721485,0.0,0.0,0.0,0.0,0.37-0.70,0.37-0.70,0.09-0.24,0.09-0.24,True,True,0.0,0.0
17029,0.001586981578899625,18939.0,33.0,30496.0,0.00260307066340316,0.001586981578899625,18939,33,Coles,Illinois,0.00260307066340316,both,0.1586981578899625,0.1586981578899625,0.260307066340316,0.260307066340316,0.0,0.0,0.0,0.0,0.14-0.23,0.14-0.23,0.24-0.57,0.24-0.57,True,True,0.0,0.0
17031,0.025368500828398484,5242853.0,143939.0,3639978.0,0.011246919890285784,0.025368500828398484,5242853,143939,Cook,Illinois,0.011246919890285784,both,2.5368500828398486,2.5368500828398486,1.1246919890285785,1.1246919890285785,0.0,0.0,0.0,0.0,0.70+,0.70+,0.57+,0.57+,True,True,0.0,0.0
17033,0.0008464178809500617,5441.0,5.0,13584.0,0.001179433871741564,0.0008464178809500617,5441,5,Crawford,Illinois,0.001179433871741564,both,0.08464178809500618,0.08464178809500618,0.11794338717415641,0.11794338717415641,0.0,0.0,0.0,0.0,0.06-0.14,0.06-0.14,0.09-0.24,0.09-0.24,True,True,0.0,0.0
17035,0.0012124638254450417,9824.0,12.0,7407.0,0.001314238102735977,0.0012124638254450417,9824,12,Cumberland,Illinois,0.001314238102735977,both,0.12124638254450418,0.12124638254450418,0.1314238102735977,0.1314238102735977,0.0,0.0,0.0,0.0,0.06-0.14,0.06-0.14,0.09-0.24,0.09-0.24,True,True,0.0,0.0
17037,0.002275340494920209,62091.0,169.0,59829.0,0.004732513026200976,0.002275340494920209,62091,169,DeKalb,Illinois,0.004732513026200976,both,0.22753404949202088,0.22753404949202088,0.4732513026200976,0.4732513026200976,0.0,0.0,0.0,0.0,0.14-0.23,0.14-0.23,0.24-0.57,0.24-0.57,True,True,0.0,0.0
17039,0.0008264767102534685,9647.0,8.0,11080.0,0.0006090133982947625,0.0008264767102534685,9647,8,De Witt,Illinois,0.0006090133982947625,both,0.08264767102534684,0.08264767102534684,0.06090133982947624,0.06090133982947624,0.0,0.0,0.0,0.0,0.06-0.14,0.06-0.14,0-0.09,0-0.09,True,True,0.0,0.0
17041,0.002779126192362736,8009.0,25.0,13255.0,0.0041628556412858005,0.002779126192362736,8009,25,Douglas,Illinois,0.0041628556412858005,both,0.2779126192362736,0.2779126192362736,0.41628556412858003,0.41628556412858003,0.0,0.0,0.0,0.0,0.23-0.37,0.23-0.37,0.24-0.57,0.24-0.57,True,True,0.0,0.0
17043,0.009231193878594845,1181629.0,11500.0,642881.0,0.0032936119735758173,0.009231193878594845,1181629,11500,DuPage,Illinois,0.0032936119735758173,both,0.9231193878594844,0.9231193878594844,0.32936119735758174,0.32936119735758174,0.0,0.0,0.0,0.0,0.70+,0.70+,0.24-0.57,0.24-0.57,True,True,0.0,0.0
17045,0.001253160175833037,7209.0,10.0,12383.0,0.0014925373134328358,0.001253160175833037,7209,10,Edgar,Illinois,0.0014925373134328358,both,0.1253160175833037,0.1253160175833037,0.1492537313432836,0.1492537313432836,0.0,0.0,0.0,0.0,0.06-0.14,0.06-0.14,0.09-0.24,0.09-0.24,True,True,0.0,0.0
17047,0.0,1126.0,0.0,4338.0,0.0,0.0,1126,0,Edwards,Illinois,0.0,both,0.0,0.0,0.0,0.0,0.0,0.0,0.0,0.0,0-0.06,0-0.06,-0.12-0,-0.12-0,True,True,0.0,0.0
17049,0.004160182301934158,19060.0,82.0,23734.0,0.0037925379253792536,0.004160182301934158,19060,82,Effingham,Illinois,0.0037925379253792536,both,0.41601823019341583,0.41601823019341583,0.37925379253792535,0.37925379253792535,0.0,0.0,0.0,0.0,0.37-0.70,0.37-0.70,0.24-0.57,0.24-0.57,True,True,0.0,0.0
17051,0.0001669449081803005,3999.0,1.0,15207.0,0.0,0.0001669449081803005,3999,1,Fayette,Illinois,0.0,both,0.01669449081803005,0.01669449081803005,0.0,0.0,0.0,0.0,0.0,0.0,0-0.06,0-0.06,-0.12-0,-0.12-0,True,True,0.0,0.0
17053,0.0010040427560639702,5522.0,6.0,9337.0,0.00020696101731619543,0.0010040427560639702,5522,6,Ford,Illinois,0.00020696101731619543,both,0.10040427560639703,0.10040427560639703,0.020696101731619544,0.020696101731619544,0.0,0.0,0.0,0.0,0.06-0.14,0.06-0.14,0-0.09,0-0.09,True,True,0.0,0.0
17055,0.0005434533363907361,7574.0,5.0,26692.0,-0.0012898941364897067,0.0005434533363907361,7574,5,Franklin,Illinois,-0.0012898941364897067,both,0.05434533363907361,0.05434533363907361,-0.12898941364897068,-0.12898941364897068,0.0,0.0,0.0,0.0,0-0.06,0-0.06,<-0.12,<-0.12,True,True,0.0,0.0
17057,0.0008944331525532933,10149.0,10.0,24468.0,0.0005013797108038163,0.0008944331525532933,10149,10,Fulton,Illinois,0.0005013797108038163,both,0.08944331525532932,0.08944331525532932,0.050137971080381635,0.050137971080381635,0.0,0.0,0.0,0.0,0.06-0.14,0.06-0.14,0-0.09,0-0.09,True,True,0.0,0.0
17059,0.0008264462809917355,1424.0,1.0,3676.0,-0.0024390243902439024,0.0008264462809917355,1424,1,Gallatin,Illinois,-0.0024390243902439024,both,0.08264462809917356,0.08264462809917356,-0.24390243902439024,-0.24390243902439024,0.0,0.0,0.0,0.0,0.06-0.14,0.06-0.14,<-0.12,<-0.12,True,True,0.0,0.0
17061,0.0006230167414377941,3004.0,2.0,8500.0,0.0,0.0006230167414377941,3004,2,Greene,Illinois,0.0,both,0.062301674143779406,0.062301674143779406,0.0,0.0,0.0,0.0,0.0,0.0,0.06-0.14,0.06-0.14,-0.12-0,-0.12-0,True,True,0.0,0.0
17063,0.0018721535537718295,33676.0,66.0,35053.0,0.001333215090246343,0.0018721535537718295,33676,66,Grundy,Illinois,0.001333215090246343,both,0.18721535537718295,0.18721535537718295,0.1333215090246343,0.1333215090246343,0.0,0.0,0.0,0.0,0.14-0.23,0.14-0.23,0.09-0.24,0.09-0.24,True,True,0.0,0.0
17065,0.0010497720261009639,1688.0,3.0,5698.0,-0.0003287906542934018,0.0010497720261009639,1688,3,Hamilton,Illinois,-0.0003287906542934018,both,0.10497720261009638,0.10497720261009638,-0.03287906542934018,-0.03287906542934018,0.0,0.0,0.0,0.0,0.06-0.14,0.06-0.14,-0.12-0,-0.12-0,True,True,0.0,0.0
17067,0.006072285802693872,5369.0,31.0,12666.0,0.0032530798785968366,0.006072285802693872,5369,31,Hancock,Illinois,0.0032530798785968366,both,0.6072285802693872,0.6072285802693872,0.3253079878596837,0.3253079878596837,0.0,0.0,0.0,0.0,0.37-0.70,0.37-0.70,0.24-0.57,0.24-0.57,True,True,0.0,0.0
17069,0.0,635.0,0.0,2986.0,0.0,0.0,635,0,Hardin,Illinois,0.0,both,0.0,0.0,0.0,0.0,0.0,0.0,0.0,0.0,0-0.06,0-0.06,-0.12-0,-0.12-0,True,True,0.0,0.0
17071,0.002976658798846053,1153.0,6.0,4772.0,0.0,0.002976658798846053,1153,6,Henderson,Illinois,0.0,both,0.2976658798846053,0.2976658798846053,0.0,0.0,0.0,0.0,0.0,0.0,0.23-0.37,0.23-0.37,-0.12-0,-0.12-0,True,True,0.0,0.0
17073,0.0018715897361434712,15085.0,32.0,34814.0,0.0021687068956656695,0.0018715897361434712,15085,32,Henry,Illinois,0.0021687068956656695,both,0.1871589736143471,0.1871589736143471,0.21687068956656697,0.21687068956656697,0.0,0.0,0.0,0.0,0.14-0.23,0.14-0.23,0.09-0.24,0.09-0.24,True,True,0.0,0.0
17075,0.0006828454171130003,10118.0,6.0,19152.0,0.0011904761904761906,0.0006828454171130003,10118,6,Iroquois,Illinois,0.0011904761904761906,both,0.06828454171130004,0.06828454171130004,0.11904761904761905,0.11904761904761905,0.0,0.0,0.0,0.0,0.06-0.14,0.06-0.14,0.09-0.24,0.09-0.24,True,True,0.0,0.0
17077,0.001187070499405316,30036.0,41.0,32045.0,0.002577952369260987,0.001187070499405316,30036,41,Jackson,Illinois,0.002577952369260987,both,0.1187070499405316,0.1187070499405316,0.2577952369260987,0.2577952369260987,0.0,0.0,0.0,0.0,0.06-0.14,0.06-0.14,0.24-0.57,0.24-0.57,True,True,0.0,0.0
17079,0.0016635041113219483,1475.0,3.0,6488.0,0.0051813471502590676,0.0016635041113219483,1475,3,Jasper,Illinois,0.0051813471502590676,both,0.16635041113219484,0.16635041113219484,0.5181347150259068,0.5181347150259068,0.0,0.0,0.0,0.0,0.14-0.23,0.14-0.23,0.24-0.57,0.24-0.57,True,True,0.0,0.0
17081,0.0007607490969818543,26469.0,21.0,25881.0,0.00036206343745734225,0.0007607490969818543,26469,21,Jefferson,Illinois,0.00036206343745734225,both,0.07607490969818544,0.07607490969818544,0.036206343745734226,0.036206343745734226,0.0,0.0,0.0,0.0,0.06-0.14,0.06-0.14,0-0.09,0-0.09,True,True,0.0,0.0
17083,0.010803266581078427,6999.0,132.0,15046.0,0.036246612466124664,0.010803266581078427,6999,132,Jersey,Illinois,0.036246612466124664,both,1.0803266581078428,1.0803266581078428,3.6246612466124666,3.6246612466124666,0.0,0.0,0.0,0.0,0.70+,0.70+,0.57+,0.57+,True,True,0.0,0.0
17085,0.0014580937178521338,6186.0,8.0,16549.0,0.0013146167557932264,0.0014580937178521338,6186,8,Jo Daviess,Illinois,0.0013146167557932264,both,0.1458093717852134,0.1458093717852134,0.13146167557932265,0.13146167557932265,0.0,0.0,0.0,0.0,0.14-0.23,0.14-0.23,0.09-0.24,0.09-0.24,True,True,0.0,0.0
17087,0.0038953044354237895,2123.0,8.0,9522.0,0.012350717415585532,0.0038953044354237895,2123,8,Johnson,Illinois,0.012350717415585532,both,0.389530443542379,0.389530443542379,1.2350717415585533,1.2350717415585533,0.0,0.0,0.0,0.0,0.37-0.70,0.37-0.70,0.57+,0.57+,True,True,0.0,0.0
17089,0.0038557586013952747,372005.0,1690.0,341945.0,0.007368280651351377,0.0038557586013952747,372005,1690,Kane,Illinois,0.007368280651351377,both,0.3855758601395275,0.3855758601395275,0.7368280651351377,0.7368280651351377,0.0,0.0,0.0,0.0,0.37-0.70,0.37-0.70,0.57+,0.57+,True,True,0.0,0.0
17091,0.0024120474733917803,65841.0,165.0,71934.0,0.0030901377962710207,0.0024120474733917803,65841,165,Kankakee,Illinois,0.0030901377962710207,both,0.24120474733917802,0.24120474733917802,0.3090137796271021,0.3090137796271021,0.0,0.0,0.0,0.0,0.23-0.37,0.23-0.37,0.24-0.57,0.24-0.57,True,True,0.0,0.0
17093,0.002404978450298829,52060.0,158.0,84909.0,0.007384939960110255,0.002404978450298829,52060,158,Kendall,Illinois,0.007384939960110255,both,0.2404978450298829,0.2404978450298829,0.7384939960110255,0.7384939960110255,0.0,0.0,0.0,0.0,0.23-0.37,0.23-0.37,0.57+,0.57+,True,True,0.0,0.0
17095,0.0005756893145821726,24662.0,14.0,34854.0,0.00033531085818975517,0.0005756893145821726,24662,14,Knox,Illinois,0.00033531085818975517,both,0.05756893145821726,0.05756893145821726,0.033531085818975515,0.033531085818975515,0.0,0.0,0.0,0.0,0-0.06,0-0.06,0-0.09,0-0.09,True,True,0.0,0.0
17097,0.020077578954352967,773363.0,16020.0,470203.0,0.011718097463333108,0.020077578954352967,773363,16020,Lake,Illinois,0.011718097463333108,both,2.007757895435297,2.007757895435297,1.1718097463333108,1.1718097463333108,0.0,0.0,0.0,0.0,0.70+,0.70+,0.57+,0.57+,True,True,0.0,0.0
17099,0.0026091563038594407,52422.0,156.0,77499.0,0.004520059540458256,0.0026091563038594407,52422,156,La Salle,Illinois,0.004520059540458256,both,0.26091563038594406,0.26091563038594406,0.4520059540458256,0.4520059540458256,0.0,0.0,0.0,0.0,0.23-0.37,0.23-0.37,0.24-0.57,0.24-0.57,True,True,0.0,0.0
17101,0.0012354102044974619,2884.0,4.0,11072.0,0.0010295330803497772,0.0012354102044974619,2884,4,Lawrence,Illinois,0.0010295330803497772,both,0.12354102044974619,0.12354102044974619,0.10295330803497772,0.10295330803497772,0.0,0.0,0.0,0.0,0.06-0.14,0.06-0.14,0.09-0.24,0.09-0.24,True,True,0.0,0.0
17103,0.0012776094157532793,16786.0,21.0,25055.0,0.0010508617065994115,0.0012776094157532793,16786,21,Lee,Illinois,0.0010508617065994115,both,0.12776094157532794,0.12776094157532794,0.10508617065994115,0.10508617065994115,0.0,0.0,0.0,0.0,0.06-0.14,0.06-0.14,0.09-0.24,0.09-0.24,True,True,0.0,0.0
17105,0.0035818468017146028,16415.0,84.0,25201.0,0.010035107664776294,0.0035818468017146028,16415,84,Livingston,Illinois,0.010035107664776294,both,0.35818468017146027,0.35818468017146027,1.0035107664776295,1.0035107664776295,0.0,0.0,0.0,0.0,0.23-0.37,0.23-0.37,0.57+,0.57+,True,True,0.0,0.0
17107,0.007474124293832823,18954.0,176.0,19761.0,0.010487999278865541,0.007474124293832823,18954,176,Logan,Illinois,0.010487999278865541,both,0.7474124293832823,0.7474124293832823,1.048799927886554,1.048799927886554,0.0,0.0,0.0,0.0,0.70+,0.70+,0.57+,0.57+,True,True,0.0,0.0
17109,0.002290943477417556,11419.0,29.0,16716.0,0.004199651689709251,0.002290943477417556,11419,29,McDonough,Illinois,0.004199651689709251,both,0.2290943477417556,0.2290943477417556,0.4199651689709251,0.4199651689709251,0.0,0.0,0.0,0.0,0.14-0.23,0.14-0.23,0.24-0.57,0.24-0.57,True,True,0.0,0.0
17111,0.003277856252620714,171514.0,668.0,213347.0,0.003626581354883843,0.003277856252620714,171514,668,McHenry,Illinois,0.003626581354883843,both,0.3277856252620714,0.3277856252620714,0.3626581354883843,0.3626581354883843,0.0,0.0,0.0,0.0,0.23-0.37,0.23-0.37,0.24-0.57,0.24-0.57,True,True,0.0,0.0
17113,0.016464190117473822,136493.0,2137.0,105439.0,-0.004045797168737791,0.016464190117473822,136493,2137,McLean,Illinois,-0.004045797168737791,both,1.6464190117473823,1.6464190117473823,-0.40457971687377914,-0.40457971687377914,0.0,0.0,0.0,0.0,0.70+,0.70+,<-0.12,<-0.12,True,True,0.0,0.0
17115,0.0021645979216642916,74614.0,192.0,71303.0,0.002313140800386462,0.0021645979216642916,74614,192,Macon,Illinois,0.002313140800386462,both,0.21645979216642916,0.21645979216642916,0.2313140800386462,0.2313140800386462,0.0,0.0,0.0,0.0,0.14-0.23,0.14-0.23,0.09-0.24,0.09-0.24,True,True,0.0,0.0
17117,0.003627010115107584,10884.0,50.0,32052.0,0.012343055356321676,0.003627010115107584,10884,50,Macoupin,Illinois,0.012343055356321676,both,0.3627010115107584,0.3627010115107584,1.2343055356321675,1.2343055356321675,0.0,0.0,0.0,0.0,0.23-0.37,0.23-0.37,0.57+,0.57+,True,True,0.0,0.0
17119,0.0054335663002543005,172622.0,1274.0,184674.0,0.014304003808120455,0.0054335663002543005,172622,1274,Madison,Illinois,0.014304003808120455,both,0.54335663002543,0.54335663002543,1.4304003808120456,1.4304003808120456,0.0,0.0,0.0,0.0,0.37-0.70,0.37-0.70,0.57+,0.57+,True,True,0.0,0.0
17121,0.0031741024083914945,16023.0,58.0,25988.0,0.008170339192869523,0.0031741024083914945,16023,58,Marion,Illinois,0.008170339192869523,both,0.3174102408391494,0.3174102408391494,0.8170339192869522,0.8170339192869522,0.0,0.0,0.0,0.0,0.23-0.37,0.23-0.37,0.57+,0.57+,True,True,0.0,0.0
17123,0.0019500204674669102,4682.0,13.0,8535.0,0.005925925925925926,0.0019500204674669102,4682,13,Marshall,Illinois,0.005925925925925926,both,0.19500204674669103,0.19500204674669103,0.5925925925925926,0.5925925925925926,0.0,0.0,0.0,0.0,0.14-0.23,0.14-0.23,0.57+,0.57+,True,True,0.0,0.0
17125,0.0015524873951840246,4528.0,6.0,9456.0,0.0003015592821418065,0.0015524873951840246,4528,6,Mason,Illinois,0.0003015592821418065,both,0.15524873951840246,0.15524873951840246,0.03015592821418065,0.03015592821418065,0.0,0.0,0.0,0.0,0.14-0.23,0.14-0.23,0-0.09,0-0.09,True,True,0.0,0.0
17127,0.0025205008805364816,3955.0,10.0,10115.0,0.0047562425683709865,0.0025205008805364816,3955,10,Massac,Illinois,0.0047562425683709865,both,0.25205008805364815,0.25205008805364815,0.47562425683709864,0.47562425683709864,0.0,0.0,0.0,0.0,0.23-0.37,0.23-0.37,0.24-0.57,0.24-0.57,True,True,0.0,0.0
17129,0.006541963578780681,2889.0,27.0,8663.0,0.032569360675512665,0.006541963578780681,2889,27,Menard,Illinois,0.032569360675512665,both,0.6541963578780681,0.6541963578780681,3.2569360675512664,3.2569360675512664,0.0,0.0,0.0,0.0,0.37-0.70,0.37-0.70,0.57+,0.57+,True,True,0.0,0.0
17131,0.0027052673533354368,4524.0,16.0,11231.0,-0.007418737479567467,0.0027052673533354368,4524,16,Mercer,Illinois,-0.007418737479567467,both,0.27052673533354366,0.27052673533354366,-0.7418737479567468,-0.7418737479567468,0.0,0.0,0.0,0.0,0.23-0.37,0.23-0.37,<-0.12,<-0.12,True,True,0.0,0.0
17133,0.012678192641091277,12694.0,293.0,24746.0,0.051490464526288166,0.012678192641091277,12694,293,Monroe,Illinois,0.051490464526288166,both,1.2678192641091277,1.2678192641091277,5.149046452628816,5.149046452628816,0.0,0.0,0.0,0.0,0.70+,0.70+,0.57+,0.57+,True,True,0.0,0.0
17135,0.00617522870364803,12695.0,73.0,20588.0,-0.006804470636434573,0.00617522870364803,12695,73,Montgomery,Illinois,-0.006804470636434573,both,0.617522870364803,0.617522870364803,-0.6804470636434573,-0.6804470636434573,0.0,0.0,0.0,0.0,0.37-0.70,0.37-0.70,<-0.12,<-0.12,True,True,0.0,0.0
17137,0.0013902259868960373,19755.0,38.0,23217.0,0.004871915763004872,0.0013902259868960373,19755,38,Morgan,Illinois,0.004871915763004872,both,0.13902259868960373,0.13902259868960373,0.4871915763004872,0.4871915763004872,0.0,0.0,0.0,0.0,0.06-0.14,0.06-0.14,0.24-0.57,0.24-0.57,True,True,0.0,0.0
17139,0.001321726739618919,2562.0,3.0,9759.0,0.0032679738562091504,0.001321726739618919,2562,3,Moultrie,Illinois,0.0032679738562091504,both,0.1321726739618919,0.1321726739618919,0.32679738562091504,0.32679738562091504,0.0,0.0,0.0,0.0,0.06-0.14,0.06-0.14,0.24-0.57,0.24-0.57,True,True,0.0,0.0
17141,0.002618276934540181,22238.0,76.0,35975.0,0.0058547118141301265,0.002618276934540181,22238,76,Ogle,Illinois,0.0058547118141301265,both,0.26182769345401813,0.26182769345401813,0.5854711814130127,0.5854711814130127,0.0,0.0,0.0,0.0,0.23-0.37,0.23-0.37,0.57+,0.57+,True,True,0.0,0.0
17143,0.015462705903405769,212122.0,3402.0,121844.0,0.0058638929751424086,0.015462705903405769,212122,3402,Peoria,Illinois,0.0058638929751424086,both,1.546270590340577,1.546270590340577,0.5863892975142408,0.5863892975142408,0.0,0.0,0.0,0.0,0.70+,0.70+,0.57+,0.57+,True,True,0.0,0.0
17145,0.0,3273.0,0.0,15183.0,0.0,0.0,3273,0,Perry,Illinois,0.0,both,0.0,0.0,0.0,0.0,0.0,0.0,0.0,0.0,0-0.06,0-0.06,-0.12-0,-0.12-0,True,True,0.0,0.0
17147,0.0029021200642565187,12834.0,78.0,11840.0,0.013863553447646844,0.0029021200642565187,12834,78,Piatt,Illinois,0.013863553447646844,both,0.29021200642565187,0.29021200642565187,1.3863553447646844,1.3863553447646844,0.0,0.0,0.0,0.0,0.23-0.37,0.23-0.37,0.57+,0.57+,True,True,0.0,0.0
17149,0.004150392838818103,5066.0,28.0,10348.0,0.004640371229698376,0.004150392838818103,5066,28,Pike,Illinois,0.004640371229698376,both,0.4150392838818103,0.4150392838818103,0.46403712296983757,0.46403712296983757,0.0,0.0,0.0,0.0,0.37-0.70,0.37-0.70,0.24-0.57,0.24-0.57,True,True,0.0,0.0
17151,0.0,447.0,0.0,2901.0,0.0,0.0,447,0,Pope,Illinois,0.0,both,0.0,0.0,0.0,0.0,0.0,0.0,0.0,0.0,0-0.06,0-0.06,-0.12-0,-0.12-0,True,True,0.0,0.0
17153,0.009482050118346819,2331.0,23.0,3627.0,0.02047987823984959,0.009482050118346819,2331,23,Pulaski,Illinois,0.02047987823984959,both,0.9482050118346819,0.9482050118346819,2.0479878239849594,2.0479878239849594,0.0,0.0,0.0,0.0,0.70+,0.70+,0.57+,0.57+,True,True,0.0,0.0
17155,0.000641025641025641,1595.0,1.0,4134.0,0.0,0.000641025641025641,1595,1,Putnam,Illinois,0.0,both,0.0641025641025641,0.0641025641025641,0.0,0.0,0.0,0.0,0.0,0.0,0.06-0.14,0.06-0.14,-0.12-0,-0.12-0,True,True,0.0,0.0
17157,0.011013065341956485,10287.0,147.0,21938.0,0.043911141912584176,0.011013065341956485,10287,147,Randolph,Illinois,0.043911141912584176,both,1.1013065341956485,1.1013065341956485,4.391114191258418,4.391114191258418,0.0,0.0,0.0,0.0,0.70+,0.70+,0.57+,0.57+,True,True,0.0,0.0
17159,0.0017531695563119606,5752.0,11.0,10930.0,0.001006947106270214,0.0017531695563119606,5752,11,Richland,Illinois,0.001006947106270214,both,0.17531695563119606,0.17531695563119606,0.1006947106270214,0.1006947106270214,0.0,0.0,0.0,0.0,0.14-0.23,0.14-0.23,0.09-0.24,0.09-0.24,True,True,0.0,0.0
17161,0.013965531059958989,134554.0,2117.0,98788.0,0.0026162160098308247,0.013965531059958989,134554,2117,Rock Island,Illinois,0.0026162160098308247,both,1.3965531059958989,1.3965531059958989,0.26162160098308246,0.26162160098308246,0.0,0.0,0.0,0.0,0.70+,0.70+,0.24-0.57,0.24-0.57,True,True,0.0,0.0
17163,0.014123537354936952,162371.0,2533.0,175247.0,0.011635402651028148,0.014123537354936952,162371,2533,St. Clair,Illinois,0.011635402651028148,both,1.4123537354936953,1.4123537354936953,1.1635402651028148,1.1635402651028148,0.0,0.0,0.0,0.0,0.70+,0.70+,0.57+,0.57+,True,True,0.0,0.0
17165,0.0018088679701431486,6719.0,13.0,17219.0,-0.000511450088864453,0.0018088679701431486,6719,13,Saline,Illinois,-0.000511450088864453,both,0.18088679701431487,0.18088679701431487,-0.0511450088864453,-0.0511450088864453,0.0,0.0,0.0,0.0,0.14-0.23,0.14-0.23,-0.12-0,-0.12-0,True,True,0.0,0.0
17167,0.012532204273967775,217822.0,3324.0,136783.0,0.014205700497744387,0.012532204273967775,217822,3324,Sangamon,Illinois,0.014205700497744387,both,1.2532204273967775,1.2532204273967775,1.4205700497744387,1.4205700497744387,0.0,0.0,0.0,0.0,0.70+,0.70+,0.57+,0.57+,True,True,0.0,0.0
17169,0.0,1600.0,0.0,5271.0,0.0,0.0,1600,0,Schuyler,Illinois,0.0,both,0.0,0.0,0.0,0.0,0.0,0.0,0.0,0.0,0-0.06,0-0.06,-0.12-0,-0.12-0,True,True,0.0,0.0
17171,0.0015625,710.0,1.0,3462.0,0.0,0.0015625,710,1,Scott,Illinois,0.0,both,0.15625,0.15625,0.0,0.0,0.0,0.0,0.0,0.0,0.14-0.23,0.14-0.23,-0.12-0,-0.12-0,True,True,0.0,0.0
17173,0.002288295977248834,3762.0,8.0,15077.0,-0.006242935396922007,0.002288295977248834,3762,8,Shelby,Illinois,-0.006242935396922007,both,0.2288295977248834,0.2288295977248834,-0.6242935396922007,-0.6242935396922007,0.0,0.0,0.0,0.0,0.14-0.23,0.14-0.23,<-0.12,<-0.12,True,True,0.0,0.0
17175,0.0,1775.0,0.0,3848.0,0.0,0.0,1775,0,Stark,Illinois,0.0,both,0.0,0.0,0.0,0.0,0.0,0.0,0.0,0.0,0-0.06,0-0.06,-0.12-0,-0.12-0,True,True,0.0,0.0
17177,0.0025224879779462243,21354.0,66.0,31630.0,0.0016309576790217643,0.0025224879779462243,21354,66,Stephenson,Illinois,0.0016309576790217643,both,0.25224879779462245,0.25224879779462245,0.16309576790217642,0.16309576790217642,0.0,0.0,0.0,0.0,0.23-0.37,0.23-0.37,0.09-0.24,0.09-0.24,True,True,0.0,0.0
17179,0.005331774858712658,74331.0,425.0,92232.0,0.001984846527232868,0.005331774858712658,74331,425,Tazewell,Illinois,0.001984846527232868,both,0.5331774858712658,0.5331774858712658,0.19848465272328678,0.19848465272328678,0.0,0.0,0.0,0.0,0.37-0.70,0.37-0.70,0.09-0.24,0.09-0.24,True,True,0.0,0.0
17181,0.00018621973929236498,3845.0,1.0,12380.0,0.0,0.00018621973929236498,3845,1,Union,Illinois,0.0,both,0.018621973929236497,0.018621973929236497,0.0,0.0,0.0,0.0,0.0,0.0,0-0.06,0-0.06,-0.12-0,-0.12-0,True,True,0.0,0.0
17183,0.0031943397699572065,37700.0,115.0,50638.0,-0.0016641487418927576,0.0031943397699572065,37700,115,Vermilion,Illinois,-0.0016641487418927576,both,0.3194339769957206,0.3194339769957206,-0.16641487418927575,-0.16641487418927575,0.0,0.0,0.0,0.0,0.23-0.37,0.23-0.37,<-0.12,<-0.12,True,True,0.0,0.0
17185,0.0,2806.0,0.0,8048.0,0.0,0.0,2806,0,Wabash,Illinois,0.0,both,0.0,0.0,0.0,0.0,0.0,0.0,0.0,0.0,0-0.06,0-0.06,-0.12-0,-0.12-0,True,True,0.0,0.0
17187,0.0027637112965788304,5753.0,17.0,10936.0,-0.0011198208286674132,0.0027637112965788304,5753,17,Warren,Illinois,-0.0011198208286674132,both,0.276371129657883,0.276371129657883,-0.11198208286674133,-0.11198208286674133,0.0,0.0,0.0,0.0,0.23-0.37,0.23-0.37,-0.12-0,-0.12-0,True,True,0.0,0.0
17189,0.00349913102984235,3809.0,12.0,9907.0,-0.005364941294387171,0.00349913102984235,3809,12,Washington,Illinois,-0.005364941294387171,both,0.349913102984235,0.349913102984235,-0.5364941294387171,-0.5364941294387171,0.0,0.0,0.0,0.0,0.23-0.37,0.23-0.37,<-0.12,<-0.12,True,True,0.0,0.0
17191,0.0004627192003926643,3337.0,2.0,11318.0,0.0,0.0004627192003926643,3337,2,Wayne,Illinois,0.0,both,0.04627192003926643,0.04627192003926643,0.0,0.0,0.0,0.0,0.0,0.0,0-0.06,0-0.06,-0.12-0,-0.12-0,True,True,0.0,0.0
17193,0.0007385481645820681,3667.0,3.0,9985.0,0.0018726591760299626,0.0007385481645820681,3667,3,White,Illinois,0.0018726591760299626,both,0.07385481645820681,0.07385481645820681,0.18726591760299627,0.18726591760299627,0.0,0.0,0.0,0.0,0.06-0.14,0.06-0.14,0.09-0.24,0.09-0.24,True,True,0.0,0.0
17195,0.0011064009367383531,26695.0,28.0,39020.0,0.00011159724327992762,0.0011064009367383531,26695,28,Whiteside,Illinois,0.00011159724327992762,both,0.11064009367383532,0.11064009367383532,0.011159724327992762,0.011159724327992762,0.0,0.0,0.0,0.0,0.06-0.14,0.06-0.14,0-0.09,0-0.09,True,True,0.0,0.0
17197,0.004688681073576065,477964.0,2638.0,463903.0,0.006629276605943725,0.004688681073576065,477964,2638,Will,Illinois,0.006629276605943725,both,0.4688681073576065,0.4688681073576065,0.6629276605943725,0.6629276605943725,0.0,0.0,0.0,0.0,0.37-0.70,0.37-0.70,0.57+,0.57+,True,True,0.0,0.0
17199,0.0005894255933150595,27347.0,19.0,47967.0,0.0010317255610007739,0.0005894255933150595,27347,19,Williamson,Illinois,0.0010317255610007739,both,0.058942559331505946,0.058942559331505946,0.10317255610007739,0.10317255610007739,0.0,0.0,0.0,0.0,0-0.06,0-0.06,0.09-0.24,0.09-0.24,True,True,0.0,0.0
17201,0.004563136982276504,229658.0,1176.0,193727.0,0.002893826949990086,0.004563136982276504,229658,1176,Winnebago,Illinois,0.002893826949990086,both,0.4563136982276504,0.4563136982276504,0.2893826949990086,0.2893826949990086,0.0,0.0,0.0,0.0,0.37-0.70,0.37-0.70,0.24-0.57,0.24-0.57,True,True,0.0,0.0
17203,0.0019437531042488995,12145.0,34.0,25834.0,0.003951977729453056,0.0019437531042488995,12145,34,Woodford,Illinois,0.003951977729453056,both,0.19437531042488995,0.19437531042488995,0.39519777294530556,0.39519777294530556,0.0,0.0,0.0,0.0,0.14-0.23,0.14-0.23,0.24-0.57,0.24-0.57,True,True,0.0,0.0
17999,,,,,,0.02346666048141283,57926,3173,"[Illinois, county not reported]",Illinois,0.06162751310151577,right_only,,2.346666048141283,,6.162751310151577,,,,,No data,0.70+,No data,0.57+,False,False,,
18001,0.000906493787601164,15355.0,17.0,21481.0,0.0009331361980570778,0.000906493787601164,15355,17,Adams,Indiana,0.0009331361980570778,both,0.0906493787601164,0.0906493787601164,0.09331361980570778,0.09331361980570778,0.0,0.0,0.0,0.0,0.06-0.14,0.06-0.14,0.09-0.24,0.09-0.24,True,True,0.0,0.0
18003,0.004407045437501595,400506.0,1988.0,251806.0,0.0021422579881748183,0.004407045437501595,400506,1988,Allen,Indiana,0.0021422579881748183,both,0.4407045437501595,0.4407045437501595,0.21422579881748183,0.21422579881748183,0.0,0.0,0.0,0.0,0.37-0.70,0.37-0.70,0.09-0.24,0.09-0.24,True,True,0.0,0.0
18005,0.01851815647089946,69993.0,1337.0,56069.0,0.002521242381902041,0.01851815647089946,69993,1337,Bartholomew,Indiana,0.002521242381902041,both,1.8518156470899458,1.8518156470899458,0.25212423819020413,0.25212423819020413,0.0,0.0,0.0,0.0,0.70+,0.70+,0.24-0.57,0.24-0.57,True,True,0.0,0.0
18007,0.002895831112058855,2130.0,4.0,5877.0,0.0,0.002895831112058855,2130,4,Benton,Indiana,0.0,both,0.2895831112058855,0.2895831112058855,0.0,0.0,0.0,0.0,0.0,0.0,0.23-0.37,0.23-0.37,-0.12-0,-0.12-0,True,True,0.0,0.0
18009,0.008118902473987137,6396.0,224.0,8474.0,0.060821917808219175,0.008118902473987137,6396,224,Blackford,Indiana,0.060821917808219175,both,0.8118902473987136,0.8118902473987136,6.082191780821917,6.082191780821917,0.0,0.0,0.0,0.0,0.70+,0.70+,0.57+,0.57+,True,True,0.0,0.0
18011,0.0033903268607373277,64428.0,215.0,47456.0,0.002074806144092266,0.0033903268607373277,64428,215,Boone,Indiana,0.002074806144092266,both,0.33903268607373277,0.33903268607373277,0.2074806144092266,0.2074806144092266,0.0,0.0,0.0,0.0,0.23-0.37,0.23-0.37,0.09-0.24,0.09-0.24,True,True,0.0,0.0
18013,0.0032302853502948286,2644.0,8.0,11918.0,-0.0048073074275101265,0.0032302853502948286,2644,8,Brown,Indiana,-0.0048073074275101265,both,0.32302853502948287,0.32302853502948287,-0.48073074275101263,-0.48073074275101263,0.0,0.0,0.0,0.0,0.23-0.37,0.23-0.37,<-0.12,<-0.12,True,True,0.0,0.0
18015,0.002786232565939161,5650.0,26.0,14274.0,0.011013524782799874,0.002786232565939161,5650,26,Carroll,Indiana,0.011013524782799874,both,0.2786232565939161,0.2786232565939161,1.1013524782799873,1.1013524782799873,0.0,0.0,0.0,0.0,0.23-0.37,0.23-0.37,0.57+,0.57+,True,True,0.0,0.0
18017,0.0002503106920612095,11108.0,3.0,26047.0,0.00030971105737460876,0.0002503106920612095,11108,3,Cass,Indiana,0.00030971105737460876,both,0.02503106920612095,0.02503106920612095,0.030971105737460876,0.030971105737460876,0.0,0.0,0.0,0.0,0-0.06,0-0.06,0-0.09,0-0.09,True,True,0.0,0.0
18019,0.0019787770379679796,135444.0,269.0,84734.0,-0.0011364825148723256,0.0019787770379679796,135444,269,Clark,Indiana,-0.0011364825148723256,both,0.19787770379679795,0.19787770379679795,-0.11364825148723257,-0.11364825148723257,0.0,0.0,0.0,0.0,0.14-0.23,0.14-0.23,-0.12-0,-0.12-0,True,True,0.0,0.0
18021,0.020753902208513617,7358.0,178.0,18327.0,0.03771361225692398,0.020753902208513617,7358,178,Clay,Indiana,0.03771361225692398,both,2.0753902208513617,2.0753902208513617,3.7713612256923983,3.7713612256923983,0.0,0.0,0.0,0.0,0.70+,0.70+,0.57+,0.57+,True,True,0.0,0.0
18023,0.0012707539475160824,13257.0,21.0,21391.0,0.0035892986442286087,0.0012707539475160824,13257,21,Clinton,Indiana,0.0035892986442286087,both,0.12707539475160823,0.12707539475160823,0.35892986442286084,0.35892986442286084,0.0,0.0,0.0,0.0,0.06-0.14,0.06-0.14,0.24-0.57,0.24-0.57,True,True,0.0,0.0
18025,0.001271745675798261,4368.0,5.0,7507.0,0.0007645259938837921,0.001271745675798261,4368,5,Crawford,Indiana,0.0007645259938837921,both,0.1271745675798261,0.1271745675798261,0.0764525993883792,0.0764525993883792,0.0,0.0,0.0,0.0,0.06-0.14,0.06-0.14,0-0.09,0-0.09,True,True,0.0,0.0
18027,0.009157394138195423,11275.0,149.0,20803.0,0.03513574505244361,0.009157394138195423,11275,149,Daviess,Indiana,0.03513574505244361,both,0.9157394138195423,0.9157394138195423,3.5135745052443608,3.5135745052443608,0.0,0.0,0.0,0.0,0.70+,0.70+,0.57+,0.57+,True,True,0.0,0.0
18029,0.0011721025010755733,23822.0,33.0,35409.0,0.0016499529396357142,0.0011721025010755733,23822,33,Dearborn,Indiana,0.0016499529396357142,both,0.11721025010755734,0.11721025010755734,0.1649952939635714,0.1649952939635714,0.0,0.0,0.0,0.0,0.06-0.14,0.06-0.14,0.09-0.24,0.09-0.24,True,True,0.0,0.0
18031,0.00276072002990782,14046.0,36.0,17908.0,-0.001415903560503535,0.00276072002990782,14046,36,Decatur,Indiana,-0.001415903560503535,both,0.276072002990782,0.276072002990782,-0.1415903560503535,-0.1415903560503535,0.0,0.0,0.0,0.0,0.23-0.37,0.23-0.37,<-0.12,<-0.12,True,True,0.0,0.0
18033,0.002310529271213797,35981.0,102.0,29344.0,0.000945502432057412,0.002310529271213797,35981,102,DeKalb,Indiana,0.000945502432057412,both,0.2310529271213797,0.2310529271213797,0.0945502432057412,0.0945502432057412,0.0,0.0,0.0,0.0,0.23-0.37,0.23-0.37,0.09-0.24,0.09-0.24,True,True,0.0,0.0
18035,0.0019248310260630778,60613.0,132.0,69984.0,0.0002911277149268371,0.0019248310260630778,60613,132,Delaware,Indiana,0.0002911277149268371,both,0.19248310260630777,0.19248310260630777,0.02911277149268371,0.02911277149268371,0.0,0.0,0.0,0.0,0.14-0.23,0.14-0.23,0-0.09,0-0.09,True,True,0.0,0.0
18037,0.0014658484934234532,26355.0,40.0,29469.0,0.00029419381394525657,0.0014658484934234532,26355,40,Dubois,Indiana,0.00029419381394525657,both,0.1465848493423453,0.1465848493423453,0.029419381394525657,0.029419381394525657,0.0,0.0,0.0,0.0,0.14-0.23,0.14-0.23,0-0.09,0-0.09,True,True,0.0,0.0
18039,0.0013433263841599837,134306.0,178.0,131038.0,-0.0004675491573579648,0.0013433263841599837,134306,178,Elkhart,Indiana,-0.0004675491573579648,both,0.13433263841599838,0.13433263841599838,-0.04675491573579648,-0.04675491573579648,0.0,0.0,0.0,0.0,0.06-0.14,0.06-0.14,-0.12-0,-0.12-0,True,True,0.0,0.0
18041,0.0005951898839809245,7095.0,6.0,16326.0,0.0015616866215512754,0.0005951898839809245,7095,6,Fayette,Indiana,0.0015616866215512754,both,0.05951898839809245,0.05951898839809245,0.15616866215512754,0.15616866215512754,0.0,0.0,0.0,0.0,0-0.06,0-0.06,0.09-0.24,0.09-0.24,True,True,0.0,0.0
18043,0.001156049116959882,57869.0,79.0,55456.0,0.0006637910164411963,0.001156049116959882,57869,79,Floyd,Indiana,0.0006637910164411963,both,0.1156049116959882,0.1156049116959882,0.06637910164411963,0.06637910164411963,0.0,0.0,0.0,0.0,0.06-0.14,0.06-0.14,0-0.09,0-0.09,True,True,0.0,0.0
18045,0.0015443459495369306,5441.0,11.0,11606.0,0.001793976132956217,0.0015443459495369306,5441,11,Fountain,Indiana,0.001793976132956217,both,0.15443459495369305,0.15443459495369305,0.1793976132956217,0.1793976132956217,0.0,0.0,0.0,0.0,0.14-0.23,0.14-0.23,0.09-0.24,0.09-0.24,True,True,0.0,0.0
18047,0.0,4127.0,0.0,15813.0,0.0,0.0,4127,0,Franklin,Indiana,0.0,both,0.0,0.0,0.0,0.0,0.0,0.0,0.0,0.0,0-0.06,0-0.06,-0.12-0,-0.12-0,True,True,0.0,0.0
18049,0.0002972027972027972,7657.0,4.0,13974.0,0.0010526315789473684,0.0002972027972027972,7657,4,Fulton,Indiana,0.0010526315789473684,both,0.02972027972027972,0.02972027972027972,0.10526315789473684,0.10526315789473684,0.0,0.0,0.0,0.0,0-0.06,0-0.06,0.09-0.24,0.09-0.24,True,True,0.0,0.0
18051,0.0018576034690293776,19112.0,49.0,22417.0,0.0043775655626393595,0.0018576034690293776,19112,49,Gibson,Indiana,0.0043775655626393595,both,0.18576034690293777,0.18576034690293777,0.43775655626393595,0.43775655626393595,0.0,0.0,0.0,0.0,0.14-0.23,0.14-0.23,0.24-0.57,0.24-0.57,True,True,0.0,0.0
18053,0.0024430806529355704,35429.0,98.0,44085.0,-0.003468445676145435,0.0024430806529355704,35429,98,Grant,Indiana,-0.003468445676145435,both,0.24430806529355703,0.24430806529355703,-0.34684456761454346,-0.34684456761454346,0.0,0.0,0.0,0.0,0.23-0.37,0.23-0.37,<-0.12,<-0.12,True,True,0.0,0.0
18055,0.0064003567118098865,6574.0,51.0,21948.0,0.00802679084728347,0.0064003567118098865,6574,51,Greene,Indiana,0.00802679084728347,both,0.6400356711809887,0.6400356711809887,0.8026790847283469,0.8026790847283469,0.0,0.0,0.0,0.0,0.37-0.70,0.37-0.70,0.57+,0.57+,True,True,0.0,0.0
18057,0.008618874565579967,304061.0,2823.0,230317.0,0.0009001185706411959,0.008618874565579967,304061,2823,Hamilton,Indiana,0.0009001185706411959,both,0.8618874565579967,0.8618874565579967,0.09001185706411959,0.09001185706411959,0.0,0.0,0.0,0.0,0.70+,0.70+,0.09-0.24,0.09-0.24,True,True,0.0,0.0
18059,0.0027668992565401196,51492.0,168.0,55513.0,0.004484293604660739,0.0027668992565401196,51492,168,Hancock,Indiana,0.004484293604660739,both,0.27668992565401196,0.27668992565401196,0.44842936046607396,0.44842936046607396,0.0,0.0,0.0,0.0,0.23-0.37,0.23-0.37,0.24-0.57,0.24-0.57,True,True,0.0,0.0
18061,0.0008341426700102574,21217.0,19.0,28044.0,0.002558089959496909,0.0008341426700102574,21217,19,Harrison,Indiana,0.002558089959496909,both,0.08341426700102574,0.08341426700102574,0.2558089959496909,0.2558089959496909,0.0,0.0,0.0,0.0,0.06-0.14,0.06-0.14,0.24-0.57,0.24-0.57,True,True,0.0,0.0
18063,0.001341524463743346,146079.0,222.0,118031.0,0.0018678838974221167,0.001341524463743346,146079,222,Hendricks,Indiana,0.0018678838974221167,both,0.1341524463743346,0.1341524463743346,0.18678838974221168,0.18678838974221168,0.0,0.0,0.0,0.0,0.06-0.14,0.06-0.14,0.09-0.24,0.09-0.24,True,True,0.0,0.0
18065,0.0028436653837732705,22404.0,79.0,34936.0,-0.002611744909608845,0.0028436653837732705,22404,79,Henry,Indiana,-0.002611744909608845,both,0.28436653837732706,0.28436653837732706,-0.26117449096088446,-0.26117449096088446,0.0,0.0,0.0,0.0,0.23-0.37,0.23-0.37,<-0.12,<-0.12,True,True,0.0,0.0
18067,0.00417478689792398,48930.0,206.0,57679.0,-0.0012615298516479691,0.00417478689792398,48930,206,Howard,Indiana,-0.0012615298516479691,both,0.417478689792398,0.417478689792398,-0.12615298516479692,-0.12615298516479692,0.0,0.0,0.0,0.0,0.37-0.70,0.37-0.70,<-0.12,<-0.12,True,True,0.0,0.0
18069,0.0058896317139501015,21855.0,131.0,25375.0,-0.0019692009117493877,0.0058896317139501015,21855,131,Huntington,Indiana,-0.0019692009117493877,both,0.5889631713950102,0.5889631713950102,-0.19692009117493878,-0.19692009117493878,0.0,0.0,0.0,0.0,0.37-0.70,0.37-0.70,<-0.12,<-0.12,True,True,0.0,0.0
18071,0.0024343348595955226,24479.0,60.0,31506.0,-0.0003729441938578274,0.0024343348595955226,24479,60,Jackson,Indiana,-0.0003729441938578274,both,0.24343348595955225,0.24343348595955225,-0.03729441938578274,-0.03729441938578274,0.0,0.0,0.0,0.0,0.23-0.37,0.23-0.37,-0.12-0,-0.12-0,True,True,0.0,0.0
18073,0.00242322959949281,9567.0,22.0,22772.0,0.0043462284416003185,0.00242322959949281,9567,22,Jasper,Indiana,0.0043462284416003185,both,0.242322959949281,0.242322959949281,0.43462284416003183,0.43462284416003183,0.0,0.0,0.0,0.0,0.23-0.37,0.23-0.37,0.24-0.57,0.24-0.57,True,True,0.0,0.0
18075,0.0007904191248336708,8240.0,8.0,13590.0,0.0013255609050001572,0.0007904191248336708,8240,8,Jay,Indiana,0.0013255609050001572,both,0.07904191248336709,0.07904191248336709,0.1325560905000157,0.1325560905000157,0.0,0.0,0.0,0.0,0.06-0.14,0.06-0.14,0.09-0.24,0.09-0.24,True,True,0.0,0.0
18077,0.00048520661805687035,16610.0,11.0,23144.0,0.0014543943486391025,0.00048520661805687035,16610,11,Jefferson,Indiana,0.0014543943486391025,both,0.04852066180568704,0.04852066180568704,0.14543943486391026,0.14543943486391026,0.0,0.0,0.0,0.0,0-0.06,0-0.06,0.09-0.24,0.09-0.24,True,True,0.0,0.0
18079,0.004014523064250021,9053.0,35.0,19022.0,-0.0013816127375449409,0.004014523064250021,9053,35,Jennings,Indiana,-0.0013816127375449409,both,0.40145230642500207,0.40145230642500207,-0.13816127375449408,-0.13816127375449408,0.0,0.0,0.0,0.0,0.37-0.70,0.37-0.70,<-0.12,<-0.12,True,True,0.0,0.0
18081,0.0010154657449388618,132625.0,148.0,108217.0,0.0007016771411725274,0.0010154657449388618,132625,148,Johnson,Indiana,0.0007016771411725274,both,0.10154657449388618,0.10154657449388618,0.07016771411725274,0.07016771411725274,0.0,0.0,0.0,0.0,0.06-0.14,0.06-0.14,0-0.09,0-0.09,True,True,0.0,0.0
18083,0.0009036875455946817,16256.0,15.0,24166.0,0.0013496563589714297,0.0009036875455946817,16256,15,Knox,Indiana,0.0013496563589714297,both,0.09036875455946816,0.09036875455946816,0.13496563589714297,0.13496563589714297,0.0,0.0,0.0,0.0,0.06-0.14,0.06-0.14,0.09-0.24,0.09-0.24,True,True,0.0,0.0
18085,0.004896748612426406,60790.0,407.0,54022.0,0.01283057207035656,0.004896748612426406,60790,407,Kosciusko,Indiana,0.01283057207035656,both,0.4896748612426406,0.4896748612426406,1.2830572070356558,1.2830572070356558,0.0,0.0,0.0,0.0,0.37-0.70,0.37-0.70,0.57+,0.57+,True,True,0.0,0.0
18087,0.00012071775766219401,10435.0,2.0,23540.0,0.0003270111183780249,0.00012071775766219401,10435,2,Lagrange,Indiana,0.0003270111183780249,both,0.012071775766219402,0.012071775766219402,0.032701111837802485,0.032701111837802485,0.0,0.0,0.0,0.0,0-0.06,0-0.06,0-0.09,0-0.09,True,True,0.0,0.0
18089,0.00282885680477308,267354.0,880.0,338457.0,0.0024340457107659124,0.00282885680477308,267354,880,Lake,Indiana,0.0024340457107659124,both,0.282885680477308,0.282885680477308,0.24340457107659125,0.24340457107659125,0.0,0.0,0.0,0.0,0.23-0.37,0.23-0.37,0.24-0.57,0.24-0.57,True,True,0.0,0.0
18091,0.004070132895682832,61625.0,258.0,78906.0,-5.743775042824518e-05,0.004070132895682832,61625,258,La Porte,Indiana,-5.743775042824518e-05,both,0.40701328956828325,0.40701328956828325,-0.005743775042824518,-0.005743775042824518,0.0,0.0,0.0,0.0,0.37-0.70,0.37-0.70,-0.12-0,-0.12-0,True,True,0.0,0.0
18093,0.0023738458676027955,15797.0,46.0,31977.0,0.0027991402028849244,0.0023738458676027955,15797,46,Lawrence,Indiana,0.0027991402028849244,both,0.23738458676027954,0.23738458676027954,0.27991402028849244,0.27991402028849244,0.0,0.0,0.0,0.0,0.23-0.37,0.23-0.37,0.24-0.57,0.24-0.57,True,True,0.0,0.0
18095,0.0023531989815693283,58570.0,145.0,91235.0,0.0027223692680597086,0.0023531989815693283,58570,145,Madison,Indiana,0.0027223692680597086,both,0.23531989815693283,0.23531989815693283,0.2722369268059709,0.2722369268059709,0.0,0.0,0.0,0.0,0.23-0.37,0.23-0.37,0.24-0.57,0.24-0.57,True,True,0.0,0.0
18097,0.013474765184453102,1361620.0,20200.0,638893.0,0.005902036110024588,0.013474765184453102,1361620,20200,Marion,Indiana,0.005902036110024588,both,1.3474765184453101,1.3474765184453101,0.5902036110024588,0.5902036110024588,0.0,0.0,0.0,0.0,0.70+,0.70+,0.57+,0.57+,True,True,0.0,0.0
18099,0.0024728446274866053,22466.0,54.0,30949.0,-5.316401684805601e-05,0.0024728446274866053,22466,54,Marshall,Indiana,-5.316401684805601e-05,both,0.24728446274866053,0.24728446274866053,-0.005316401684805601,-0.005316401684805601,0.0,0.0,0.0,0.0,0.23-0.37,0.23-0.37,-0.12-0,-0.12-0,True,True,0.0,0.0
18101,0.0204558881199,10388.0,218.0,6871.0,0.010824898645853445,0.0204558881199,10388,218,Martin,Indiana,0.010824898645853445,both,2.04558881199,2.04558881199,1.0824898645853445,1.0824898645853445,0.0,0.0,0.0,0.0,0.70+,0.70+,0.57+,0.57+,True,True,0.0,0.0
18103,0.002913596860064198,9637.0,29.0,25196.0,0.0025943409743488834,0.002913596860064198,9637,29,Miami,Indiana,0.0025943409743488834,both,0.2913596860064198,0.2913596860064198,0.2594340974348883,0.2594340974348883,0.0,0.0,0.0,0.0,0.23-0.37,0.23-0.37,0.24-0.57,0.24-0.57,True,True,0.0,0.0
18105,0.006668264591090452,115133.0,829.0,82493.0,0.003043718050114154,0.006668264591090452,115133,829,Monroe,Indiana,0.003043718050114154,both,0.6668264591090451,0.6668264591090451,0.3043718050114154,0.3043718050114154,0.0,0.0,0.0,0.0,0.37-0.70,0.37-0.70,0.24-0.57,0.24-0.57,True,True,0.0,0.0
18107,0.0014165344511863263,21173.0,33.0,25900.0,0.0028108206585064554,0.0014165344511863263,21173,33,Montgomery,Indiana,0.0028108206585064554,both,0.14165344511863262,0.14165344511863262,0.28108206585064555,0.28108206585064555,0.0,0.0,0.0,0.0,0.14-0.23,0.14-0.23,0.24-0.57,0.24-0.57,True,True,0.0,0.0
18109,0.0024432395622194986,34602.0,85.0,50065.0,0.0020299581961982205,0.0024432395622194986,34602,85,Morgan,Indiana,0.0020299581961982205,both,0.24432395622194986,0.24432395622194986,0.20299581961982205,0.20299581961982205,0.0,0.0,0.0,0.0,0.23-0.37,0.23-0.37,0.09-0.24,0.09-0.24,True,True,0.0,0.0
18111,0.003019694756796279,2898.0,9.0,9886.0,0.00398406374501992,0.003019694756796279,2898,9,Newton,Indiana,0.00398406374501992,both,0.3019694756796279,0.3019694756796279,0.398406374501992,0.398406374501992,0.0,0.0,0.0,0.0,0.23-0.37,0.23-0.37,0.24-0.57,0.24-0.57,True,True,0.0,0.0
18113,0.0012677218315005905,27235.0,45.0,31895.0,0.000771009197357352,0.0012677218315005905,27235,45,Noble,Indiana,0.000771009197357352,both,0.12677218315005906,0.12677218315005906,0.0771009197357352,0.0771009197357352,0.0,0.0,0.0,0.0,0.06-0.14,0.06-0.14,0-0.09,0-0.09,True,True,0.0,0.0
18115,0.004583053878828527,1504.0,3.0,4392.0,-0.006622516556291391,0.004583053878828527,1504,3,Ohio,Indiana,-0.006622516556291391,both,0.45830538788285263,0.45830538788285263,-0.6622516556291391,-0.6622516556291391,0.0,0.0,0.0,0.0,0.37-0.70,0.37-0.70,<-0.12,<-0.12,True,True,0.0,0.0
18117,0.00034564997223038974,6356.0,3.0,13737.0,0.0017142857142857142,0.00034564997223038974,6356,3,Orange,Indiana,0.0017142857142857142,both,0.034564997223038976,0.034564997223038976,0.17142857142857143,0.17142857142857143,0.0,0.0,0.0,0.0,0-0.06,0-0.06,0.09-0.24,0.09-0.24,True,True,0.0,0.0
18119,0.002696137283277834,6407.0,14.0,15452.0,-0.002638522427440633,0.002696137283277834,6407,14,Owen,Indiana,-0.002638522427440633,both,0.2696137283277834,0.2696137283277834,-0.2638522427440633,-0.2638522427440633,0.0,0.0,0.0,0.0,0.23-0.37,0.23-0.37,<-0.12,<-0.12,True,True,0.0,0.0
18121,0.012323317119007679,3818.0,80.0,11469.0,0.05247320985025903,0.012323317119007679,3818,80,Parke,Indiana,0.05247320985025903,both,1.232331711900768,1.232331711900768,5.247320985025903,5.247320985025903,0.0,0.0,0.0,0.0,0.70+,0.70+,0.57+,0.57+,True,True,0.0,0.0
18123,0.0008063852204419209,6038.0,5.0,13667.0,-0.0026097222981966706,0.0008063852204419209,6038,5,Perry,Indiana,-0.0026097222981966706,both,0.08063852204419208,0.08063852204419208,-0.26097222981966706,-0.26097222981966706,0.0,0.0,0.0,0.0,0.06-0.14,0.06-0.14,<-0.12,<-0.12,True,True,0.0,0.0
18125,0.003268605945493233,3684.0,12.0,8607.0,0.0011248593925759281,0.003268605945493233,3684,12,Pike,Indiana,0.0011248593925759281,both,0.3268605945493233,0.3268605945493233,0.11248593925759282,0.11248593925759282,0.0,0.0,0.0,0.0,0.23-0.37,0.23-0.37,0.09-0.24,0.09-0.24,True,True,0.0,0.0
18127,0.001954315591728183,76741.0,154.0,120140.0,0.0017715970578092608,0.001954315591728183,76741,154,Porter,Indiana,0.0017715970578092608,both,0.1954315591728183,0.1954315591728183,0.17715970578092607,0.17715970578092607,0.0,0.0,0.0,0.0,0.14-0.23,0.14-0.23,0.09-0.24,0.09-0.24,True,True,0.0,0.0
18129,0.008990074377929393,13103.0,124.0,17929.0,0.007743605885547821,0.008990074377929393,13103,124,Posey,Indiana,0.007743605885547821,both,0.8990074377929393,0.8990074377929393,0.7743605885547821,0.7743605885547821,0.0,0.0,0.0,0.0,0.70+,0.70+,0.57+,0.57+,True,True,0.0,0.0
18131,0.00017152658662092623,3343.0,1.0,8696.0,0.0009242144177449168,0.00017152658662092623,3343,1,Pulaski,Indiana,0.0009242144177449168,both,0.01715265866209262,0.01715265866209262,0.09242144177449169,0.09242144177449169,0.0,0.0,0.0,0.0,0-0.06,0-0.06,0.09-0.24,0.09-0.24,True,True,0.0,0.0
18133,0.000565287417329669,15568.0,12.0,24842.0,0.0024366471734892786,0.000565287417329669,15568,12,Putnam,Indiana,0.0024366471734892786,both,0.0565287417329669,0.0565287417329669,0.24366471734892786,0.24366471734892786,0.0,0.0,0.0,0.0,0-0.06,0-0.06,0.24-0.57,0.24-0.57,True,True,0.0,0.0
18135,0.0012843474305641958,7567.0,9.0,17048.0,-0.0024803937685546023,0.0012843474305641958,7567,9,Randolph,Indiana,-0.0024803937685546023,both,0.12843474305641958,0.12843474305641958,-0.24803937685546024,-0.24803937685546024,0.0,0.0,0.0,0.0,0.06-0.14,0.06-0.14,<-0.12,<-0.12,True,True,0.0,0.0
18137,0.002752286029834905,14569.0,47.0,19738.0,0.0053270706839271395,0.002752286029834905,14569,47,Ripley,Indiana,0.0053270706839271395,both,0.2752286029834905,0.2752286029834905,0.532707068392714,0.532707068392714,0.0,0.0,0.0,0.0,0.23-0.37,0.23-0.37,0.24-0.57,0.24-0.57,True,True,0.0,0.0
18139,0.0008658504064344827,6393.0,5.0,11642.0,0.0006459948320413437,0.0008658504064344827,6393,5,Rush,Indiana,0.0006459948320413437,both,0.08658504064344827,0.08658504064344827,0.06459948320413438,0.06459948320413438,0.0,0.0,0.0,0.0,0.06-0.14,0.06-0.14,0-0.09,0-0.09,True,True,0.0,0.0
18141,0.003562267824584315,253774.0,1019.0,177621.0,0.0021310793996062367,0.003562267824584315,253774,1019,St. Joseph,Indiana,0.0021310793996062367,both,0.3562267824584315,0.3562267824584315,0.21310793996062366,0.21310793996062366,0.0,0.0,0.0,0.0,0.23-0.37,0.23-0.37,0.09-0.24,0.09-0.24,True,True,0.0,0.0
18143,0.0009760950736592957,14314.0,17.0,16991.0,-0.00017357332091214527,0.0009760950736592957,14314,17,Scott,Indiana,-0.00017357332091214527,both,0.09760950736592958,0.09760950736592958,-0.01735733209121453,-0.01735733209121453,0.0,0.0,0.0,0.0,0.06-0.14,0.06-0.14,-0.12-0,-0.12-0,True,True,0.0,0.0
18145,0.002510201663321775,30126.0,85.0,31447.0,-0.002260129372155497,0.002510201663321775,30126,85,Shelby,Indiana,-0.002260129372155497,both,0.2510201663321775,0.2510201663321775,-0.22601293721554971,-0.22601293721554971,0.0,0.0,0.0,0.0,0.23-0.37,0.23-0.37,<-0.12,<-0.12,True,True,0.0,0.0
18147,0.006187432842297926,7928.0,56.0,14156.0,0.003609093128065244,0.006187432842297926,7928,56,Spencer,Indiana,0.003609093128065244,both,0.6187432842297926,0.6187432842297926,0.3609093128065244,0.3609093128065244,0.0,0.0,0.0,0.0,0.37-0.70,0.37-0.70,0.24-0.57,0.24-0.57,True,True,0.0,0.0
18149,0.0005134059243648285,4228.0,2.0,16188.0,0.0,0.0005134059243648285,4228,2,Starke,Indiana,0.0,both,0.05134059243648285,0.05134059243648285,0.0,0.0,0.0,0.0,0.0,0.0,0-0.06,0-0.06,-0.12-0,-0.12-0,True,True,0.0,0.0
18151,0.002390205065323084,24666.0,69.0,23736.0,-0.004958720342800102,0.002390205065323084,24666,69,Steuben,Indiana,-0.004958720342800102,both,0.2390205065323084,0.2390205065323084,-0.49587203428001025,-0.49587203428001025,0.0,0.0,0.0,0.0,0.23-0.37,0.23-0.37,<-0.12,<-0.12,True,True,0.0,0.0
18153,0.0006097560975609756,3794.0,3.0,14972.0,0.0,0.0006097560975609756,3794,3,Sullivan,Indiana,0.0,both,0.06097560975609756,0.06097560975609756,0.0,0.0,0.0,0.0,0.0,0.0,0.06-0.14,0.06-0.14,-0.12-0,-0.12-0,True,True,0.0,0.0
18155,0.0009381194434086315,4717.0,4.0,6753.0,-0.0031088082901554403,0.0009381194434086315,4717,4,Switzerland,Indiana,-0.0031088082901554403,both,0.09381194434086315,0.09381194434086315,-0.31088082901554404,-0.31088082901554404,0.0,0.0,0.0,0.0,0.06-0.14,0.06-0.14,<-0.12,<-0.12,True,True,0.0,0.0
18157,0.0122928938097804,145009.0,2836.0,103685.0,0.040167606401895595,0.0122928938097804,145009,2836,Tippecanoe,Indiana,0.040167606401895595,both,1.22928938097804,1.22928938097804,4.01676064018956,4.01676064018956,0.0,0.0,0.0,0.0,0.70+,0.70+,0.57+,0.57+,True,True,0.0,0.0
18159,0.0022003142751347996,7388.0,15.0,10978.0,0.0016636302977141018,0.0022003142751347996,7388,15,Tipton,Indiana,0.0016636302977141018,both,0.22003142751347995,0.22003142751347995,0.16636302977141018,0.16636302977141018,0.0,0.0,0.0,0.0,0.14-0.23,0.14-0.23,0.09-0.24,0.09-0.24,True,True,0.0,0.0
18161,0.00035211267605633805,1683.0,1.0,5038.0,0.0,0.00035211267605633805,1683,1,Union,Indiana,0.0,both,0.035211267605633804,0.035211267605633804,0.0,0.0,0.0,0.0,0.0,0.0,0-0.06,0-0.06,-0.12-0,-0.12-0,True,True,0.0,0.0
18163,0.005183086876365986,192613.0,1063.0,123502.0,0.00018090098259189447,0.005183086876365986,192613,1063,Vanderburgh,Indiana,0.00018090098259189447,both,0.5183086876365985,0.5183086876365985,0.018090098259189447,0.018090098259189447,0.0,0.0,0.0,0.0,0.37-0.70,0.37-0.70,0-0.09,0-0.09,True,True,0.0,0.0
18165,0.005370654169497434,5959.0,32.0,10900.0,-0.0006729906422253563,0.005370654169497434,5959,32,Vermillion,Indiana,-0.0006729906422253563,both,0.5370654169497434,0.5370654169497434,-0.06729906422253562,-0.06729906422253562,0.0,0.0,0.0,0.0,0.37-0.70,0.37-0.70,-0.12-0,-0.12-0,True,True,0.0,0.0
18167,0.0022198124310002167,65278.0,156.0,68381.0,0.003315764575897353,0.0022198124310002167,65278,156,Vigo,Indiana,0.003315764575897353,both,0.22198124310002168,0.22198124310002168,0.3315764575897353,0.3315764575897353,0.0,0.0,0.0,0.0,0.14-0.23,0.14-0.23,0.24-0.57,0.24-0.57,True,True,0.0,0.0
18169,0.0016854128264752316,14775.0,22.0,21621.0,-0.0007654729657790998,0.0016854128264752316,14775,22,Wabash,Indiana,-0.0007654729657790998,both,0.16854128264752316,0.16854128264752316,-0.07654729657790998,-0.07654729657790998,0.0,0.0,0.0,0.0,0.14-0.23,0.14-0.23,-0.12-0,-0.12-0,True,True,0.0,0.0
18171,0.0,2695.0,0.0,6046.0,0.0,0.0,2695,0,Warren,Indiana,0.0,both,0.0,0.0,0.0,0.0,0.0,0.0,0.0,0.0,0-0.06,0-0.06,-0.12-0,-0.12-0,True,True,0.0,0.0
18173,0.001816800697635286,27415.0,55.0,44259.0,0.0010224111155405701,0.001816800697635286,27415,55,Warrick,Indiana,0.0010224111155405701,both,0.1816800697635286,0.1816800697635286,0.10224111155405702,0.10224111155405702,0.0,0.0,0.0,0.0,0.14-0.23,0.14-0.23,0.09-0.24,0.09-0.24,True,True,0.0,0.0
18175,0.00023105506081030555,8069.0,3.0,19598.0,0.0004185851820845542,0.00023105506081030555,8069,3,Washington,Indiana,0.0004185851820845542,both,0.023105506081030555,0.023105506081030555,0.041858518208455424,0.041858518208455424,0.0,0.0,0.0,0.0,0-0.06,0-0.06,0-0.09,0-0.09,True,True,0.0,0.0
18177,0.004407933258006317,48802.0,220.0,45558.0,-0.0038347021750917533,0.004407933258006317,48802,220,Wayne,Indiana,-0.0038347021750917533,both,0.4407933258006317,0.4407933258006317,-0.3834702175091753,-0.3834702175091753,0.0,0.0,0.0,0.0,0.37-0.70,0.37-0.70,<-0.12,<-0.12,True,True,0.0,0.0
18179,0.0011531648545837427,20007.0,28.0,18997.0,-0.0003902443621915889,0.0011531648545837427,20007,28,Wells,Indiana,-0.0003902443621915889,both,0.11531648545837427,0.11531648545837427,-0.03902443621915889,-0.03902443621915889,0.0,0.0,0.0,0.0,0.06-0.14,0.06-0.14,-0.12-0,-0.12-0,True,True,0.0,0.0
18181,0.0020862599984834956,9172.0,19.0,16992.0,0.0009968329785577073,0.0020862599984834956,9172,19,White,Indiana,0.0009968329785577073,both,0.20862599984834956,0.20862599984834956,0.09968329785577074,0.09968329785577074,0.0,0.0,0.0,0.0,0.14-0.23,0.14-0.23,0.09-0.24,0.09-0.24,True,True,0.0,0.0
18183,0.003896795999620209,18349.0,102.0,23775.0,0.004344272028702229,0.003896795999620209,18349,102,Whitley,Indiana,0.004344272028702229,both,0.3896795999620209,0.3896795999620209,0.43442720287022285,0.43442720287022285,0.0,0.0,0.0,0.0,0.37-0.70,0.37-0.70,0.24-0.57,0.24-0.57,True,True,0.0,0.0
18999,,,,,,0.014257216403986634,182251,3525,"[Indiana, county not reported]",Indiana,0.02237197818553869,right_only,,1.4257216403986634,,2.237197818553869,,,,,No data,0.70+,No data,0.57+,False,False,,
19001,0.0,1944.0,0.0,5285.0,0.0,0.0,1944,0,Adair,Iowa,0.0,both,0.0,0.0,0.0,0.0,0.0,0.0,0.0,0.0,0-0.06,0-0.06,-0.12-0,-0.12-0,True,True,0.0,0.0
19003,0.0,1967.0,0.0,2644.0,0.0,0.0,1967,0,Adams,Iowa,0.0,both,0.0,0.0,0.0,0.0,0.0,0.0,0.0,0.0,0-0.06,0-0.06,-0.12-0,-0.12-0,True,True,0.0,0.0
19005,0.00909446282854438,3292.0,29.0,9729.0,0.004726754726754727,0.00909446282854438,3292,29,Allamakee,Iowa,0.004726754726754727,both,0.909446282854438,0.909446282854438,0.4726754726754727,0.4726754726754727,0.0,0.0,0.0,0.0,0.70+,0.70+,0.24-0.57,0.24-0.57,True,True,0.0,0.0
19007,0.0006051441498263331,6094.0,4.0,8720.0,-0.0009596062227641174,0.0006051441498263331,6094,4,Appanoose,Iowa,-0.0009596062227641174,both,0.06051441498263332,0.06051441498263332,-0.09596062227641174,-0.09596062227641174,0.0,0.0,0.0,0.0,0.06-0.14,0.06-0.14,-0.12-0,-0.12-0,True,True,0.0,0.0
19009,0.0,1315.0,0.0,4054.0,0.0,0.0,1315,0,Audubon,Iowa,0.0,both,0.0,0.0,0.0,0.0,0.0,0.0,0.0,0.0,0-0.06,0-0.06,-0.12-0,-0.12-0,True,True,0.0,0.0
19011,0.0008418415959497983,9050.0,8.0,17867.0,-0.0005565517421235184,0.0008418415959497983,9050,8,Benton,Iowa,-0.0005565517421235184,both,0.08418415959497982,0.08418415959497982,-0.05565517421235184,-0.05565517421235184,0.0,0.0,0.0,0.0,0.06-0.14,0.06-0.14,-0.12-0,-0.12-0,True,True,0.0,0.0
19013,0.0052378822561475556,107081.0,584.0,82951.0,0.0032473735988552983,0.0052378822561475556,107081,584,Black Hawk,Iowa,0.0032473735988552983,both,0.5237882256147556,0.5237882256147556,0.3247373598855298,0.3247373598855298,0.0,0.0,0.0,0.0,0.37-0.70,0.37-0.70,0.24-0.57,0.24-0.57,True,True,0.0,0.0
19015,0.004028333833627605,9454.0,50.0,19033.0,0.010414351633442726,0.004028333833627605,9454,50,Boone,Iowa,0.010414351633442726,both,0.4028333833627605,0.4028333833627605,1.0414351633442727,1.0414351633442727,0.0,0.0,0.0,0.0,0.37-0.70,0.37-0.70,0.57+,0.57+,True,True,0.0,0.0
19017,0.0038502477096292683,10515.0,41.0,16513.0,-0.002482328573690209,0.0038502477096292683,10515,41,Bremer,Iowa,-0.002482328573690209,both,0.3850247709629268,0.3850247709629268,-0.2482328573690209,-0.2482328573690209,0.0,0.0,0.0,0.0,0.37-0.70,0.37-0.70,<-0.12,<-0.12,True,True,0.0,0.0
19019,0.0013621847155667827,7278.0,8.0,13831.0,0.0005025125628140704,0.0013621847155667827,7278,8,Buchanan,Iowa,0.0005025125628140704,both,0.13621847155667827,0.13621847155667827,0.05025125628140704,0.05025125628140704,0.0,0.0,0.0,0.0,0.06-0.14,0.06-0.14,0-0.09,0-0.09,True,True,0.0,0.0
19021,0.0013168768225785398,9316.0,12.0,13055.0,0.002944062806673209,0.0013168768225785398,9316,12,Buena Vista,Iowa,0.002944062806673209,both,0.131687682257854,0.131687682257854,0.2944062806673209,0.2944062806673209,0.0,0.0,0.0,0.0,0.06-0.14,0.06-0.14,0.24-0.57,0.24-0.57,True,True,0.0,0.0
19023,0.0012253261960521913,4704.0,5.0,10159.0,0.0010683760683760685,0.0012253261960521913,4704,5,Butler,Iowa,0.0010683760683760685,both,0.12253261960521913,0.12253261960521913,0.10683760683760685,0.10683760683760685,0.0,0.0,0.0,0.0,0.06-0.14,0.06-0.14,0.09-0.24,0.09-0.24,True,True,0.0,0.0
19025,0.0,2495.0,0.0,7078.0,0.0,0.0,2495,0,Calhoun,Iowa,0.0,both,0.0,0.0,0.0,0.0,0.0,0.0,0.0,0.0,0-0.06,0-0.06,-0.12-0,-0.12-0,True,True,0.0,0.0
19027,0.0013556232284819528,9905.0,13.0,14088.0,-2.842377995446513e-05,0.0013556232284819528,9905,13,Carroll,Iowa,-2.842377995446513e-05,both,0.13556232284819528,0.13556232284819528,-0.002842377995446513,-0.002842377995446513,0.0,0.0,0.0,0.0,0.06-0.14,0.06-0.14,-0.12-0,-0.12-0,True,True,0.0,0.0
19029,0.0014801034645827884,7033.0,12.0,9380.0,0.003330161750713606,0.0014801034645827884,7033,12,Cass,Iowa,0.003330161750713606,both,0.14801034645827885,0.14801034645827885,0.3330161750713606,0.3330161750713606,0.0,0.0,0.0,0.0,0.14-0.23,0.14-0.23,0.24-0.57,0.24-0.57,True,True,0.0,0.0
19031,0.0007301715660210547,8169.0,8.0,13224.0,0.0007669263461349857,0.0007301715660210547,8169,8,Cedar,Iowa,0.0007669263461349857,both,0.07301715660210548,0.07301715660210548,0.07669263461349857,0.07669263461349857,0.0,0.0,0.0,0.0,0.06-0.14,0.06-0.14,0-0.09,0-0.09,True,True,0.0,0.0
19033,0.0016015365049148866,38907.0,65.0,30790.0,0.0004163861412883891,0.0016015365049148866,38907,65,Cerro Gordo,Iowa,0.0004163861412883891,both,0.16015365049148866,0.16015365049148866,0.04163861412883891,0.04163861412883891,0.0,0.0,0.0,0.0,0.14-0.23,0.14-0.23,0-0.09,0-0.09,True,True,0.0,0.0
19035,0.0013498114392708012,4593.0,6.0,8270.0,0.0012077294685990338,0.0013498114392708012,4593,6,Cherokee,Iowa,0.0012077294685990338,both,0.1349811439270801,0.1349811439270801,0.12077294685990338,0.12077294685990338,0.0,0.0,0.0,0.0,0.06-0.14,0.06-0.14,0.09-0.24,0.09-0.24,True,True,0.0,0.0
19037,0.00018656716417910448,4995.0,1.0,8212.0,0.0,0.00018656716417910448,4995,1,Chickasaw,Iowa,0.0,both,0.01865671641791045,0.01865671641791045,0.0,0.0,0.0,0.0,0.0,0.0,0-0.06,0-0.06,-0.12-0,-0.12-0,True,True,0.0,0.0
19039,0.0005748088988584741,7811.0,8.0,6309.0,0.0006837606837606838,0.0005748088988584741,7811,8,Clarke,Iowa,0.0006837606837606838,both,0.05748088988584741,0.05748088988584741,0.06837606837606838,0.06837606837606838,0.0,0.0,0.0,0.0,0-0.06,0-0.06,0-0.09,0-0.09,True,True,0.0,0.0
19041,0.0019596100397794745,9050.0,19.0,11256.0,0.006467661691542288,0.0019596100397794745,9050,19,Clay,Iowa,0.006467661691542288,both,0.19596100397794744,0.19596100397794744,0.6467661691542288,0.6467661691542288,0.0,0.0,0.0,0.0,0.14-0.23,0.14-0.23,0.57+,0.57+,True,True,0.0,0.0
19043,0.0010097600400337022,4627.0,5.0,12308.0,0.0010743752213018937,0.0010097600400337022,4627,5,Clayton,Iowa,0.0010743752213018937,both,0.10097600400337023,0.10097600400337023,0.10743752213018937,0.10743752213018937,0.0,0.0,0.0,0.0,0.06-0.14,0.06-0.14,0.09-0.24,0.09-0.24,True,True,0.0,0.0
19045,0.0038658828934186526,27787.0,127.0,32458.0,0.004096335041958836,0.0038658828934186526,27787,127,Clinton,Iowa,0.004096335041958836,both,0.3865882893418653,0.3865882893418653,0.4096335041958836,0.4096335041958836,0.0,0.0,0.0,0.0,0.37-0.70,0.37-0.70,0.24-0.57,0.24-0.57,True,True,0.0,0.0
19047,0.0003487954848166011,5870.0,2.0,10648.0,4.211947473599907e-05,0.0003487954848166011,5870,2,Crawford,Iowa,4.211947473599907e-05,both,0.03487954848166011,0.03487954848166011,0.004211947473599906,0.004211947473599906,0.0,0.0,0.0,0.0,0-0.06,0-0.06,0-0.09,0-0.09,True,True,0.0,0.0
19049,0.0030669970911561604,25631.0,96.0,65734.0,0.0017606709453931635,0.0030669970911561604,25631,96,Dallas,Iowa,0.0017606709453931635,both,0.30669970911561606,0.30669970911561606,0.17606709453931635,0.17606709453931635,0.0,0.0,0.0,0.0,0.23-0.37,0.23-0.37,0.09-0.24,0.09-0.24,True,True,0.0,0.0
19051,0.0017863624578688098,1855.0,4.0,5698.0,0.00303951367781155,0.0017863624578688098,1855,4,Davis,Iowa,0.00303951367781155,both,0.17863624578688098,0.17863624578688098,0.303951367781155,0.303951367781155,0.0,0.0,0.0,0.0,0.14-0.23,0.14-0.23,0.24-0.57,0.24-0.57,True,True,0.0,0.0
19053,0.004782510676419377,2512.0,13.0,4761.0,0.006700167504187605,0.004782510676419377,2512,13,Decatur,Iowa,0.006700167504187605,both,0.47825106764193775,0.47825106764193775,0.6700167504187605,0.6700167504187605,0.0,0.0,0.0,0.0,0.37-0.70,0.37-0.70,0.57+,0.57+,True,True,0.0,0.0
19055,0.0030523468964878194,8030.0,22.0,12042.0,8.740890652095962e-05,0.0030523468964878194,8030,22,Delaware,Iowa,8.740890652095962e-05,both,0.3052346896487819,0.3052346896487819,0.008740890652095962,0.008740890652095962,0.0,0.0,0.0,0.0,0.23-0.37,0.23-0.37,0-0.09,0-0.09,True,True,0.0,0.0
19057,0.0017842457349059413,24171.0,39.0,27152.0,-0.0028290054849861006,0.0017842457349059413,24171,39,Des Moines,Iowa,-0.0028290054849861006,both,0.17842457349059412,0.17842457349059412,-0.28290054849861007,-0.28290054849861007,0.0,0.0,0.0,0.0,0.14-0.23,0.14-0.23,<-0.12,<-0.12,True,True,0.0,0.0
19059,0.0008243970200491939,8379.0,9.0,13171.0,0.004098360655737705,0.0008243970200491939,8379,9,Dickinson,Iowa,0.004098360655737705,both,0.08243970200491939,0.08243970200491939,0.4098360655737705,0.4098360655737705,0.0,0.0,0.0,0.0,0.06-0.14,0.06-0.14,0.24-0.57,0.24-0.57,True,True,0.0,0.0
19061,0.004930164062220813,80742.0,400.0,66284.0,0.0015015359343548982,0.004930164062220813,80742,400,Dubuque,Iowa,0.0015015359343548982,both,0.49301640622208126,0.49301640622208126,0.1501535934354898,0.1501535934354898,0.0,0.0,0.0,0.0,0.37-0.70,0.37-0.70,0.09-0.24,0.09-0.24,True,True,0.0,0.0
19063,0.003241669816504109,4211.0,15.0,6678.0,0.0040609137055837565,0.003241669816504109,4211,15,Emmet,Iowa,0.0040609137055837565,both,0.3241669816504109,0.3241669816504109,0.40609137055837563,0.40609137055837563,0.0,0.0,0.0,0.0,0.23-0.37,0.23-0.37,0.24-0.57,0.24-0.57,True,True,0.0,0.0
19065,0.0012719477818824057,7011.0,6.0,13601.0,0.0006426735218508997,0.0012719477818824057,7011,6,Fayette,Iowa,0.0006426735218508997,both,0.12719477818824057,0.12719477818824057,0.06426735218508997,0.06426735218508997,0.0,0.0,0.0,0.0,0.06-0.14,0.06-0.14,0-0.09,0-0.09,True,True,0.0,0.0
19067,0.003945693823578178,7461.0,28.0,10875.0,0.004216545657965911,0.003945693823578178,7461,28,Floyd,Iowa,0.004216545657965911,both,0.3945693823578178,0.3945693823578178,0.4216545657965911,0.4216545657965911,0.0,0.0,0.0,0.0,0.37-0.70,0.37-0.70,0.24-0.57,0.24-0.57,True,True,0.0,0.0
19069,0.0013573171040238334,3954.0,6.0,6948.0,0.0014153746118230027,0.0013573171040238334,3954,6,Franklin,Iowa,0.0014153746118230027,both,0.13573171040238335,0.13573171040238335,0.14153746118230026,0.14153746118230026,0.0,0.0,0.0,0.0,0.06-0.14,0.06-0.14,0.09-0.24,0.09-0.24,True,True,0.0,0.0
19071,0.0012941296330256536,3423.0,4.0,4738.0,0.0,0.0012941296330256536,3423,4,Fremont,Iowa,0.0,both,0.12941296330256535,0.12941296330256535,0.0,0.0,0.0,0.0,0.0,0.0,0.06-0.14,0.06-0.14,-0.12-0,-0.12-0,True,True,0.0,0.0
19073,0.0019239363454700276,3591.0,8.0,6218.0,0.004305705059203444,0.0019239363454700276,3591,8,Greene,Iowa,0.004305705059203444,both,0.19239363454700276,0.19239363454700276,0.4305705059203444,0.4305705059203444,0.0,0.0,0.0,0.0,0.14-0.23,0.14-0.23,0.24-0.57,0.24-0.57,True,True,0.0,0.0
19075,0.0014184397163120566,3230.0,4.0,8580.0,0.0,0.0014184397163120566,3230,4,Grundy,Iowa,0.0,both,0.14184397163120566,0.14184397163120566,0.0,0.0,0.0,0.0,0.0,0.0,0.14-0.23,0.14-0.23,-0.12-0,-0.12-0,True,True,0.0,0.0
19077,0.0008554565605655634,4413.0,4.0,7603.0,0.0016891891891891893,0.0008554565605655634,4413,4,Guthrie,Iowa,0.0016891891891891893,both,0.08554565605655634,0.08554565605655634,0.16891891891891891,0.16891891891891891,0.0,0.0,0.0,0.0,0.06-0.14,0.06-0.14,0.09-0.24,0.09-0.24,True,True,0.0,0.0
19079,0.0006184873468452995,6033.0,4.0,10592.0,0.0022641509433962265,0.0006184873468452995,6033,4,Hamilton,Iowa,0.0022641509433962265,both,0.06184873468452995,0.06184873468452995,0.22641509433962265,0.22641509433962265,0.0,0.0,0.0,0.0,0.06-0.14,0.06-0.14,0.09-0.24,0.09-0.24,True,True,0.0,0.0
19081,0.001519050681018003,4864.0,8.0,7683.0,-0.0017123287671232876,0.001519050681018003,4864,8,Hancock,Iowa,-0.0017123287671232876,both,0.1519050681018003,0.1519050681018003,-0.17123287671232876,-0.17123287671232876,0.0,0.0,0.0,0.0,0.14-0.23,0.14-0.23,<-0.12,<-0.12,True,True,0.0,0.0
19083,0.002558716760799094,6839.0,15.0,12328.0,0.00611353711790393,0.002558716760799094,6839,15,Hardin,Iowa,0.00611353711790393,both,0.2558716760799094,0.2558716760799094,0.611353711790393,0.611353711790393,0.0,0.0,0.0,0.0,0.23-0.37,0.23-0.37,0.57+,0.57+,True,True,0.0,0.0
19085,0.00038314176245210724,5987.0,3.0,10166.0,0.0,0.00038314176245210724,5987,3,Harrison,Iowa,0.0,both,0.038314176245210725,0.038314176245210725,0.0,0.0,0.0,0.0,0.0,0.0,0-0.06,0-0.06,-0.12-0,-0.12-0,True,True,0.0,0.0
19087,0.0006354694090173497,7761.0,5.0,13931.0,0.001046040597483578,0.0006354694090173497,7761,5,Henry,Iowa,0.001046040597483578,both,0.06354694090173496,0.06354694090173496,0.1046040597483578,0.1046040597483578,0.0,0.0,0.0,0.0,0.06-0.14,0.06-0.14,0.09-0.24,0.09-0.24,True,True,0.0,0.0
19089,0.0,3465.0,0.0,6381.0,0.0,0.0,3465,0,Howard,Iowa,0.0,both,0.0,0.0,0.0,0.0,0.0,0.0,0.0,0.0,0-0.06,0-0.06,-0.12-0,-0.12-0,True,True,0.0,0.0
19091,0.002662826761187417,3105.0,7.0,6652.0,0.0,0.002662826761187417,3105,7,Humboldt,Iowa,0.0,both,0.2662826761187417,0.2662826761187417,0.0,0.0,0.0,0.0,0.0,0.0,0.23-0.37,0.23-0.37,-0.12-0,-0.12-0,True,True,0.0,0.0
19093,0.0010898852618728225,3480.0,4.0,4740.0,0.0014245014245014246,0.0010898852618728225,3480,4,Ida,Iowa,0.0014245014245014246,both,0.10898852618728225,0.10898852618728225,0.14245014245014245,0.14245014245014245,0.0,0.0,0.0,0.0,0.06-0.14,0.06-0.14,0.09-0.24,0.09-0.24,True,True,0.0,0.0
19095,0.002453557701029067,10853.0,27.0,11550.0,-0.0007098104401751749,0.002453557701029067,10853,27,Iowa,Iowa,-0.0007098104401751749,both,0.2453557701029067,0.2453557701029067,-0.0709810440175175,-0.0709810440175175,0.0,0.0,0.0,0.0,0.23-0.37,0.23-0.37,-0.12-0,-0.12-0,True,True,0.0,0.0
19097,0.001835188027864431,6827.0,14.0,13787.0,0.0025278058645096056,0.001835188027864431,6827,14,Jackson,Iowa,0.0025278058645096056,both,0.1835188027864431,0.1835188027864431,0.2527805864509606,0.2527805864509606,0.0,0.0,0.0,0.0,0.14-0.23,0.14-0.23,0.24-0.57,0.24-0.57,True,True,0.0,0.0
19099,0.0005981835418078559,16939.0,13.0,26686.0,0.0007897334649555774,0.0005981835418078559,16939,13,Jasper,Iowa,0.0007897334649555774,both,0.05981835418078559,0.05981835418078559,0.07897334649555775,0.07897334649555775,0.0,0.0,0.0,0.0,0-0.06,0-0.06,0-0.09,0-0.09,True,True,0.0,0.0
19101,0.014860606050929379,6994.0,108.0,12023.0,0.002151915449285712,0.014860606050929379,6994,108,Jefferson,Iowa,0.002151915449285712,both,1.486060605092938,1.486060605092938,0.21519154492857118,0.21519154492857118,0.0,0.0,0.0,0.0,0.70+,0.70+,0.09-0.24,0.09-0.24,True,True,0.0,0.0
19103,0.010298176640398107,152364.0,1551.0,90653.0,-0.0058253176986736675,0.010298176640398107,152364,1551,Johnson,Iowa,-0.0058253176986736675,both,1.0298176640398107,1.0298176640398107,-0.5825317698673668,-0.5825317698673668,0.0,0.0,0.0,0.0,0.70+,0.70+,<-0.12,<-0.12,True,True,0.0,0.0
19105,0.0017341346625076898,7700.0,12.0,14978.0,0.002881844380403458,0.0017341346625076898,7700,12,Jones,Iowa,0.002881844380403458,both,0.17341346625076898,0.17341346625076898,0.2881844380403458,0.2881844380403458,0.0,0.0,0.0,0.0,0.14-0.23,0.14-0.23,0.24-0.57,0.24-0.57,True,True,0.0,0.0
19107,0.0011627906976744186,3062.0,5.0,6987.0,0.0,0.0011627906976744186,3062,5,Keokuk,Iowa,0.0,both,0.11627906976744186,0.11627906976744186,0.0,0.0,0.0,0.0,0.0,0.0,0.06-0.14,0.06-0.14,-0.12-0,-0.12-0,True,True,0.0,0.0
19109,0.0004177921059510325,5617.0,2.0,10439.0,0.0008382229673093043,0.0004177921059510325,5617,2,Kossuth,Iowa,0.0008382229673093043,both,0.04177921059510325,0.04177921059510325,0.08382229673093043,0.08382229673093043,0.0,0.0,0.0,0.0,0-0.06,0-0.06,0-0.09,0-0.09,True,True,0.0,0.0
19111,0.0020297160839167533,11239.0,25.0,23857.0,0.0009998916543913397,0.0020297160839167533,11239,25,Lee,Iowa,0.0009998916543913397,both,0.20297160839167533,0.20297160839167533,0.09998916543913397,0.09998916543913397,0.0,0.0,0.0,0.0,0.14-0.23,0.14-0.23,0.09-0.24,0.09-0.24,True,True,0.0,0.0
19113,0.010799028650159238,263906.0,3018.0,155869.0,0.0001650490361337735,0.010799028650159238,263906,3018,Linn,Iowa,0.0001650490361337735,both,1.0799028650159237,1.0799028650159237,0.01650490361337735,0.01650490361337735,0.0,0.0,0.0,0.0,0.70+,0.70+,0-0.09,0-0.09,True,True,0.0,0.0
19115,0.0002610966057441253,3335.0,1.0,7582.0,0.0012300123001230013,0.0002610966057441253,3335,1,Louisa,Iowa,0.0012300123001230013,both,0.02610966057441253,0.02610966057441253,0.12300123001230012,0.12300123001230012,0.0,0.0,0.0,0.0,0-0.06,0-0.06,0.09-0.24,0.09-0.24,True,True,0.0,0.0
19117,0.0024349679909716707,4630.0,18.0,6066.0,0.007847533632286996,0.0024349679909716707,4630,18,Lucas,Iowa,0.007847533632286996,both,0.24349679909716707,0.24349679909716707,0.7847533632286996,0.7847533632286996,0.0,0.0,0.0,0.0,0.23-0.37,0.23-0.37,0.57+,0.57+,True,True,0.0,0.0
19119,0.0025815388957018287,5881.0,18.0,7724.0,0.003651300775901415,0.0025815388957018287,5881,18,Lyon,Iowa,0.003651300775901415,both,0.25815388957018287,0.25815388957018287,0.3651300775901415,0.3651300775901415,0.0,0.0,0.0,0.0,0.23-0.37,0.23-0.37,0.24-0.57,0.24-0.57,True,True,0.0,0.0
19121,0.002390627668955615,5745.0,14.0,11322.0,0.0016488046166529267,0.002390627668955615,5745,14,Madison,Iowa,0.0016488046166529267,both,0.2390627668955615,0.2390627668955615,0.16488046166529266,0.16488046166529266,0.0,0.0,0.0,0.0,0.23-0.37,0.23-0.37,0.09-0.24,0.09-0.24,True,True,0.0,0.0
19123,0.005107255678485452,11251.0,56.0,14716.0,0.0005625229957243816,0.005107255678485452,11251,56,Mahaska,Iowa,0.0005625229957243816,both,0.5107255678485452,0.5107255678485452,0.05625229957243816,0.05625229957243816,0.0,0.0,0.0,0.0,0.37-0.70,0.37-0.70,0-0.09,0-0.09,True,True,0.0,0.0
19125,0.004705404985787269,21077.0,125.0,22248.0,0.007233211776775907,0.004705404985787269,21077,125,Marion,Iowa,0.007233211776775907,both,0.47054049857872693,0.47054049857872693,0.7233211776775907,0.7233211776775907,0.0,0.0,0.0,0.0,0.37-0.70,0.37-0.70,0.57+,0.57+,True,True,0.0,0.0
19127,0.003992424100030453,22096.0,97.0,26441.0,0.0032057483996647666,0.003992424100030453,22096,97,Marshall,Iowa,0.0032057483996647666,both,0.39924241000304533,0.39924241000304533,0.3205748399664767,0.3205748399664767,0.0,0.0,0.0,0.0,0.37-0.70,0.37-0.70,0.24-0.57,0.24-0.57,True,True,0.0,0.0
19129,0.0029850894640676313,5663.0,22.0,10081.0,0.006218202374222725,0.0029850894640676313,5663,22,Mills,Iowa,0.006218202374222725,both,0.2985089464067631,0.2985089464067631,0.6218202374222724,0.6218202374222724,0.0,0.0,0.0,0.0,0.23-0.37,0.23-0.37,0.57+,0.57+,True,True,0.0,0.0
19131,0.0,3073.0,0.0,7240.0,0.0,0.0,3073,0,Mitchell,Iowa,0.0,both,0.0,0.0,0.0,0.0,0.0,0.0,0.0,0.0,0-0.06,0-0.06,-0.12-0,-0.12-0,True,True,0.0,0.0
19133,0.001883554889353477,2520.0,4.0,6202.0,0.0,0.001883554889353477,2520,4,Monona,Iowa,0.0,both,0.1883554889353477,0.1883554889353477,0.0,0.0,0.0,0.0,0.0,0.0,0.14-0.23,0.14-0.23,-0.12-0,-0.12-0,True,True,0.0,0.0
19135,0.0006493506493506494,1940.0,1.0,5203.0,0.0,0.0006493506493506494,1940,1,Monroe,Iowa,0.0,both,0.06493506493506493,0.06493506493506493,0.0,0.0,0.0,0.0,0.0,0.0,0.06-0.14,0.06-0.14,-0.12-0,-0.12-0,True,True,0.0,0.0
19137,0.0004955523500420724,5303.0,3.0,7219.0,0.00149812734082397,0.0004955523500420724,5303,3,Montgomery,Iowa,0.00149812734082397,both,0.049555235004207235,0.049555235004207235,0.149812734082397,0.149812734082397,0.0,0.0,0.0,0.0,0-0.06,0-0.06,0.09-0.24,0.09-0.24,True,True,0.0,0.0
19139,0.0032902066058280036,31241.0,99.0,28939.0,-0.002262492406465043,0.0032902066058280036,31241,99,Muscatine,Iowa,-0.002262492406465043,both,0.3290206605828004,0.3290206605828004,-0.2262492406465043,-0.2262492406465043,0.0,0.0,0.0,0.0,0.23-0.37,0.23-0.37,<-0.12,<-0.12,True,True,0.0,0.0
19141,0.00042519732498280856,8881.0,6.0,9734.0,0.0022156573116691287,0.00042519732498280856,8881,6,O'Brien,Iowa,0.0022156573116691287,both,0.04251973249828086,0.04251973249828086,0.22156573116691286,0.22156573116691286,0.0,0.0,0.0,0.0,0-0.06,0-0.06,0.09-0.24,0.09-0.24,True,True,0.0,0.0
19143,0.0029689779247301373,2095.0,4.0,4374.0,-0.002340700784984432,0.0029689779247301373,2095,4,Osceola,Iowa,-0.002340700784984432,both,0.29689779247301373,0.29689779247301373,-0.2340700784984432,-0.2340700784984432,0.0,0.0,0.0,0.0,0.23-0.37,0.23-0.37,<-0.12,<-0.12,True,True,0.0,0.0
19145,0.0006349800101585236,7973.0,6.0,11345.0,0.0021231422505307855,0.0006349800101585236,7973,6,Page,Iowa,0.0021231422505307855,both,0.06349800101585236,0.06349800101585236,0.21231422505307856,0.21231422505307856,0.0,0.0,0.0,0.0,0.06-0.14,0.06-0.14,0.09-0.24,0.09-0.24,True,True,0.0,0.0
19147,0.0017733516483516485,3066.0,7.0,6058.0,0.006925207756232687,0.0017733516483516485,3066,7,Palo Alto,Iowa,0.006925207756232687,both,0.17733516483516484,0.17733516483516484,0.6925207756232686,0.6925207756232686,0.0,0.0,0.0,0.0,0.14-0.23,0.14-0.23,0.57+,0.57+,True,True,0.0,0.0
19149,0.00042494949615692646,10319.0,6.0,17302.0,0.0013960731720572767,0.00042494949615692646,10319,6,Plymouth,Iowa,0.0013960731720572767,both,0.04249494961569265,0.04249494961569265,0.13960731720572767,0.13960731720572767,0.0,0.0,0.0,0.0,0-0.06,0-0.06,0.09-0.24,0.09-0.24,True,True,0.0,0.0
19151,0.0003968253968253968,1963.0,1.0,4946.0,0.0,0.0003968253968253968,1963,1,Pocahontas,Iowa,0.0,both,0.03968253968253968,0.03968253968253968,0.0,0.0,0.0,0.0,0.0,0.0,0-0.06,0-0.06,-0.12-0,-0.12-0,True,True,0.0,0.0
19153,0.017208854352405545,813945.0,14932.0,328511.0,0.003197587482491271,0.017208854352405545,813945,14932,Polk,Iowa,0.003197587482491271,both,1.7208854352405545,1.7208854352405545,0.3197587482491271,0.3197587482491271,0.0,0.0,0.0,0.0,0.70+,0.70+,0.24-0.57,0.24-0.57,True,True,0.0,0.0
19155,0.0022099967992862046,86590.0,235.0,63639.0,0.0032436327953123435,0.0022099967992862046,86590,235,Pottawattamie,Iowa,0.0032436327953123435,both,0.22099967992862046,0.22099967992862046,0.32436327953123434,0.32436327953123434,0.0,0.0,0.0,0.0,0.14-0.23,0.14-0.23,0.24-0.57,0.24-0.57,True,True,0.0,0.0
19157,0.004021585741567947,14355.0,60.0,12160.0,0.0010732017713645328,0.004021585741567947,14355,60,Poweshiek,Iowa,0.0010732017713645328,both,0.4021585741567947,0.4021585741567947,0.10732017713645328,0.10732017713645328,0.0,0.0,0.0,0.0,0.37-0.70,0.37-0.70,0.09-0.24,0.09-0.24,True,True,0.0,0.0
19159,0.0,1331.0,0.0,3213.0,0.0,0.0,1331,0,Ringgold,Iowa,0.0,both,0.0,0.0,0.0,0.0,0.0,0.0,0.0,0.0,0-0.06,0-0.06,-0.12-0,-0.12-0,True,True,0.0,0.0
19161,0.0016795032470592458,2449.0,4.0,6902.0,0.001584786053882726,0.0016795032470592458,2449,4,Sac,Iowa,0.001584786053882726,both,0.16795032470592458,0.16795032470592458,0.15847860538827258,0.15847860538827258,0.0,0.0,0.0,0.0,0.14-0.23,0.14-0.23,0.09-0.24,0.09-0.24,True,True,0.0,0.0
19163,0.004924248943264125,175373.0,1029.0,118337.0,0.006183879822091891,0.004924248943264125,175373,1029,Scott,Iowa,0.006183879822091891,both,0.49242489432641245,0.49242489432641245,0.6183879822091891,0.6183879822091891,0.0,0.0,0.0,0.0,0.37-0.70,0.37-0.70,0.57+,0.57+,True,True,0.0,0.0
19165,0.0015621265685844311,6965.0,9.0,8325.0,0.0005470459518599562,0.0015621265685844311,6965,9,Shelby,Iowa,0.0005470459518599562,both,0.1562126568584431,0.1562126568584431,0.05470459518599562,0.05470459518599562,0.0,0.0,0.0,0.0,0.14-0.23,0.14-0.23,0-0.09,0-0.09,True,True,0.0,0.0
19167,0.0025496925128990883,20695.0,50.0,21356.0,-0.0002888627306377727,0.0025496925128990883,20695,50,Sioux,Iowa,-0.0002888627306377727,both,0.2549692512899088,0.2549692512899088,-0.02888627306377727,-0.02888627306377727,0.0,0.0,0.0,0.0,0.23-0.37,0.23-0.37,-0.12-0,-0.12-0,True,True,0.0,0.0
19169,0.008541272192547234,69320.0,631.0,51740.0,0.0062076723731145644,0.008541272192547234,69320,631,Story,Iowa,0.0062076723731145644,both,0.8541272192547235,0.8541272192547235,0.6207672373114564,0.6207672373114564,0.0,0.0,0.0,0.0,0.70+,0.70+,0.57+,0.57+,True,True,0.0,0.0
19171,0.001330205855093242,6032.0,13.0,11597.0,0.0034044688132738444,0.001330205855093242,6032,13,Tama,Iowa,0.0034044688132738444,both,0.1330205855093242,0.1330205855093242,0.34044688132738443,0.34044688132738443,0.0,0.0,0.0,0.0,0.06-0.14,0.06-0.14,0.24-0.57,0.24-0.57,True,True,0.0,0.0
19173,0.0008163265306122449,2488.0,2.0,4110.0,-0.0030257186081694403,0.0008163265306122449,2488,2,Taylor,Iowa,-0.0030257186081694403,both,0.0816326530612245,0.0816326530612245,-0.30257186081694404,-0.30257186081694404,0.0,0.0,0.0,0.0,0.06-0.14,0.06-0.14,<-0.12,<-0.12,True,True,0.0,0.0
19175,0.0014325540221836127,4738.0,8.0,8235.0,0.007252946509519492,0.0014325540221836127,4738,8,Union,Iowa,0.007252946509519492,both,0.14325540221836128,0.14325540221836128,0.7252946509519492,0.7252946509519492,0.0,0.0,0.0,0.0,0.14-0.23,0.14-0.23,0.57+,0.57+,True,True,0.0,0.0
19177,0.0018223897033519169,1962.0,4.0,5072.0,0.005226480836236934,0.0018223897033519169,1962,4,Van Buren,Iowa,0.005226480836236934,both,0.18223897033519168,0.18223897033519168,0.5226480836236934,0.5226480836236934,0.0,0.0,0.0,0.0,0.14-0.23,0.14-0.23,0.24-0.57,0.24-0.57,True,True,0.0,0.0
19179,0.0035280739011365574,19634.0,67.0,24087.0,0.0005238099034304625,0.0035280739011365574,19634,67,Wapello,Iowa,0.0005238099034304625,both,0.35280739011365575,0.35280739011365575,0.052380990343046246,0.052380990343046246,0.0,0.0,0.0,0.0,0.23-0.37,0.23-0.37,0-0.09,0-0.09,True,True,0.0,0.0
19181,0.0024957734069866525,25016.0,77.0,34895.0,0.00039975530709916436,0.0024957734069866525,25016,77,Warren,Iowa,0.00039975530709916436,both,0.24957734069866525,0.24957734069866525,0.03997553070991643,0.03997553070991643,0.0,0.0,0.0,0.0,0.23-0.37,0.23-0.37,0-0.09,0-0.09,True,True,0.0,0.0
19183,0.0004089097027580758,8474.0,5.0,15309.0,-0.0008078101705167008,0.0004089097027580758,8474,5,Washington,Iowa,-0.0008078101705167008,both,0.04089097027580758,0.04089097027580758,-0.08078101705167008,-0.08078101705167008,0.0,0.0,0.0,0.0,0-0.06,0-0.06,-0.12-0,-0.12-0,True,True,0.0,0.0
19185,0.0021158716758125787,1565.0,4.0,4345.0,0.0,0.0021158716758125787,1565,4,Wayne,Iowa,0.0,both,0.21158716758125787,0.21158716758125787,0.0,0.0,0.0,0.0,0.0,0.0,0.14-0.23,0.14-0.23,-0.12-0,-0.12-0,True,True,0.0,0.0
19187,0.0029206754364572273,22845.0,64.0,25086.0,0.0019502217811476945,0.0029206754364572273,22845,64,Webster,Iowa,0.0019502217811476945,both,0.29206754364572274,0.29206754364572274,0.19502217811476946,0.19502217811476946,0.0,0.0,0.0,0.0,0.23-0.37,0.23-0.37,0.09-0.24,0.09-0.24,True,True,0.0,0.0
19189,0.0006165151326441648,4705.0,3.0,7203.0,0.0031512605042016808,0.0006165151326441648,4705,3,Winnebago,Iowa,0.0031512605042016808,both,0.06165151326441649,0.06165151326441649,0.31512605042016806,0.31512605042016806,0.0,0.0,0.0,0.0,0.06-0.14,0.06-0.14,0.24-0.57,0.24-0.57,True,True,0.0,0.0
19191,0.000365008130418,7548.0,3.0,13436.0,0.0006856464862961095,0.000365008130418,7548,3,Winneshiek,Iowa,0.0006856464862961095,both,0.0365008130418,0.0365008130418,0.06856464862961095,0.06856464862961095,0.0,0.0,0.0,0.0,0-0.06,0-0.06,0-0.09,0-0.09,True,True,0.0,0.0
19193,0.0032371161993273597,81674.0,293.0,67477.0,0.006581164844387321,0.0032371161993273597,81674,293,Woodbury,Iowa,0.006581164844387321,both,0.32371161993273595,0.32371161993273595,0.658116484438732,0.658116484438732,0.0,0.0,0.0,0.0,0.23-0.37,0.23-0.37,0.57+,0.57+,True,True,0.0,0.0
19195,0.0,3304.0,0.0,5340.0,0.0,0.0,3304,0,Worth,Iowa,0.0,both,0.0,0.0,0.0,0.0,0.0,0.0,0.0,0.0,0-0.06,0-0.06,-0.12-0,-0.12-0,True,True,0.0,0.0
19197,0.003849878213672426,4519.0,18.0,8838.0,-0.0029373920526263204,0.003849878213672426,4519,18,Wright,Iowa,-0.0029373920526263204,both,0.3849878213672426,0.3849878213672426,-0.29373920526263203,-0.29373920526263203,0.0,0.0,0.0,0.0,0.37-0.70,0.37-0.70,<-0.12,<-0.12,True,True,0.0,0.0
19999,,,,,,0.022259647765885692,85758,3118,"[Iowa, county not reported]",Iowa,0.03575227865784886,right_only,,2.2259647765885693,,3.5752278657848855,,,,,No data,0.70+,No data,0.57+,False,False,,
20001,0.0,4260.0,0.0,8542.0,0.0,0.0,4260,0,Allen,Kansas,0.0,both,0.0,0.0,0.0,0.0,0.0,0.0,0.0,0.0,0-0.06,0-0.06,-0.12-0,-0.12-0,True,True,0.0,0.0
20003,0.0006976744186046512,3000.0,3.0,5228.0,0.0,0.0006976744186046512,3000,3,Anderson,Kansas,0.0,both,0.06976744186046512,0.06976744186046512,0.0,0.0,0.0,0.0,0.0,0.0,0.06-0.14,0.06-0.14,-0.12-0,-0.12-0,True,True,0.0,0.0
20005,0.0004122197033376636,7854.0,2.0,10037.0,0.0,0.0004122197033376636,7854,2,Atchison,Kansas,0.0,both,0.04122197033376636,0.04122197033376636,0.0,0.0,0.0,0.0,0.0,0.0,0-0.06,0-0.06,-0.12-0,-0.12-0,True,True,0.0,0.0
20007,0.0011494252873563218,872.0,1.0,2848.0,0.0,0.0011494252873563218,872,1,Barber,Kansas,0.0,both,0.11494252873563218,0.11494252873563218,0.0,0.0,0.0,0.0,0.0,0.0,0.06-0.14,0.06-0.14,-0.12-0,-0.12-0,True,True,0.0,0.0
20009,0.001206545293940911,7861.0,12.0,17360.0,0.0045090180360721445,0.001206545293940911,7861,12,Barton,Kansas,0.0045090180360721445,both,0.12065452939409109,0.12065452939409109,0.45090180360721444,0.45090180360721444,0.0,0.0,0.0,0.0,0.06-0.14,0.06-0.14,0.24-0.57,0.24-0.57,True,True,0.0,0.0
20011,0.0007594936708860759,3791.0,3.0,9399.0,0.0,0.0007594936708860759,3791,3,Bourbon,Kansas,0.0,both,0.0759493670886076,0.0759493670886076,0.0,0.0,0.0,0.0,0.0,0.0,0.06-0.14,0.06-0.14,-0.12-0,-0.12-0,True,True,0.0,0.0
20013,0.005462142794780266,2756.0,16.0,6436.0,-0.0006368666162480593,0.005462142794780266,2756,16,Brown,Kansas,-0.0006368666162480593,both,0.5462142794780266,0.5462142794780266,-0.06368666162480593,-0.06368666162480593,0.0,0.0,0.0,0.0,0.37-0.70,0.37-0.70,-0.12-0,-0.12-0,True,True,0.0,0.0
20015,0.0010702673323120548,25642.0,33.0,44550.0,0.0015208738478078704,0.0010702673323120548,25642,33,Butler,Kansas,0.0015208738478078704,both,0.10702673323120548,0.10702673323120548,0.15208738478078704,0.15208738478078704,0.0,0.0,0.0,0.0,0.06-0.14,0.06-0.14,0.09-0.24,0.09-0.24,True,True,0.0,0.0
20017,0.0008695652173913044,869.0,1.0,1817.0,-0.004672897196261682,0.0008695652173913044,869,1,Chase,Kansas,-0.004672897196261682,both,0.08695652173913043,0.08695652173913043,-0.46728971962616817,-0.46728971962616817,0.0,0.0,0.0,0.0,0.06-0.14,0.06-0.14,<-0.12,<-0.12,True,True,0.0,0.0
20019,0.0,740.0,0.0,2411.0,0.0,0.0,740,0,Chautauqua,Kansas,0.0,both,0.0,0.0,0.0,0.0,0.0,0.0,0.0,0.0,0-0.06,0-0.06,-0.12-0,-0.12-0,True,True,0.0,0.0
20021,0.003904745425538736,5550.0,19.0,13410.0,0.0035112359550561797,0.003904745425538736,5550,19,Cherokee,Kansas,0.0035112359550561797,both,0.3904745425538736,0.3904745425538736,0.35112359550561795,0.35112359550561795,0.0,0.0,0.0,0.0,0.37-0.70,0.37-0.70,0.24-0.57,0.24-0.57,True,True,0.0,0.0
20023,0.0,764.0,0.0,1882.0,0.0,0.0,764,0,Cheyenne,Kansas,0.0,both,0.0,0.0,0.0,0.0,0.0,0.0,0.0,0.0,0-0.06,0-0.06,-0.12-0,-0.12-0,True,True,0.0,0.0
20025,0.003714470284237726,512.0,2.0,1355.0,-0.010526315789473684,0.003714470284237726,512,2,Clark,Kansas,-0.010526315789473684,both,0.3714470284237726,0.3714470284237726,-1.0526315789473684,-1.0526315789473684,0.0,0.0,0.0,0.0,0.37-0.70,0.37-0.70,<-0.12,<-0.12,True,True,0.0,0.0
20027,0.0,2096.0,0.0,5667.0,0.0,0.0,2096,0,Clay,Kansas,0.0,both,0.0,0.0,0.0,0.0,0.0,0.0,0.0,0.0,0-0.06,0-0.06,-0.12-0,-0.12-0,True,True,0.0,0.0
20029,0.0030174569032443187,2125.0,7.0,5961.0,0.007285974499089253,0.0030174569032443187,2125,7,Cloud,Kansas,0.007285974499089253,both,0.3017456903244319,0.3017456903244319,0.7285974499089253,0.7285974499089253,0.0,0.0,0.0,0.0,0.23-0.37,0.23-0.37,0.57+,0.57+,True,True,0.0,0.0
20031,0.006625847844582247,4083.0,27.0,5894.0,-0.0011566237869555405,0.006625847844582247,4083,27,Coffey,Kansas,-0.0011566237869555405,both,0.6625847844582247,0.6625847844582247,-0.11566237869555406,-0.11566237869555406,0.0,0.0,0.0,0.0,0.37-0.70,0.37-0.70,-0.12-0,-0.12-0,True,True,0.0,0.0
20033,0.0,301.0,0.0,1305.0,0.0,0.0,301,0,Comanche,Kansas,0.0,both,0.0,0.0,0.0,0.0,0.0,0.0,0.0,0.0,0-0.06,0-0.06,-0.12-0,-0.12-0,True,True,0.0,0.0
20035,0.002109517715687431,14828.0,40.0,22925.0,0.004047802621434078,0.002109517715687431,14828,40,Cowley,Kansas,0.004047802621434078,both,0.21095177156874312,0.21095177156874312,0.40478026214340784,0.40478026214340784,0.0,0.0,0.0,0.0,0.14-0.23,0.14-0.23,0.24-0.57,0.24-0.57,True,True,0.0,0.0
20037,0.0016179220130696146,13737.0,22.0,23276.0,-0.0005871280802638623,0.0016179220130696146,13737,22,Crawford,Kansas,-0.0005871280802638623,both,0.16179220130696145,0.16179220130696145,-0.05871280802638623,-0.05871280802638623,0.0,0.0,0.0,0.0,0.14-0.23,0.14-0.23,-0.12-0,-0.12-0,True,True,0.0,0.0
20039,0.0058823529411764705,868.0,2.0,2103.0,0.0,0.0058823529411764705,868,2,Decatur,Kansas,0.0,both,0.5882352941176471,0.5882352941176471,0.0,0.0,0.0,0.0,0.0,0.0,0.37-0.70,0.37-0.70,-0.12-0,-0.12-0,True,True,0.0,0.0
20041,0.0007822408765804992,5107.0,5.0,13007.0,0.0014058106841611997,0.0007822408765804992,5107,5,Dickinson,Kansas,0.0014058106841611997,both,0.07822408765804992,0.07822408765804992,0.14058106841611998,0.14058106841611998,0.0,0.0,0.0,0.0,0.06-0.14,0.06-0.14,0.09-0.24,0.09-0.24,True,True,0.0,0.0
20043,0.0006382978723404255,3043.0,3.0,4920.0,0.00375,0.0006382978723404255,3043,3,Doniphan,Kansas,0.00375,both,0.06382978723404255,0.06382978723404255,0.375,0.375,0.0,0.0,0.0,0.0,0.06-0.14,0.06-0.14,0.24-0.57,0.24-0.57,True,True,0.0,0.0
20045,0.005893527747996896,83112.0,507.0,69746.0,-0.00048272574857111464,0.005893527747996896,83112,507,Douglas,Kansas,-0.00048272574857111464,both,0.5893527747996896,0.5893527747996896,-0.048272574857111464,-0.048272574857111464,0.0,0.0,0.0,0.0,0.37-0.70,0.37-0.70,-0.12-0,-0.12-0,True,True,0.0,0.0
20047,0.0013333333333333335,682.0,1.0,2069.0,0.0,0.0013333333333333335,682,1,Edwards,Kansas,0.0,both,0.13333333333333336,0.13333333333333336,0.0,0.0,0.0,0.0,0.0,0.0,0.06-0.14,0.06-0.14,-0.12-0,-0.12-0,True,True,0.0,0.0
20049,0.00792156862745098,452.0,5.0,1784.0,-0.022727272727272728,0.00792156862745098,452,5,Elk,Kansas,-0.022727272727272728,both,0.792156862745098,0.792156862745098,-2.272727272727273,-2.272727272727273,0.0,0.0,0.0,0.0,0.70+,0.70+,<-0.12,<-0.12,True,True,0.0,0.0
20051,0.0018555428863436074,14245.0,25.0,17428.0,-0.0004339565650690676,0.0018555428863436074,14245,25,Ellis,Kansas,-0.0004339565650690676,both,0.18555428863436074,0.18555428863436074,-0.04339565650690676,-0.04339565650690676,0.0,0.0,0.0,0.0,0.14-0.23,0.14-0.23,-0.12-0,-0.12-0,True,True,0.0,0.0
20053,0.0014285714285714286,2086.0,3.0,4765.0,0.0,0.0014285714285714286,2086,3,Ellsworth,Kansas,0.0,both,0.14285714285714285,0.14285714285714285,0.0,0.0,0.0,0.0,0.0,0.0,0.14-0.23,0.14-0.23,-0.12-0,-0.12-0,True,True,0.0,0.0
20055,0.0016190292441096682,20061.0,36.0,22570.0,0.0030883691437385667,0.0016190292441096682,20061,36,Finney,Kansas,0.0030883691437385667,both,0.16190292441096682,0.16190292441096682,0.3088369143738567,0.3088369143738567,0.0,0.0,0.0,0.0,0.14-0.23,0.14-0.23,0.24-0.57,0.24-0.57,True,True,0.0,0.0
20057,0.0009183345973038951,15615.0,16.0,20445.0,0.0025181119291305004,0.0009183345973038951,15615,16,Ford,Kansas,0.0025181119291305004,both,0.0918334597303895,0.0918334597303895,0.25181119291305004,0.25181119291305004,0.0,0.0,0.0,0.0,0.06-0.14,0.06-0.14,0.24-0.57,0.24-0.57,True,True,0.0,0.0
20059,0.0020850519731319362,14139.0,40.0,17609.0,0.004471963908123306,0.0020850519731319362,14139,40,Franklin,Kansas,0.004471963908123306,both,0.2085051973131936,0.2085051973131936,0.44719639081233065,0.44719639081233065,0.0,0.0,0.0,0.0,0.14-0.23,0.14-0.23,0.24-0.57,0.24-0.57,True,True,0.0,0.0
20061,0.002066501122739989,14150.0,31.0,19547.0,-0.0024654289359446616,0.002066501122739989,14150,31,Geary,Kansas,-0.0024654289359446616,both,0.20665011227399888,0.20665011227399888,-0.24654289359446616,-0.24654289359446616,0.0,0.0,0.0,0.0,0.14-0.23,0.14-0.23,<-0.12,<-0.12,True,True,0.0,0.0
20063,0.010579842268356687,5279.0,58.0,1883.0,0.005704295760513367,0.010579842268356687,5279,58,Gove,Kansas,0.005704295760513367,both,1.0579842268356687,1.0579842268356687,0.5704295760513367,0.5704295760513367,0.0,0.0,0.0,0.0,0.70+,0.70+,0.57+,0.57+,True,True,0.0,0.0
20065,0.012681318681318682,428.0,3.0,1782.0,0.007462686567164179,0.012681318681318682,428,3,Graham,Kansas,0.007462686567164179,both,1.2681318681318683,1.2681318681318683,0.7462686567164178,0.7462686567164178,0.0,0.0,0.0,0.0,0.70+,0.70+,0.57+,0.57+,True,True,0.0,0.0
20067,0.011190644125082718,2202.0,23.0,4475.0,-0.005724623635071396,0.011190644125082718,2202,23,Grant,Kansas,-0.005724623635071396,both,1.1190644125082718,1.1190644125082718,-0.5724623635071396,-0.5724623635071396,0.0,0.0,0.0,0.0,0.70+,0.70+,<-0.12,<-0.12,True,True,0.0,0.0
20069,0.0,1136.0,0.0,3504.0,0.0,0.0,1136,0,Gray,Kansas,0.0,both,0.0,0.0,0.0,0.0,0.0,0.0,0.0,0.0,0-0.06,0-0.06,-0.12-0,-0.12-0,True,True,0.0,0.0
20071,0.004545454545454545,314.0,2.0,840.0,0.02247191011235955,0.004545454545454545,314,2,Greeley,Kansas,0.02247191011235955,both,0.45454545454545453,0.45454545454545453,2.247191011235955,2.247191011235955,0.0,0.0,0.0,0.0,0.37-0.70,0.37-0.70,0.57+,0.57+,True,True,0.0,0.0
20073,0.0018607442977190876,1506.0,2.0,4357.0,0.0,0.0018607442977190876,1506,2,Greenwood,Kansas,0.0,both,0.18607442977190874,0.18607442977190874,0.0,0.0,0.0,0.0,0.0,0.0,0.14-0.23,0.14-0.23,-0.12-0,-0.12-0,True,True,0.0,0.0
20075,0.0,508.0,0.0,1514.0,0.0,0.0,508,0,Hamilton,Kansas,0.0,both,0.0,0.0,0.0,0.0,0.0,0.0,0.0,0.0,0-0.06,0-0.06,-0.12-0,-0.12-0,True,True,0.0,0.0
20077,0.0042102661283678015,1610.0,7.0,3652.0,0.0024937655860349127,0.0042102661283678015,1610,7,Harper,Kansas,0.0024937655860349127,both,0.42102661283678017,0.42102661283678017,0.24937655860349126,0.24937655860349126,0.0,0.0,0.0,0.0,0.37-0.70,0.37-0.70,0.24-0.57,0.24-0.57,True,True,0.0,0.0
20079,0.008211445092178674,24059.0,284.0,22879.0,0.01845250630089885,0.008211445092178674,24059,284,Harvey,Kansas,0.01845250630089885,both,0.8211445092178674,0.8211445092178674,1.8452506300898852,1.8452506300898852,0.0,0.0,0.0,0.0,0.70+,0.70+,0.57+,0.57+,True,True,0.0,0.0
20081,0.0,750.0,0.0,2432.0,0.0,0.0,750,0,Haskell,Kansas,0.0,both,0.0,0.0,0.0,0.0,0.0,0.0,0.0,0.0,0-0.06,0-0.06,-0.12-0,-0.12-0,True,True,0.0,0.0
20083,0.0,535.0,0.0,1222.0,0.0,0.0,535,0,Hodgeman,Kansas,0.0,both,0.0,0.0,0.0,0.0,0.0,0.0,0.0,0.0,0-0.06,0-0.06,-0.12-0,-0.12-0,True,True,0.0,0.0
20085,0.0013542111598648702,5115.0,9.0,8894.0,0.0037854889589905363,0.0013542111598648702,5115,9,Jackson,Kansas,0.0037854889589905363,both,0.135421115986487,0.135421115986487,0.3785488958990536,0.3785488958990536,0.0,0.0,0.0,0.0,0.06-0.14,0.06-0.14,0.24-0.57,0.24-0.57,True,True,0.0,0.0
20087,0.0018459235072170455,4985.0,13.0,12967.0,0.003194888178913738,0.0018459235072170455,4985,13,Jefferson,Kansas,0.003194888178913738,both,0.18459235072170455,0.18459235072170455,0.3194888178913738,0.3194888178913738,0.0,0.0,0.0,0.0,0.14-0.23,0.14-0.23,0.24-0.57,0.24-0.57,True,True,0.0,0.0
20089,0.005555555555555555,394.0,2.0,2203.0,0.0,0.005555555555555555,394,2,Jewell,Kansas,0.0,both,0.5555555555555555,0.5555555555555555,0.0,0.0,0.0,0.0,0.0,0.0,0.37-0.70,0.37-0.70,-0.12-0,-0.12-0,True,True,0.0,0.0
20091,0.01065174474136074,909220.0,10410.0,415395.0,0.0037386922021495107,0.01065174474136074,909220,10410,Johnson,Kansas,0.0037386922021495107,both,1.065174474136074,1.065174474136074,0.37386922021495106,0.37386922021495106,0.0,0.0,0.0,0.0,0.70+,0.70+,0.24-0.57,0.24-0.57,True,True,0.0,0.0
20093,0.0036208576998050684,760.0,5.0,2361.0,0.017421602787456445,0.0036208576998050684,760,5,Kearny,Kansas,0.017421602787456445,both,0.36208576998050684,0.36208576998050684,1.7421602787456445,1.7421602787456445,0.0,0.0,0.0,0.0,0.23-0.37,0.23-0.37,0.57+,0.57+,True,True,0.0,0.0
20095,0.00036231884057971015,2243.0,1.0,5213.0,0.0,0.00036231884057971015,2243,1,Kingman,Kansas,0.0,both,0.036231884057971016,0.036231884057971016,0.0,0.0,0.0,0.0,0.0,0.0,0-0.06,0-0.06,-0.12-0,-0.12-0,True,True,0.0,0.0
20097,0.004891376782620286,939.0,13.0,1666.0,0.00684931506849315,0.004891376782620286,939,13,Kiowa,Kansas,0.00684931506849315,both,0.4891376782620286,0.4891376782620286,0.684931506849315,0.684931506849315,0.0,0.0,0.0,0.0,0.37-0.70,0.37-0.70,0.57+,0.57+,True,True,0.0,0.0
20099,0.0013486026806944905,9786.0,16.0,13649.0,0.0028491134883188345,0.0013486026806944905,9786,16,Labette,Kansas,0.0028491134883188345,both,0.13486026806944906,0.13486026806944906,0.28491134883188346,0.28491134883188346,0.0,0.0,0.0,0.0,0.06-0.14,0.06-0.14,0.24-0.57,0.24-0.57,True,True,0.0,0.0
20101,0.0167816091954023,287.0,5.0,1086.0,0.05620915032679738,0.0167816091954023,287,5,Lane,Kansas,0.05620915032679738,both,1.67816091954023,1.67816091954023,5.620915032679738,5.620915032679738,0.0,0.0,0.0,0.0,0.70+,0.70+,0.57+,0.57+,True,True,0.0,0.0
20103,0.006688242359794332,41221.0,353.0,55538.0,0.011747281877598242,0.006688242359794332,41221,353,Leavenworth,Kansas,0.011747281877598242,both,0.6688242359794332,0.6688242359794332,1.1747281877598241,1.1747281877598241,0.0,0.0,0.0,0.0,0.37-0.70,0.37-0.70,0.57+,0.57+,True,True,0.0,0.0
20105,0.005662172878667724,823.0,5.0,2072.0,0.0,0.005662172878667724,823,5,Lincoln,Kansas,0.0,both,0.5662172878667724,0.5662172878667724,0.0,0.0,0.0,0.0,0.0,0.0,0.37-0.70,0.37-0.70,-0.12-0,-0.12-0,True,True,0.0,0.0
20107,0.0005649717514124294,1738.0,1.0,6885.0,0.0026595744680851063,0.0005649717514124294,1738,1,Linn,Kansas,0.0026595744680851063,both,0.05649717514124294,0.05649717514124294,0.26595744680851063,0.26595744680851063,0.0,0.0,0.0,0.0,0-0.06,0-0.06,0.24-0.57,0.24-0.57,True,True,0.0,0.0
20109,0.002197802197802198,773.0,2.0,1909.0,0.0111731843575419,0.002197802197802198,773,2,Logan,Kansas,0.0111731843575419,both,0.21978021978021978,0.21978021978021978,1.1173184357541899,1.1173184357541899,0.0,0.0,0.0,0.0,0.14-0.23,0.14-0.23,0.57+,0.57+,True,True,0.0,0.0
20111,0.0010401777973119233,13508.0,16.0,19281.0,0.0014289116456299119,0.0010401777973119233,13508,16,Lyon,Kansas,0.0014289116456299119,both,0.10401777973119233,0.10401777973119233,0.1428911645629912,0.1428911645629912,0.0,0.0,0.0,0.0,0.06-0.14,0.06-0.14,0.09-0.24,0.09-0.24,True,True,0.0,0.0
20113,0.008307783058443378,15675.0,136.0,20064.0,-0.002317820171094446,0.008307783058443378,15675,136,McPherson,Kansas,-0.002317820171094446,both,0.8307783058443378,0.8307783058443378,-0.23178201710944457,-0.23178201710944457,0.0,0.0,0.0,0.0,0.70+,0.70+,<-0.12,<-0.12,True,True,0.0,0.0
20115,0.0070279820103639175,3984.0,54.0,8061.0,0.02911978821972204,0.0070279820103639175,3984,54,Marion,Kansas,0.02911978821972204,both,0.7027982010363918,0.7027982010363918,2.911978821972204,2.911978821972204,0.0,0.0,0.0,0.0,0.70+,0.70+,0.57+,0.57+,True,True,0.0,0.0
20117,0.010237720106127514,3502.0,48.0,6916.0,0.023728733263455856,0.010237720106127514,3502,48,Marshall,Kansas,0.023728733263455856,both,1.0237720106127512,1.0237720106127512,2.3728733263455855,2.3728733263455855,0.0,0.0,0.0,0.0,0.70+,0.70+,0.57+,0.57+,True,True,0.0,0.0
20119,0.004764065335753176,776.0,3.0,2581.0,0.0,0.004764065335753176,776,3,Meade,Kansas,0.0,both,0.4764065335753176,0.4764065335753176,0.0,0.0,0.0,0.0,0.0,0.0,0.37-0.70,0.37-0.70,-0.12-0,-0.12-0,True,True,0.0,0.0
20121,0.002724831071845983,12549.0,36.0,23390.0,-0.0016222436006262616,0.002724831071845983,12549,36,Miami,Kansas,-0.0016222436006262616,both,0.27248310718459834,0.27248310718459834,-0.16222436006262617,-0.16222436006262617,0.0,0.0,0.0,0.0,0.23-0.37,0.23-0.37,<-0.12,<-0.12,True,True,0.0,0.0
20123,0.0017241379310344827,1798.0,3.0,3912.0,0.0,0.0017241379310344827,1798,3,Mitchell,Kansas,0.0,both,0.1724137931034483,0.1724137931034483,0.0,0.0,0.0,0.0,0.0,0.0,0.14-0.23,0.14-0.23,-0.12-0,-0.12-0,True,True,0.0,0.0
20125,0.009952716211153874,13862.0,147.0,21229.0,0.004447794484896484,0.009952716211153874,13862,147,Montgomery,Kansas,0.004447794484896484,both,0.9952716211153875,0.9952716211153875,0.4447794484896484,0.4447794484896484,0.0,0.0,0.0,0.0,0.70+,0.70+,0.24-0.57,0.24-0.57,True,True,0.0,0.0
20127,0.0008928571428571428,1356.0,1.0,3898.0,0.0,0.0008928571428571428,1356,1,Morris,Kansas,0.0,both,0.08928571428571429,0.08928571428571429,0.0,0.0,0.0,0.0,0.0,0.0,0.06-0.14,0.06-0.14,-0.12-0,-0.12-0,True,True,0.0,0.0
20129,0.004086464551656838,1175.0,6.0,1858.0,0.0006647795505232458,0.004086464551656838,1175,6,Morton,Kansas,0.0006647795505232458,both,0.4086464551656838,0.4086464551656838,0.06647795505232458,0.06647795505232458,0.0,0.0,0.0,0.0,0.37-0.70,0.37-0.70,0-0.09,0-0.09,True,True,0.0,0.0
20131,0.002647043711547702,2752.0,8.0,6634.0,-0.0012818263344640695,0.002647043711547702,2752,8,Nemaha,Kansas,-0.0012818263344640695,both,0.2647043711547702,0.2647043711547702,-0.12818263344640696,-0.12818263344640696,0.0,0.0,0.0,0.0,0.23-0.37,0.23-0.37,<-0.12,<-0.12,True,True,0.0,0.0
20133,0.0009940308211521906,5051.0,5.0,10511.0,-0.0011376564277588168,0.0009940308211521906,5051,5,Neosho,Kansas,-0.0011376564277588168,both,0.09940308211521906,0.09940308211521906,-0.11376564277588168,-0.11376564277588168,0.0,0.0,0.0,0.0,0.06-0.14,0.06-0.14,-0.12-0,-0.12-0,True,True,0.0,0.0
20135,0.002,758.0,1.0,1852.0,-0.006211180124223602,0.002,758,1,Ness,Kansas,-0.006211180124223602,both,0.2,0.2,-0.6211180124223602,-0.6211180124223602,0.0,0.0,0.0,0.0,0.14-0.23,0.14-0.23,<-0.12,<-0.12,True,True,0.0,0.0
20137,0.0006493506493506494,1410.0,1.0,3995.0,0.0027100271002710027,0.0006493506493506494,1410,1,Norton,Kansas,0.0027100271002710027,both,0.06493506493506493,0.06493506493506493,0.27100271002710025,0.27100271002710025,0.0,0.0,0.0,0.0,0.06-0.14,0.06-0.14,0.24-0.57,0.24-0.57,True,True,0.0,0.0
20139,0.0010690096178288182,3647.0,4.0,10905.0,0.00202020202020202,0.0010690096178288182,3647,4,Osage,Kansas,0.00202020202020202,both,0.10690096178288182,0.10690096178288182,0.20202020202020202,0.20202020202020202,0.0,0.0,0.0,0.0,0.06-0.14,0.06-0.14,0.09-0.24,0.09-0.24,True,True,0.0,0.0
20141,0.014984517945109077,828.0,6.0,2515.0,0.0048543689320388345,0.014984517945109077,828,6,Osborne,Kansas,0.0048543689320388345,both,1.4984517945109077,1.4984517945109077,0.48543689320388345,0.48543689320388345,0.0,0.0,0.0,0.0,0.70+,0.70+,0.24-0.57,0.24-0.57,True,True,0.0,0.0
20143,0.004716664716664718,1002.0,5.0,4040.0,0.018518518518518517,0.004716664716664718,1002,5,Ottawa,Kansas,0.018518518518518517,both,0.4716664716664718,0.4716664716664718,1.8518518518518516,1.8518518518518516,0.0,0.0,0.0,0.0,0.37-0.70,0.37-0.70,0.57+,0.57+,True,True,0.0,0.0
20145,0.0,2261.0,0.0,4976.0,0.0,0.0,2261,0,Pawnee,Kansas,0.0,both,0.0,0.0,0.0,0.0,0.0,0.0,0.0,0.0,0-0.06,0-0.06,-0.12-0,-0.12-0,True,True,0.0,0.0
20147,0.002772727272727273,1289.0,4.0,3498.0,0.008158354048765007,0.002772727272727273,1289,4,Phillips,Kansas,0.008158354048765007,both,0.2772727272727273,0.2772727272727273,0.8158354048765007,0.8158354048765007,0.0,0.0,0.0,0.0,0.23-0.37,0.23-0.37,0.57+,0.57+,True,True,0.0,0.0
20149,0.0026291446103174415,6633.0,22.0,16320.0,0.007119386637458927,0.0026291446103174415,6633,22,Pottawatomie,Kansas,0.007119386637458927,both,0.26291446103174415,0.26291446103174415,0.7119386637458927,0.7119386637458927,0.0,0.0,0.0,0.0,0.23-0.37,0.23-0.37,0.57+,0.57+,True,True,0.0,0.0
20151,0.0014157452101051346,4110.0,5.0,5856.0,0.0010449320794148381,0.0014157452101051346,4110,5,Pratt,Kansas,0.0010449320794148381,both,0.14157452101051346,0.14157452101051346,0.10449320794148381,0.10449320794148381,0.0,0.0,0.0,0.0,0.14-0.23,0.14-0.23,0.09-0.24,0.09-0.24,True,True,0.0,0.0
20153,0.0013157894736842105,782.0,1.0,1854.0,0.0,0.0013157894736842105,782,1,Rawlins,Kansas,0.0,both,0.13157894736842105,0.13157894736842105,0.0,0.0,0.0,0.0,0.0,0.0,0.06-0.14,0.06-0.14,-0.12-0,-0.12-0,True,True,0.0,0.0
20155,0.0009339521063112708,30530.0,33.0,42647.0,0.0012499482558418849,0.0009339521063112708,30530,33,Reno,Kansas,0.0012499482558418849,both,0.09339521063112709,0.09339521063112709,0.12499482558418848,0.12499482558418848,0.0,0.0,0.0,0.0,0.06-0.14,0.06-0.14,0.09-0.24,0.09-0.24,True,True,0.0,0.0
20157,0.006062295952525753,1342.0,11.0,3296.0,0.004682843763303533,0.006062295952525753,1342,11,Republic,Kansas,0.004682843763303533,both,0.6062295952525754,0.6062295952525754,0.4682843763303533,0.4682843763303533,0.0,0.0,0.0,0.0,0.37-0.70,0.37-0.70,0.24-0.57,0.24-0.57,True,True,0.0,0.0
20159,0.01141251364261752,2985.0,39.0,6121.0,-0.021563011456628478,0.01141251364261752,2985,39,Rice,Kansas,-0.021563011456628478,both,1.141251364261752,1.141251364261752,-2.156301145662848,-2.156301145662848,0.0,0.0,0.0,0.0,0.70+,0.70+,<-0.12,<-0.12,True,True,0.0,0.0
20161,0.007939308808783747,37989.0,361.0,35871.0,0.010814948486410111,0.007939308808783747,37989,361,Riley,Kansas,0.010814948486410111,both,0.7939308808783747,0.7939308808783747,1.0814948486410112,1.0814948486410112,0.0,0.0,0.0,0.0,0.70+,0.70+,0.57+,0.57+,True,True,0.0,0.0
20163,0.013172606568832984,840.0,7.0,3557.0,-0.006756756756756757,0.013172606568832984,840,7,Rooks,Kansas,-0.006756756756756757,both,1.3172606568832985,1.3172606568832985,-0.6756756756756757,-0.6756756756756757,0.0,0.0,0.0,0.0,0.70+,0.70+,<-0.12,<-0.12,True,True,0.0,0.0
20165,0.0,825.0,0.0,2124.0,0.0,0.0,825,0,Rush,Kansas,0.0,both,0.0,0.0,0.0,0.0,0.0,0.0,0.0,0.0,0-0.06,0-0.06,-0.12-0,-0.12-0,True,True,0.0,0.0
20167,0.001996142719382835,1755.0,3.0,4778.0,0.0,0.001996142719382835,1755,3,Russell,Kansas,0.0,both,0.19961427193828352,0.19961427193828352,0.0,0.0,0.0,0.0,0.0,0.0,0.14-0.23,0.14-0.23,-0.12-0,-0.12-0,True,True,0.0,0.0
20169,0.0028593441014160156,32621.0,100.0,36749.0,0.006431063009136799,0.0028593441014160156,32621,100,Saline,Kansas,0.006431063009136799,both,0.28593441014160154,0.28593441014160154,0.6431063009136799,0.6431063009136799,0.0,0.0,0.0,0.0,0.23-0.37,0.23-0.37,0.57+,0.57+,True,True,0.0,0.0
20171,0.015057251194493462,1269.0,17.0,3399.0,0.02032520325203252,0.015057251194493462,1269,17,Scott,Kansas,0.02032520325203252,both,1.5057251194493462,1.5057251194493462,2.0325203252032518,2.0325203252032518,0.0,0.0,0.0,0.0,0.70+,0.70+,0.57+,0.57+,True,True,0.0,0.0
20173,0.006265477985848001,496355.0,3914.0,340756.0,0.010140598662921448,0.006265477985848001,496355,3914,Sedgwick,Kansas,0.010140598662921448,both,0.6265477985848,0.6265477985848,1.0140598662921447,1.0140598662921447,0.0,0.0,0.0,0.0,0.37-0.70,0.37-0.70,0.57+,0.57+,True,True,0.0,0.0
20175,0.0004076086956521739,8881.0,3.0,12756.0,0.0,0.0004076086956521739,8881,3,Seward,Kansas,0.0,both,0.04076086956521739,0.04076086956521739,0.0,0.0,0.0,0.0,0.0,0.0,0-0.06,0-0.06,-0.12-0,-0.12-0,True,True,0.0,0.0
20177,0.01969797800825325,202917.0,5849.0,121415.0,0.034285516034561724,0.01969797800825325,202917,5849,Shawnee,Kansas,0.034285516034561724,both,1.969797800825325,1.969797800825325,3.4285516034561723,3.4285516034561723,0.0,0.0,0.0,0.0,0.70+,0.70+,0.57+,0.57+,True,True,0.0,0.0
20179,0.002564102564102564,369.0,1.0,1675.0,0.0,0.002564102564102564,369,1,Sheridan,Kansas,0.0,both,0.2564102564102564,0.2564102564102564,0.0,0.0,0.0,0.0,0.0,0.0,0.23-0.37,0.23-0.37,-0.12-0,-0.12-0,True,True,0.0,0.0
20181,0.0011741896725922286,2402.0,3.0,3718.0,0.005484460694698354,0.0011741896725922286,2402,3,Sherman,Kansas,0.005484460694698354,both,0.11741896725922286,0.11741896725922286,0.5484460694698354,0.5484460694698354,0.0,0.0,0.0,0.0,0.06-0.14,0.06-0.14,0.24-0.57,0.24-0.57,True,True,0.0,0.0
20183,0.02166216866107706,1264.0,49.0,2641.0,0.04489368074273735,0.02166216866107706,1264,49,Smith,Kansas,0.04489368074273735,both,2.166216866107706,2.166216866107706,4.4893680742737345,4.4893680742737345,0.0,0.0,0.0,0.0,0.70+,0.70+,0.57+,0.57+,True,True,0.0,0.0
20185,0.0011235955056179774,647.0,1.0,2759.0,0.0,0.0011235955056179774,647,1,Stafford,Kansas,0.0,both,0.11235955056179774,0.11235955056179774,0.0,0.0,0.0,0.0,0.0,0.0,0.06-0.14,0.06-0.14,-0.12-0,-0.12-0,True,True,0.0,0.0
20187,0.003524699200752564,1393.0,6.0,1409.0,0.0021568627450980387,0.003524699200752564,1393,6,Stanton,Kansas,0.0021568627450980387,both,0.3524699200752564,0.3524699200752564,0.21568627450980388,0.21568627450980388,0.0,0.0,0.0,0.0,0.23-0.37,0.23-0.37,0.09-0.24,0.09-0.24,True,True,0.0,0.0
20189,0.00078125,1005.0,1.0,3256.0,0.004694835680751174,0.00078125,1005,1,Stevens,Kansas,0.004694835680751174,both,0.078125,0.078125,0.4694835680751174,0.4694835680751174,0.0,0.0,0.0,0.0,0.06-0.14,0.06-0.14,0.24-0.57,0.24-0.57,True,True,0.0,0.0
20191,0.0006197976262592268,6377.0,5.0,15248.0,0.0010314595152140279,0.0006197976262592268,6377,5,Sumner,Kansas,0.0010314595152140279,both,0.06197976262592268,0.06197976262592268,0.1031459515214028,0.1031459515214028,0.0,0.0,0.0,0.0,0.06-0.14,0.06-0.14,0.09-0.24,0.09-0.24,True,True,0.0,0.0
20193,0.0028334946149558985,4119.0,12.0,4949.0,0.00411522633744856,0.0028334946149558985,4119,12,Thomas,Kansas,0.00411522633744856,both,0.28334946149558987,0.28334946149558987,0.411522633744856,0.411522633744856,0.0,0.0,0.0,0.0,0.23-0.37,0.23-0.37,0.24-0.57,0.24-0.57,True,True,0.0,0.0
20195,0.004,488.0,2.0,2143.0,0.0,0.004,488,2,Trego,Kansas,0.0,both,0.4,0.4,0.0,0.0,0.0,0.0,0.0,0.0,0.37-0.70,0.37-0.70,-0.12-0,-0.12-0,True,True,0.0,0.0
20197,0.0012626262626262625,1763.0,3.0,4790.0,0.002079002079002079,0.0012626262626262625,1763,3,Wabaunsee,Kansas,0.002079002079002079,both,0.12626262626262624,0.12626262626262624,0.2079002079002079,0.2079002079002079,0.0,0.0,0.0,0.0,0.06-0.14,0.06-0.14,0.09-0.24,0.09-0.24,True,True,0.0,0.0
20199,0.0025195618153364633,652.0,3.0,1022.0,0.01293103448275862,0.0025195618153364633,652,3,Wallace,Kansas,0.01293103448275862,both,0.25195618153364635,0.25195618153364635,1.293103448275862,1.293103448275862,0.0,0.0,0.0,0.0,0.23-0.37,0.23-0.37,0.57+,0.57+,True,True,0.0,0.0
20201,0.0005813953488372093,1253.0,1.0,3856.0,0.0036900369003690036,0.0005813953488372093,1253,1,Washington,Kansas,0.0036900369003690036,both,0.05813953488372093,0.05813953488372093,0.36900369003690037,0.36900369003690037,0.0,0.0,0.0,0.0,0-0.06,0-0.06,0.24-0.57,0.24-0.57,True,True,0.0,0.0
20203,0.01714292266107141,857.0,12.0,1540.0,0.05844155844155844,0.01714292266107141,857,12,Wichita,Kansas,0.05844155844155844,both,1.7142922661071411,1.7142922661071411,5.844155844155844,5.844155844155844,0.0,0.0,0.0,0.0,0.70+,0.70+,0.57+,0.57+,True,True,0.0,0.0
20205,0.00032679738562091506,2229.0,1.0,5988.0,-0.001589825119236884,0.00032679738562091506,2229,1,Wilson,Kansas,-0.001589825119236884,both,0.032679738562091505,0.032679738562091505,-0.1589825119236884,-0.1589825119236884,0.0,0.0,0.0,0.0,0-0.06,0-0.06,<-0.12,<-0.12,True,True,0.0,0.0
20207,0.009535060851098587,620.0,6.0,2332.0,-0.004389044943820225,0.009535060851098587,620,6,Woodson,Kansas,-0.004389044943820225,both,0.9535060851098587,0.9535060851098587,-0.4389044943820225,-0.4389044943820225,0.0,0.0,0.0,0.0,0.70+,0.70+,<-0.12,<-0.12,True,True,0.0,0.0
20209,0.006598258349424196,262354.0,2045.0,106905.0,0.007224729640680744,0.006598258349424196,262354,2045,Wyandotte,Kansas,0.007224729640680744,both,0.6598258349424196,0.6598258349424196,0.7224729640680744,0.7224729640680744,0.0,0.0,0.0,0.0,0.37-0.70,0.37-0.70,0.57+,0.57+,True,True,0.0,0.0
20999,,,,,,0.020573188156427412,52181,2936,"[Kansas, county not reported]",Kansas,0.06497597807138092,right_only,,2.0573188156427413,,6.497597807138092,,,,,No data,0.70+,No data,0.57+,False,False,,
21001,0.0003278688524590164,3327.0,1.0,12713.0,-0.0012953367875647669,0.0003278688524590164,3327,1,Adair,Kentucky,-0.0012953367875647669,both,0.03278688524590164,0.03278688524590164,-0.1295336787564767,-0.1295336787564767,0.0,0.0,0.0,0.0,0-0.06,0-0.06,<-0.12,<-0.12,True,True,0.0,0.0
21003,0.0006097560975609756,4628.0,3.0,14374.0,0.00322234156820623,0.0006097560975609756,4628,3,Allen,Kentucky,0.00322234156820623,both,0.06097560975609756,0.06097560975609756,0.322234156820623,0.322234156820623,0.0,0.0,0.0,0.0,0.06-0.14,0.06-0.14,0.24-0.57,0.24-0.57,True,True,0.0,0.0
21005,0.0001738673792896942,7441.0,2.0,16431.0,0.0004522840343735866,0.0001738673792896942,7441,2,Anderson,Kentucky,0.0004522840343735866,both,0.01738673792896942,0.01738673792896942,0.045228403437358664,0.045228403437358664,0.0,0.0,0.0,0.0,0-0.06,0-0.06,0-0.09,0-0.09,True,True,0.0,0.0
21007,0.003625640381914752,1468.0,5.0,5559.0,-0.0039878927135345325,0.003625640381914752,1468,5,Ballard,Kentucky,-0.0039878927135345325,both,0.3625640381914752,0.3625640381914752,-0.39878927135345327,-0.39878927135345327,0.0,0.0,0.0,0.0,0.23-0.37,0.23-0.37,<-0.12,<-0.12,True,True,0.0,0.0
21009,0.0044511825907918275,15393.0,71.0,30860.0,0.0049764998617638926,0.0044511825907918275,15393,71,Barren,Kentucky,0.0049764998617638926,both,0.44511825907918273,0.44511825907918273,0.4976499861763893,0.4976499861763893,0.0,0.0,0.0,0.0,0.37-0.70,0.37-0.70,0.24-0.57,0.24-0.57,True,True,0.0,0.0
21011,0.0006329113924050633,2300.0,1.0,8467.0,0.0,0.0006329113924050633,2300,1,Bath,Kentucky,0.0,both,0.06329113924050633,0.06329113924050633,0.0,0.0,0.0,0.0,0.0,0.0,0.06-0.14,0.06-0.14,-0.12-0,-0.12-0,True,True,0.0,0.0
21013,0.0014786645162610235,9330.0,15.0,16982.0,0.003844211179563895,0.0014786645162610235,9330,15,Bell,Kentucky,0.003844211179563895,both,0.14786645162610235,0.14786645162610235,0.3844211179563895,0.3844211179563895,0.0,0.0,0.0,0.0,0.14-0.23,0.14-0.23,0.24-0.57,0.24-0.57,True,True,0.0,0.0
21015,0.0019355881874986293,155428.0,325.0,89976.0,0.0016401792362098699,0.0019355881874986293,155428,325,Boone,Kentucky,0.0016401792362098699,both,0.19355881874986292,0.19355881874986292,0.164017923620987,0.164017923620987,0.0,0.0,0.0,0.0,0.14-0.23,0.14-0.23,0.09-0.24,0.09-0.24,True,True,0.0,0.0
21017,0.0010357109756951245,12867.0,18.0,13912.0,0.0027404768429706767,0.0010357109756951245,12867,18,Bourbon,Kentucky,0.0027404768429706767,both,0.10357109756951245,0.10357109756951245,0.27404768429706766,0.27404768429706766,0.0,0.0,0.0,0.0,0.06-0.14,0.06-0.14,0.24-0.57,0.24-0.57,True,True,0.0,0.0
21019,0.0009038672907437462,24728.0,21.0,34293.0,0.0007917700670908446,0.0009038672907437462,24728,21,Boyd,Kentucky,0.0007917700670908446,both,0.09038672907437462,0.09038672907437462,0.07917700670908447,0.07917700670908447,0.0,0.0,0.0,0.0,0.06-0.14,0.06-0.14,0-0.09,0-0.09,True,True,0.0,0.0
21021,0.00045343816723955295,19930.0,10.0,20631.0,0.0010425716768027802,0.00045343816723955295,19930,10,Boyle,Kentucky,0.0010425716768027802,both,0.045343816723955294,0.045343816723955294,0.10425716768027803,0.10425716768027803,0.0,0.0,0.0,0.0,0-0.06,0-0.06,0.09-0.24,0.09-0.24,True,True,0.0,0.0
21023,0.0007936507936507937,1291.0,1.0,5810.0,0.0,0.0007936507936507937,1291,1,Bracken,Kentucky,0.0,both,0.07936507936507936,0.07936507936507936,0.0,0.0,0.0,0.0,0.0,0.0,0.06-0.14,0.06-0.14,-0.12-0,-0.12-0,True,True,0.0,0.0
21025,0.001848111877453035,2566.0,3.0,9773.0,0.0,0.001848111877453035,2566,3,Breathitt,Kentucky,0.0,both,0.1848111877453035,0.1848111877453035,0.0,0.0,0.0,0.0,0.0,0.0,0.14-0.23,0.14-0.23,-0.12-0,-0.12-0,True,True,0.0,0.0
21027,0.00031847133757961787,2685.0,1.0,14165.0,0.0,0.00031847133757961787,2685,1,Breckinridge,Kentucky,0.0,both,0.03184713375796179,0.03184713375796179,0.0,0.0,0.0,0.0,0.0,0.0,0-0.06,0-0.06,-0.12-0,-0.12-0,True,True,0.0,0.0
21029,0.0009316383158221762,44441.0,47.0,58451.0,0.000975229882342952,0.0009316383158221762,44441,47,Bullitt,Kentucky,0.000975229882342952,both,0.09316383158221762,0.09316383158221762,0.0975229882342952,0.0975229882342952,0.0,0.0,0.0,0.0,0.06-0.14,0.06-0.14,0.09-0.24,0.09-0.24,True,True,0.0,0.0
21031,0.0032353022230632703,2631.0,9.0,8642.0,-0.0030445950135069306,0.0032353022230632703,2631,9,Butler,Kentucky,-0.0030445950135069306,both,0.32353022230632705,0.32353022230632705,-0.30445950135069305,-0.30445950135069305,0.0,0.0,0.0,0.0,0.23-0.37,0.23-0.37,<-0.12,<-0.12,True,True,0.0,0.0
21033,0.00020408163265306123,3989.0,1.0,8871.0,0.000998003992015968,0.00020408163265306123,3989,1,Caldwell,Kentucky,0.000998003992015968,both,0.020408163265306124,0.020408163265306124,0.09980039920159679,0.09980039920159679,0.0,0.0,0.0,0.0,0-0.06,0-0.06,0.09-0.24,0.09-0.24,True,True,0.0,0.0
21035,0.0009327592190717267,10434.0,10.0,23262.0,0.0022552999548940008,0.0009327592190717267,10434,10,Calloway,Kentucky,0.0022552999548940008,both,0.09327592190717267,0.09327592190717267,0.2255299954894001,0.2255299954894001,0.0,0.0,0.0,0.0,0.06-0.14,0.06-0.14,0.09-0.24,0.09-0.24,True,True,0.0,0.0
21037,0.0034260064166653946,59893.0,216.0,65046.0,-0.0021194689535639095,0.0034260064166653946,59893,216,Campbell,Kentucky,-0.0021194689535639095,both,0.3426006416665395,0.3426006416665395,-0.21194689535639094,-0.21194689535639094,0.0,0.0,0.0,0.0,0.23-0.37,0.23-0.37,<-0.12,<-0.12,True,True,0.0,0.0
21039,0.003333333333333333,632.0,1.0,3314.0,0.0,0.003333333333333333,632,1,Carlisle,Kentucky,0.0,both,0.3333333333333333,0.3333333333333333,0.0,0.0,0.0,0.0,0.0,0.0,0.23-0.37,0.23-0.37,-0.12-0,-0.12-0,True,True,0.0,0.0
21041,0.004493946092971322,9619.0,46.0,7117.0,0.008778625954198474,0.004493946092971322,9619,46,Carroll,Kentucky,0.008778625954198474,both,0.4493946092971322,0.4493946092971322,0.8778625954198473,0.8778625954198473,0.0,0.0,0.0,0.0,0.37-0.70,0.37-0.70,0.57+,0.57+,True,True,0.0,0.0
21043,0.0004424778761061947,4621.0,2.0,18328.0,0.0024449877750611247,0.0004424778761061947,4621,2,Carter,Kentucky,0.0024449877750611247,both,0.04424778761061947,0.04424778761061947,0.24449877750611246,0.24449877750611246,0.0,0.0,0.0,0.0,0-0.06,0-0.06,0.24-0.57,0.24-0.57,True,True,0.0,0.0
21045,0.0,2046.0,0.0,11052.0,0.0,0.0,2046,0,Casey,Kentucky,0.0,both,0.0,0.0,0.0,0.0,0.0,0.0,0.0,0.0,0-0.06,0-0.06,-0.12-0,-0.12-0,True,True,0.0,0.0
21047,0.0027080350125024246,46015.0,129.0,41333.0,0.0015731102611809692,0.0027080350125024246,46015,129,Christian,Kentucky,0.0015731102611809692,both,0.27080350125024244,0.27080350125024244,0.1573110261180969,0.1573110261180969,0.0,0.0,0.0,0.0,0.23-0.37,0.23-0.37,0.09-0.24,0.09-0.24,True,True,0.0,0.0
21049,0.0014305798505141868,30471.0,43.0,25898.0,0.00171020464316819,0.0014305798505141868,30471,43,Clark,Kentucky,0.00171020464316819,both,0.14305798505141867,0.14305798505141867,0.171020464316819,0.171020464316819,0.0,0.0,0.0,0.0,0.14-0.23,0.14-0.23,0.09-0.24,0.09-0.24,True,True,0.0,0.0
21051,0.0005235602094240838,3822.0,2.0,14691.0,0.002635046113306983,0.0005235602094240838,3822,2,Clay,Kentucky,0.002635046113306983,both,0.052356020942408384,0.052356020942408384,0.2635046113306983,0.2635046113306983,0.0,0.0,0.0,0.0,0-0.06,0-0.06,0.24-0.57,0.24-0.57,True,True,0.0,0.0
21053,0.0004957441913963653,2758.0,2.0,6593.0,0.0,0.0004957441913963653,2758,2,Clinton,Kentucky,0.0,both,0.04957441913963653,0.04957441913963653,0.0,0.0,0.0,0.0,0.0,0.0,0-0.06,0-0.06,-0.12-0,-0.12-0,True,True,0.0,0.0
21055,0.0,1582.0,0.0,6343.0,0.0,0.0,1582,0,Crittenden,Kentucky,0.0,both,0.0,0.0,0.0,0.0,0.0,0.0,0.0,0.0,0-0.06,0-0.06,-0.12-0,-0.12-0,True,True,0.0,0.0
21057,0.0,987.0,0.0,4338.0,0.0,0.0,987,0,Cumberland,Kentucky,0.0,both,0.0,0.0,0.0,0.0,0.0,0.0,0.0,0.0,0-0.06,0-0.06,-0.12-0,-0.12-0,True,True,0.0,0.0
21059,0.004658879158396982,64341.0,314.0,69235.0,-0.000731027715183674,0.004658879158396982,64341,314,Daviess,Kentucky,-0.000731027715183674,both,0.4658879158396982,0.4658879158396982,-0.0731027715183674,-0.0731027715183674,0.0,0.0,0.0,0.0,0.37-0.70,0.37-0.70,-0.12-0,-0.12-0,True,True,0.0,0.0
21061,0.0012422360248447203,1569.0,2.0,9005.0,-0.005649717514124294,0.0012422360248447203,1569,2,Edmonson,Kentucky,-0.005649717514124294,both,0.12422360248447203,0.12422360248447203,-0.5649717514124294,-0.5649717514124294,0.0,0.0,0.0,0.0,0.06-0.14,0.06-0.14,<-0.12,<-0.12,True,True,0.0,0.0
21063,0.0012048192771084338,1012.0,1.0,5561.0,0.0,0.0012048192771084338,1012,1,Elliott,Kentucky,0.0,both,0.12048192771084339,0.12048192771084339,0.0,0.0,0.0,0.0,0.0,0.0,0.06-0.14,0.06-0.14,-0.12-0,-0.12-0,True,True,0.0,0.0
21065,0.007384575190101108,3662.0,24.0,10104.0,0.0012853470437017994,0.007384575190101108,3662,24,Estill,Kentucky,0.0012853470437017994,both,0.7384575190101108,0.7384575190101108,0.12853470437017994,0.12853470437017994,0.0,0.0,0.0,0.0,0.70+,0.70+,0.09-0.24,0.09-0.24,True,True,0.0,0.0
21067,0.004977391480470101,468948.0,2511.0,209558.0,0.0018047138647025555,0.004977391480470101,468948,2511,Fayette,Kentucky,0.0018047138647025555,both,0.4977391480470101,0.4977391480470101,0.18047138647025557,0.18047138647025557,0.0,0.0,0.0,0.0,0.37-0.70,0.37-0.70,0.09-0.24,0.09-0.24,True,True,0.0,0.0
21069,0.007847053787986873,4223.0,57.0,10206.0,-0.017123287671232876,0.007847053787986873,4223,57,Fleming,Kentucky,-0.017123287671232876,both,0.7847053787986873,0.7847053787986873,-1.7123287671232876,-1.7123287671232876,0.0,0.0,0.0,0.0,0.70+,0.70+,<-0.12,<-0.12,True,True,0.0,0.0
21071,0.0006042090306737912,10520.0,7.0,25186.0,0.0008035355564483728,0.0006042090306737912,10520,7,Floyd,Kentucky,0.0008035355564483728,both,0.060420903067379114,0.060420903067379114,0.08035355564483729,0.08035355564483729,0.0,0.0,0.0,0.0,0.06-0.14,0.06-0.14,0-0.09,0-0.09,True,True,0.0,0.0
21073,0.019690912120419422,62477.0,1342.0,36106.0,0.0032240549887941373,0.019690912120419422,62477,1342,Franklin,Kentucky,0.0032240549887941373,both,1.9690912120419422,1.9690912120419422,0.3224054988794137,0.3224054988794137,0.0,0.0,0.0,0.0,0.70+,0.70+,0.24-0.57,0.24-0.57,True,True,0.0,0.0
21075,0.0007042253521126761,1907.0,1.0,4570.0,0.0,0.0007042253521126761,1907,1,Fulton,Kentucky,0.0,both,0.07042253521126761,0.07042253521126761,0.0,0.0,0.0,0.0,0.0,0.0,0.06-0.14,0.06-0.14,-0.12-0,-0.12-0,True,True,0.0,0.0
21077,0.007367128163281134,2686.0,23.0,5886.0,-0.0013195782076582804,0.007367128163281134,2686,23,Gallatin,Kentucky,-0.0013195782076582804,both,0.7367128163281134,0.7367128163281134,-0.13195782076582804,-0.13195782076582804,0.0,0.0,0.0,0.0,0.70+,0.70+,<-0.12,<-0.12,True,True,0.0,0.0
21079,0.0005405405405405405,2579.0,2.0,12270.0,0.002631578947368421,0.0005405405405405405,2579,2,Garrard,Kentucky,0.002631578947368421,both,0.05405405405405406,0.05405405405405406,0.2631578947368421,0.2631578947368421,0.0,0.0,0.0,0.0,0-0.06,0-0.06,0.24-0.57,0.24-0.57,True,True,0.0,0.0
21081,0.0018079013591348167,7971.0,10.0,16074.0,-0.0016438198560729531,0.0018079013591348167,7971,10,Grant,Kentucky,-0.0016438198560729531,both,0.18079013591348167,0.18079013591348167,-0.1643819856072953,-0.1643819856072953,0.0,0.0,0.0,0.0,0.14-0.23,0.14-0.23,<-0.12,<-0.12,True,True,0.0,0.0
21083,0.0014861949568849072,12820.0,20.0,24901.0,0.000684338377612548,0.0014861949568849072,12820,20,Graves,Kentucky,0.000684338377612548,both,0.14861949568849073,0.14861949568849073,0.0684338377612548,0.0684338377612548,0.0,0.0,0.0,0.0,0.14-0.23,0.14-0.23,0-0.09,0-0.09,True,True,0.0,0.0
21085,0.0002617801047120419,5024.0,1.0,18029.0,0.0,0.0002617801047120419,5024,1,Grayson,Kentucky,0.0,both,0.026178010471204192,0.026178010471204192,0.0,0.0,0.0,0.0,0.0,0.0,0-0.06,0-0.06,-0.12-0,-0.12-0,True,True,0.0,0.0
21087,0.000423728813559322,1663.0,1.0,8061.0,0.0,0.000423728813559322,1663,1,Green,Kentucky,0.0,both,0.0423728813559322,0.0423728813559322,0.0,0.0,0.0,0.0,0.0,0.0,0-0.06,0-0.06,-0.12-0,-0.12-0,True,True,0.0,0.0
21089,0.0012531207060053028,4637.0,5.0,25594.0,0.0,0.0012531207060053028,4637,5,Greenup,Kentucky,0.0,both,0.1253120706005303,0.1253120706005303,0.0,0.0,0.0,0.0,0.0,0.0,0.06-0.14,0.06-0.14,-0.12-0,-0.12-0,True,True,0.0,0.0
21091,0.005709991199154421,3406.0,22.0,6164.0,-0.007874015748031496,0.005709991199154421,3406,22,Hancock,Kentucky,-0.007874015748031496,both,0.570999119915442,0.570999119915442,-0.7874015748031495,-0.7874015748031495,0.0,0.0,0.0,0.0,0.37-0.70,0.37-0.70,<-0.12,<-0.12,True,True,0.0,0.0
21093,0.005109889549428262,71704.0,380.0,73850.0,0.001998959683806867,0.005109889549428262,71704,380,Hardin,Kentucky,0.001998959683806867,both,0.5109889549428261,0.5109889549428261,0.19989596838068668,0.19989596838068668,0.0,0.0,0.0,0.0,0.37-0.70,0.37-0.70,0.09-0.24,0.09-0.24,True,True,0.0,0.0
21095,0.0004579108930838932,6149.0,3.0,18583.0,-0.0006988120195667365,0.0004579108930838932,6149,3,Harlan,Kentucky,-0.0006988120195667365,both,0.04579108930838932,0.04579108930838932,-0.06988120195667365,-0.06988120195667365,0.0,0.0,0.0,0.0,0-0.06,0-0.06,-0.12-0,-0.12-0,True,True,0.0,0.0
21097,0.002867743120146403,5518.0,13.0,13038.0,0.002449479485609308,0.002867743120146403,5518,13,Harrison,Kentucky,0.002449479485609308,both,0.2867743120146403,0.2867743120146403,0.2449479485609308,0.2449479485609308,0.0,0.0,0.0,0.0,0.23-0.37,0.23-0.37,0.24-0.57,0.24-0.57,True,True,0.0,0.0
21099,0.0004532123585649604,5293.0,3.0,13021.0,0.0008581924509076047,0.0004532123585649604,5293,3,Hart,Kentucky,0.0008581924509076047,both,0.04532123585649604,0.04532123585649604,0.08581924509076047,0.08581924509076047,0.0,0.0,0.0,0.0,0-0.06,0-0.06,0-0.09,0-0.09,True,True,0.0,0.0
21101,0.002158672879377351,22830.0,59.0,31311.0,0.0028578580620929528,0.002158672879377351,22830,59,Henderson,Kentucky,0.0028578580620929528,both,0.21586728793773508,0.21586728793773508,0.2857858062092953,0.2857858062092953,0.0,0.0,0.0,0.0,0.14-0.23,0.14-0.23,0.24-0.57,0.24-0.57,True,True,0.0,0.0
21103,0.00033738421974920915,5455.0,2.0,10795.0,0.0,0.00033738421974920915,5455,2,Henry,Kentucky,0.0,both,0.03373842197492091,0.03373842197492091,0.0,0.0,0.0,0.0,0.0,0.0,0-0.06,0-0.06,-0.12-0,-0.12-0,True,True,0.0,0.0
21105,0.0035924369747899155,905.0,2.0,3277.0,0.0,0.0035924369747899155,905,2,Hickman,Kentucky,0.0,both,0.35924369747899154,0.35924369747899154,0.0,0.0,0.0,0.0,0.0,0.0,0.23-0.37,0.23-0.37,-0.12-0,-0.12-0,True,True,0.0,0.0
21107,0.000929994504044116,19790.0,19.0,31412.0,-0.00047528624552123247,0.000929994504044116,19790,19,Hopkins,Kentucky,-0.00047528624552123247,both,0.0929994504044116,0.0929994504044116,-0.04752862455212325,-0.04752862455212325,0.0,0.0,0.0,0.0,0.06-0.14,0.06-0.14,-0.12-0,-0.12-0,True,True,0.0,0.0
21109,0.0,1333.0,0.0,9069.0,0.0,0.0,1333,0,Jackson,Kentucky,0.0,both,0.0,0.0,0.0,0.0,0.0,0.0,0.0,0.0,0-0.06,0-0.06,-0.12-0,-0.12-0,True,True,0.0,0.0
21111,0.009308141169158068,998009.0,10324.0,540624.0,0.0054186369730461125,0.009308141169158068,998009,10324,Jefferson,Kentucky,0.0054186369730461125,both,0.9308141169158068,0.9308141169158068,0.5418636973046113,0.5418636973046113,0.0,0.0,0.0,0.0,0.70+,0.70+,0.24-0.57,0.24-0.57,True,True,0.0,0.0
21113,0.001302371305036278,33221.0,57.0,35658.0,0.0014090232816591235,0.001302371305036278,33221,57,Jessamine,Kentucky,0.0014090232816591235,both,0.1302371305036278,0.1302371305036278,0.14090232816591233,0.14090232816591233,0.0,0.0,0.0,0.0,0.06-0.14,0.06-0.14,0.09-0.24,0.09-0.24,True,True,0.0,0.0
21115,0.0013709436472380484,4863.0,6.0,15934.0,0.0009832841691248771,0.0013709436472380484,4863,6,Johnson,Kentucky,0.0009832841691248771,both,0.13709436472380485,0.13709436472380485,0.09832841691248771,0.09832841691248771,0.0,0.0,0.0,0.0,0.06-0.14,0.06-0.14,0.09-0.24,0.09-0.24,True,True,0.0,0.0
21117,0.004859223324207948,131153.0,717.0,115530.0,0.0062888448691455125,0.004859223324207948,131153,717,Kenton,Kentucky,0.0062888448691455125,both,0.4859223324207948,0.4859223324207948,0.6288844869145512,0.6288844869145512,0.0,0.0,0.0,0.0,0.37-0.70,0.37-0.70,0.57+,0.57+,True,True,0.0,0.0
21119,0.0009615384615384616,1189.0,1.0,9962.0,0.006329113924050633,0.0009615384615384616,1189,1,Knott,Kentucky,0.006329113924050633,both,0.09615384615384616,0.09615384615384616,0.6329113924050633,0.6329113924050633,0.0,0.0,0.0,0.0,0.06-0.14,0.06-0.14,0.57+,0.57+,True,True,0.0,0.0
21121,0.0011890951044417509,3752.0,5.0,20402.0,-0.004119464469618949,0.0011890951044417509,3752,5,Knox,Kentucky,-0.004119464469618949,both,0.11890951044417508,0.11890951044417508,-0.4119464469618949,-0.4119464469618949,0.0,0.0,0.0,0.0,0.06-0.14,0.06-0.14,<-0.12,<-0.12,True,True,0.0,0.0
21123,0.0,2989.0,0.0,10425.0,0.0,0.0,2989,0,Larue,Kentucky,0.0,both,0.0,0.0,0.0,0.0,0.0,0.0,0.0,0.0,0-0.06,0-0.06,-0.12-0,-0.12-0,True,True,0.0,0.0
21125,0.003978603280295835,16744.0,56.0,43093.0,0.01384083044982699,0.003978603280295835,16744,56,Laurel,Kentucky,0.01384083044982699,both,0.3978603280295835,0.3978603280295835,1.384083044982699,1.384083044982699,0.0,0.0,0.0,0.0,0.37-0.70,0.37-0.70,0.57+,0.57+,True,True,0.0,0.0
21127,0.0003636363636363636,3424.0,1.0,11140.0,0.001976284584980237,0.0003636363636363636,3424,1,Lawrence,Kentucky,0.001976284584980237,both,0.03636363636363636,0.03636363636363636,0.1976284584980237,0.1976284584980237,0.0,0.0,0.0,0.0,0-0.06,0-0.06,0.09-0.24,0.09-0.24,True,True,0.0,0.0
21129,0.0006802721088435374,1304.0,1.0,5345.0,0.0037593984962406013,0.0006802721088435374,1304,1,Lee,Kentucky,0.0037593984962406013,both,0.06802721088435373,0.06802721088435373,0.37593984962406013,0.37593984962406013,0.0,0.0,0.0,0.0,0.06-0.14,0.06-0.14,0.24-0.57,0.24-0.57,True,True,0.0,0.0
21131,0.0007936507936507937,1720.0,1.0,7227.0,0.0,0.0007936507936507937,1720,1,Leslie,Kentucky,0.0,both,0.07936507936507936,0.07936507936507936,0.0,0.0,0.0,0.0,0.0,0.0,0.06-0.14,0.06-0.14,-0.12-0,-0.12-0,True,True,0.0,0.0
21133,0.0018918662035435484,3477.0,6.0,15377.0,-0.0012658227848101266,0.0018918662035435484,3477,6,Letcher,Kentucky,-0.0012658227848101266,both,0.18918662035435485,0.18918662035435485,-0.12658227848101267,-0.12658227848101267,0.0,0.0,0.0,0.0,0.14-0.23,0.14-0.23,<-0.12,<-0.12,True,True,0.0,0.0
21135,0.001176470588235294,1407.0,1.0,9123.0,0.004347826086956522,0.001176470588235294,1407,1,Lewis,Kentucky,0.004347826086956522,both,0.1176470588235294,0.1176470588235294,0.43478260869565216,0.43478260869565216,0.0,0.0,0.0,0.0,0.06-0.14,0.06-0.14,0.24-0.57,0.24-0.57,True,True,0.0,0.0
21137,0.0001652892561983471,4911.0,1.0,16721.0,0.0,0.0001652892561983471,4911,1,Lincoln,Kentucky,0.0,both,0.016528925619834708,0.016528925619834708,0.0,0.0,0.0,0.0,0.0,0.0,0-0.06,0-0.06,-0.12-0,-0.12-0,True,True,0.0,0.0
21139,0.0016993188680570182,1744.0,2.0,6552.0,0.0035211267605633804,0.0016993188680570182,1744,2,Livingston,Kentucky,0.0035211267605633804,both,0.16993188680570182,0.16993188680570182,0.35211267605633806,0.35211267605633806,0.0,0.0,0.0,0.0,0.14-0.23,0.14-0.23,0.24-0.57,0.24-0.57,True,True,0.0,0.0
21141,0.004621999492489658,9286.0,40.0,18804.0,-0.007460000143992281,0.004621999492489658,9286,40,Logan,Kentucky,-0.007460000143992281,both,0.46219994924896585,0.46219994924896585,-0.7460000143992281,-0.7460000143992281,0.0,0.0,0.0,0.0,0.37-0.70,0.37-0.70,<-0.12,<-0.12,True,True,0.0,0.0
21143,0.0,1405.0,0.0,6885.0,0.0,0.0,1405,0,Lyon,Kentucky,0.0,both,0.0,0.0,0.0,0.0,0.0,0.0,0.0,0.0,0-0.06,0-0.06,-0.12-0,-0.12-0,True,True,0.0,0.0
21145,0.001201328383333944,41855.0,51.0,47460.0,0.0012412179307365167,0.001201328383333944,41855,51,McCracken,Kentucky,0.0012412179307365167,both,0.1201328383333944,0.1201328383333944,0.12412179307365168,0.12412179307365168,0.0,0.0,0.0,0.0,0.06-0.14,0.06-0.14,0.09-0.24,0.09-0.24,True,True,0.0,0.0
21147,0.002857142857142857,1765.0,5.0,11826.0,0.0,0.002857142857142857,1765,5,McCreary,Kentucky,0.0,both,0.2857142857142857,0.2857142857142857,0.0,0.0,0.0,0.0,0.0,0.0,0.23-0.37,0.23-0.37,-0.12-0,-0.12-0,True,True,0.0,0.0
21149,0.0,2149.0,0.0,6369.0,0.0,0.0,2149,0,McLean,Kentucky,0.0,both,0.0,0.0,0.0,0.0,0.0,0.0,0.0,0.0,0-0.06,0-0.06,-0.12-0,-0.12-0,True,True,0.0,0.0
21151,0.003208926778987092,60238.0,222.0,57882.0,0.0015393921414137133,0.003208926778987092,60238,222,Madison,Kentucky,0.0015393921414137133,both,0.3208926778987092,0.3208926778987092,0.15393921414137132,0.15393921414137132,0.0,0.0,0.0,0.0,0.23-0.37,0.23-0.37,0.09-0.24,0.09-0.24,True,True,0.0,0.0
21153,0.0024390243902439024,1189.0,2.0,8194.0,0.012987012987012988,0.0024390243902439024,1189,2,Magoffin,Kentucky,0.012987012987012988,both,0.24390243902439024,0.24390243902439024,1.2987012987012987,1.2987012987012987,0.0,0.0,0.0,0.0,0.23-0.37,0.23-0.37,0.57+,0.57+,True,True,0.0,0.0
21155,0.00013550135501355014,8001.0,1.0,13358.0,0.0005640157924421884,0.00013550135501355014,8001,1,Marion,Kentucky,0.0005640157924421884,both,0.013550135501355014,0.013550135501355014,0.05640157924421885,0.05640157924421885,0.0,0.0,0.0,0.0,0-0.06,0-0.06,0-0.09,0-0.09,True,True,0.0,0.0
21157,0.0009568852832615613,6788.0,5.0,22997.0,0.0005868544600938967,0.0009568852832615613,6788,5,Marshall,Kentucky,0.0005868544600938967,both,0.09568852832615614,0.09568852832615614,0.05868544600938967,0.05868544600938967,0.0,0.0,0.0,0.0,0.06-0.14,0.06-0.14,0-0.09,0-0.09,True,True,0.0,0.0
21159,0.0008695652173913044,1626.0,2.0,8275.0,0.0,0.0008695652173913044,1626,2,Martin,Kentucky,0.0,both,0.08695652173913043,0.08695652173913043,0.0,0.0,0.0,0.0,0.0,0.0,0.06-0.14,0.06-0.14,-0.12-0,-0.12-0,True,True,0.0,0.0
21161,0.0002820113847071485,11353.0,3.0,11868.0,0.0002136350491095361,0.0002820113847071485,11353,3,Mason,Kentucky,0.0002136350491095361,both,0.02820113847071485,0.02820113847071485,0.02136350491095361,0.02136350491095361,0.0,0.0,0.0,0.0,0-0.06,0-0.06,0-0.09,0-0.09,True,True,0.0,0.0
21163,0.0009438940855207002,4705.0,7.0,20806.0,0.0046449900464499,0.0009438940855207002,4705,7,Meade,Kentucky,0.0046449900464499,both,0.09438940855207002,0.09438940855207002,0.46449900464499,0.46449900464499,0.0,0.0,0.0,0.0,0.06-0.14,0.06-0.14,0.24-0.57,0.24-0.57,True,True,0.0,0.0
21165,0.0,1189.0,0.0,4391.0,0.0,0.0,1189,0,Menifee,Kentucky,0.0,both,0.0,0.0,0.0,0.0,0.0,0.0,0.0,0.0,0-0.06,0-0.06,-0.12-0,-0.12-0,True,True,0.0,0.0
21167,0.006710770715703325,8982.0,54.0,15846.0,-0.008114189900093743,0.006710770715703325,8982,54,Mercer,Kentucky,-0.008114189900093743,both,0.6710770715703325,0.6710770715703325,-0.8114189900093743,-0.8114189900093743,0.0,0.0,0.0,0.0,0.37-0.70,0.37-0.70,<-0.12,<-0.12,True,True,0.0,0.0
21169,0.0048170642799158355,2374.0,9.0,7180.0,0.017595307917888565,0.0048170642799158355,2374,9,Metcalfe,Kentucky,0.017595307917888565,both,0.48170642799158353,0.48170642799158353,1.7595307917888565,1.7595307917888565,0.0,0.0,0.0,0.0,0.37-0.70,0.37-0.70,0.57+,0.57+,True,True,0.0,0.0
21171,0.0,1971.0,0.0,7836.0,0.0,0.0,1971,0,Monroe,Kentucky,0.0,both,0.0,0.0,0.0,0.0,0.0,0.0,0.0,0.0,0-0.06,0-0.06,-0.12-0,-0.12-0,True,True,0.0,0.0
21173,0.0006050632596524455,16009.0,12.0,19217.0,0.0014381591562799617,0.0006050632596524455,16009,12,Montgomery,Kentucky,0.0014381591562799617,both,0.060506325965244544,0.060506325965244544,0.14381591562799617,0.14381591562799617,0.0,0.0,0.0,0.0,0.06-0.14,0.06-0.14,0.09-0.24,0.09-0.24,True,True,0.0,0.0
21175,0.0014851485148514852,2389.0,3.0,10226.0,0.006993006993006993,0.0014851485148514852,2389,3,Morgan,Kentucky,0.006993006993006993,both,0.1485148514851485,0.1485148514851485,0.6993006993006993,0.6993006993006993,0.0,0.0,0.0,0.0,0.14-0.23,0.14-0.23,0.57+,0.57+,True,True,0.0,0.0
21177,0.0010327733984771786,7036.0,7.0,21946.0,0.0006779661016949153,0.0010327733984771786,7036,7,Muhlenberg,Kentucky,0.0006779661016949153,both,0.10327733984771786,0.10327733984771786,0.06779661016949153,0.06779661016949153,0.0,0.0,0.0,0.0,0.06-0.14,0.06-0.14,0-0.09,0-0.09,True,True,0.0,0.0
21179,0.0010736237589578368,20805.0,27.0,32231.0,0.0030918452470865125,0.0010736237589578368,20805,27,Nelson,Kentucky,0.0030918452470865125,both,0.10736237589578368,0.10736237589578368,0.30918452470865126,0.30918452470865126,0.0,0.0,0.0,0.0,0.06-0.14,0.06-0.14,0.24-0.57,0.24-0.57,True,True,0.0,0.0
21181,0.0,1053.0,0.0,5180.0,0.0,0.0,1053,0,Nicholas,Kentucky,0.0,both,0.0,0.0,0.0,0.0,0.0,0.0,0.0,0.0,0-0.06,0-0.06,-0.12-0,-0.12-0,True,True,0.0,0.0
21183,0.0006380574806565183,5504.0,3.0,16360.0,0.0,0.0006380574806565183,5504,3,Ohio,Kentucky,0.0,both,0.06380574806565183,0.06380574806565183,0.0,0.0,0.0,0.0,0.0,0.0,0.06-0.14,0.06-0.14,-0.12-0,-0.12-0,True,True,0.0,0.0
21185,0.001240511521318558,20402.0,27.0,45110.0,-0.0010753278390195288,0.001240511521318558,20402,27,Oldham,Kentucky,-0.0010753278390195288,both,0.12405115213185579,0.12405115213185579,-0.10753278390195288,-0.10753278390195288,0.0,0.0,0.0,0.0,0.06-0.14,0.06-0.14,-0.12-0,-0.12-0,True,True,0.0,0.0
21187,0.0009478672985781991,1987.0,2.0,7895.0,0.0,0.0009478672985781991,1987,2,Owen,Kentucky,0.0,both,0.09478672985781991,0.09478672985781991,0.0,0.0,0.0,0.0,0.0,0.0,0.06-0.14,0.06-0.14,-0.12-0,-0.12-0,True,True,0.0,0.0
21189,0.0017543859649122805,529.0,1.0,3019.0,-0.007518796992481203,0.0017543859649122805,529,1,Owsley,Kentucky,-0.007518796992481203,both,0.17543859649122806,0.17543859649122806,-0.7518796992481203,-0.7518796992481203,0.0,0.0,0.0,0.0,0.14-0.23,0.14-0.23,<-0.12,<-0.12,True,True,0.0,0.0
21191,0.00047393364928909954,2804.0,1.0,10041.0,-0.0019880715705765406,0.00047393364928909954,2804,1,Pendleton,Kentucky,-0.0019880715705765406,both,0.047393364928909956,0.047393364928909956,-0.19880715705765406,-0.19880715705765406,0.0,0.0,0.0,0.0,0-0.06,0-0.06,<-0.12,<-0.12,True,True,0.0,0.0
21193,0.001812627251225641,13420.0,24.0,19595.0,0.00322682853997178,0.001812627251225641,13420,24,Perry,Kentucky,0.00322682853997178,both,0.1812627251225641,0.1812627251225641,0.322682853997178,0.322682853997178,0.0,0.0,0.0,0.0,0.14-0.23,0.14-0.23,0.24-0.57,0.24-0.57,True,True,0.0,0.0
21195,0.003064339883294293,17410.0,52.0,41556.0,0.0008318469439114896,0.003064339883294293,17410,52,Pike,Kentucky,0.0008318469439114896,both,0.3064339883294293,0.3064339883294293,0.08318469439114895,0.08318469439114895,0.0,0.0,0.0,0.0,0.23-0.37,0.23-0.37,0-0.09,0-0.09,True,True,0.0,0.0
21197,0.0019417172377951218,2241.0,5.0,8915.0,-0.0003063359234907351,0.0019417172377951218,2241,5,Powell,Kentucky,-0.0003063359234907351,both,0.1941717237795122,0.1941717237795122,-0.030633592349073507,-0.030633592349073507,0.0,0.0,0.0,0.0,0.14-0.23,0.14-0.23,-0.12-0,-0.12-0,True,True,0.0,0.0
21199,0.00120270435820284,23041.0,27.0,45989.0,-0.0005945528622461562,0.00120270435820284,23041,27,Pulaski,Kentucky,-0.0005945528622461562,both,0.120270435820284,0.120270435820284,-0.05945528622461562,-0.05945528622461562,0.0,0.0,0.0,0.0,0.06-0.14,0.06-0.14,-0.12-0,-0.12-0,True,True,0.0,0.0
21201,0.0,433.0,0.0,1525.0,0.0,0.0,433,0,Robertson,Kentucky,0.0,both,0.0,0.0,0.0,0.0,0.0,0.0,0.0,0.0,0-0.06,0-0.06,-0.12-0,-0.12-0,True,True,0.0,0.0
21203,0.0020230850408653237,3430.0,8.0,11492.0,0.0058823529411764705,0.0020230850408653237,3430,8,Rockcastle,Kentucky,0.0058823529411764705,both,0.20230850408653236,0.20230850408653236,0.5882352941176471,0.5882352941176471,0.0,0.0,0.0,0.0,0.14-0.23,0.14-0.23,0.57+,0.57+,True,True,0.0,0.0
21205,0.0011407772468115577,7815.0,11.0,14254.0,0.004522613065326633,0.0011407772468115577,7815,11,Rowan,Kentucky,0.004522613065326633,both,0.11407772468115576,0.11407772468115576,0.4522613065326633,0.4522613065326633,0.0,0.0,0.0,0.0,0.06-0.14,0.06-0.14,0.24-0.57,0.24-0.57,True,True,0.0,0.0
21207,0.0,2383.0,0.0,12422.0,0.0,0.0,2383,0,Russell,Kentucky,0.0,both,0.0,0.0,0.0,0.0,0.0,0.0,0.0,0.0,0-0.06,0-0.06,-0.12-0,-0.12-0,True,True,0.0,0.0
21209,0.0030313392430702376,51479.0,180.0,37778.0,0.004211471247954141,0.0030313392430702376,51479,180,Scott,Kentucky,0.004211471247954141,both,0.30313392430702374,0.30313392430702374,0.4211471247954141,0.4211471247954141,0.0,0.0,0.0,0.0,0.23-0.37,0.23-0.37,0.24-0.57,0.24-0.57,True,True,0.0,0.0
21211,0.005037345887024116,43648.0,260.0,33524.0,0.002674550865547921,0.005037345887024116,43648,260,Shelby,Kentucky,0.002674550865547921,both,0.5037345887024116,0.5037345887024116,0.2674550865547921,0.2674550865547921,0.0,0.0,0.0,0.0,0.37-0.70,0.37-0.70,0.24-0.57,0.24-0.57,True,True,0.0,0.0
21213,0.0006608949513199623,12444.0,11.0,13236.0,0.0018651745270450307,0.0006608949513199623,12444,11,Simpson,Kentucky,0.0018651745270450307,both,0.06608949513199623,0.06608949513199623,0.18651745270450307,0.18651745270450307,0.0,0.0,0.0,0.0,0.06-0.14,0.06-0.14,0.09-0.24,0.09-0.24,True,True,0.0,0.0
21215,0.00028571428571428574,2924.0,1.0,13533.0,0.0,0.00028571428571428574,2924,1,Spencer,Kentucky,0.0,both,0.028571428571428574,0.028571428571428574,0.0,0.0,0.0,0.0,0.0,0.0,0-0.06,0-0.06,-0.12-0,-0.12-0,True,True,0.0,0.0
21217,0.0013844990478412294,7531.0,11.0,17026.0,-0.0006325110689437065,0.0013844990478412294,7531,11,Taylor,Kentucky,-0.0006325110689437065,both,0.13844990478412295,0.13844990478412295,-0.06325110689437065,-0.06325110689437065,0.0,0.0,0.0,0.0,0.06-0.14,0.06-0.14,-0.12-0,-0.12-0,True,True,0.0,0.0
21219,0.012926686141151264,3120.0,56.0,7977.0,0.03999442586399108,0.012926686141151264,3120,56,Todd,Kentucky,0.03999442586399108,both,1.2926686141151265,1.2926686141151265,3.999442586399108,3.999442586399108,0.0,0.0,0.0,0.0,0.70+,0.70+,0.57+,0.57+,True,True,0.0,0.0
21221,0.0,2380.0,0.0,10082.0,0.0,0.0,2380,0,Trigg,Kentucky,0.0,both,0.0,0.0,0.0,0.0,0.0,0.0,0.0,0.0,0-0.06,0-0.06,-0.12-0,-0.12-0,True,True,0.0,0.0
21223,0.0,1637.0,0.0,6012.0,0.0,0.0,1637,0,Trimble,Kentucky,0.0,both,0.0,0.0,0.0,0.0,0.0,0.0,0.0,0.0,0-0.06,0-0.06,-0.12-0,-0.12-0,True,True,0.0,0.0
21225,0.001165265439932318,5379.0,9.0,9388.0,0.005784061696658098,0.001165265439932318,5379,9,Union,Kentucky,0.005784061696658098,both,0.1165265439932318,0.1165265439932318,0.5784061696658097,0.5784061696658097,0.0,0.0,0.0,0.0,0.06-0.14,0.06-0.14,0.57+,0.57+,True,True,0.0,0.0
21227,0.004102500401822725,89055.0,362.0,82837.0,0.0019324887462396677,0.004102500401822725,89055,362,Warren,Kentucky,0.0019324887462396677,both,0.41025004018227246,0.41025004018227246,0.19324887462396678,0.19324887462396678,0.0,0.0,0.0,0.0,0.37-0.70,0.37-0.70,0.09-0.24,0.09-0.24,True,True,0.0,0.0
21229,0.0004,3658.0,2.0,8394.0,0.0,0.0004,3658,2,Washington,Kentucky,0.0,both,0.04,0.04,0.0,0.0,0.0,0.0,0.0,0.0,0-0.06,0-0.06,-0.12-0,-0.12-0,True,True,0.0,0.0
21231,0.0009708940577107781,4129.0,3.0,14032.0,0.004846526655896607,0.0009708940577107781,4129,3,Wayne,Kentucky,0.004846526655896607,both,0.09708940577107782,0.09708940577107782,0.48465266558966075,0.48465266558966075,0.0,0.0,0.0,0.0,0.06-0.14,0.06-0.14,0.24-0.57,0.24-0.57,True,True,0.0,0.0
21233,0.003086199767421181,2449.0,7.0,8802.0,0.003973509933774834,0.003086199767421181,2449,7,Webster,Kentucky,0.003973509933774834,both,0.3086199767421181,0.3086199767421181,0.3973509933774834,0.3973509933774834,0.0,0.0,0.0,0.0,0.23-0.37,0.23-0.37,0.24-0.57,0.24-0.57,True,True,0.0,0.0
21235,0.0009784783573810146,15793.0,16.0,23180.0,0.00038895207604925774,0.0009784783573810146,15793,16,Whitley,Kentucky,0.00038895207604925774,both,0.09784783573810146,0.09784783573810146,0.03889520760492578,0.03889520760492578,0.0,0.0,0.0,0.0,0.06-0.14,0.06-0.14,0-0.09,0-0.09,True,True,0.0,0.0
21237,0.0,895.0,0.0,4484.0,0.0,0.0,895,0,Wolfe,Kentucky,0.0,both,0.0,0.0,0.0,0.0,0.0,0.0,0.0,0.0,0-0.06,0-0.06,-0.12-0,-0.12-0,True,True,0.0,0.0
21239,0.001041143487782736,20737.0,25.0,18670.0,0.0003372090302365305,0.001041143487782736,20737,25,Woodford,Kentucky,0.0003372090302365305,both,0.10411434877827361,0.10411434877827361,0.03372090302365305,0.03372090302365305,0.0,0.0,0.0,0.0,0.06-0.14,0.06-0.14,0-0.09,0-0.09,True,True,0.0,0.0
21999,,,,,,0.02403463786191222,35818,2323,"[Kentucky, county not reported]",Kentucky,0.06465258683338347,right_only,,2.403463786191222,,6.465258683338347,,,,,No data,0.70+,No data,0.57+,False,False,,
22001,0.0008460672364220573,12036.0,14.0,38069.0,0.0007518796992481203,0.0008460672364220573,12036,14,Acadia,Louisiana,0.0007518796992481203,both,0.08460672364220573,0.08460672364220573,0.07518796992481204,0.07518796992481204,0.0,0.0,0.0,0.0,0.06-0.14,0.06-0.14,0-0.09,0-0.09,True,True,0.0,0.0
22003,0.0025796358408430213,3527.0,9.0,15864.0,0.004914004914004914,0.0025796358408430213,3527,9,Allen,Louisiana,0.004914004914004914,both,0.25796358408430214,0.25796358408430214,0.4914004914004914,0.4914004914004914,0.0,0.0,0.0,0.0,0.23-0.37,0.23-0.37,0.24-0.57,0.24-0.57,True,True,0.0,0.0
22005,0.0012990708591461564,61107.0,89.0,83300.0,0.001088440225144743,0.0012990708591461564,61107,89,Ascension,Louisiana,0.001088440225144743,both,0.12990708591461564,0.12990708591461564,0.10884402251447431,0.10884402251447431,0.0,0.0,0.0,0.0,0.06-0.14,0.06-0.14,0.09-0.24,0.09-0.24,True,True,0.0,0.0
22007,0.0007751937984496124,2163.0,2.0,14783.0,0.0,0.0007751937984496124,2163,2,Assumption,Louisiana,0.0,both,0.07751937984496124,0.07751937984496124,0.0,0.0,0.0,0.0,0.0,0.0,0.06-0.14,0.06-0.14,-0.12-0,-0.12-0,True,True,0.0,0.0
22009,0.00032802594722099366,6058.0,2.0,26893.0,-0.0008976660682226212,0.00032802594722099366,6058,2,Avoyelles,Louisiana,-0.0008976660682226212,both,0.032802594722099364,0.032802594722099364,-0.08976660682226212,-0.08976660682226212,0.0,0.0,0.0,0.0,0-0.06,0-0.06,-0.12-0,-0.12-0,True,True,0.0,0.0
22011,0.0001996007984031936,6559.0,1.0,24280.0,0.0,0.0001996007984031936,6559,1,Beauregard,Louisiana,0.0,both,0.01996007984031936,0.01996007984031936,0.0,0.0,0.0,0.0,0.0,0.0,0-0.06,0-0.06,-0.12-0,-0.12-0,True,True,0.0,0.0
22013,0.002008128111119921,3170.0,7.0,9118.0,0.001949317738791423,0.002008128111119921,3170,7,Bienville,Louisiana,0.001949317738791423,both,0.20081281111199212,0.20081281111199212,0.1949317738791423,0.1949317738791423,0.0,0.0,0.0,0.0,0.14-0.23,0.14-0.23,0.09-0.24,0.09-0.24,True,True,0.0,0.0
22015,0.008918744073037523,65509.0,707.0,86122.0,0.014020321816879126,0.008918744073037523,65509,707,Bossier,Louisiana,0.014020321816879126,both,0.8918744073037523,0.8918744073037523,1.4020321816879127,1.4020321816879127,0.0,0.0,0.0,0.0,0.70+,0.70+,0.57+,0.57+,True,True,0.0,0.0
22017,0.0035364175554412416,179507.0,767.0,160866.0,0.004601006448440026,0.0035364175554412416,179507,767,Caddo,Louisiana,0.004601006448440026,both,0.35364175554412414,0.35364175554412414,0.4601006448440026,0.4601006448440026,0.0,0.0,0.0,0.0,0.23-0.37,0.23-0.37,0.24-0.57,0.24-0.57,True,True,0.0,0.0
22019,0.0023475454996330506,103481.0,249.0,139900.0,0.002251256517200877,0.0023475454996330506,103481,249,Calcasieu,Louisiana,0.002251256517200877,both,0.23475454996330505,0.23475454996330505,0.2251256517200877,0.2251256517200877,0.0,0.0,0.0,0.0,0.23-0.37,0.23-0.37,0.09-0.24,0.09-0.24,True,True,0.0,0.0
22021,0.0,875.0,0.0,6877.0,0.0,0.0,875,0,Caldwell,Louisiana,0.0,both,0.0,0.0,0.0,0.0,0.0,0.0,0.0,0.0,0-0.06,0-0.06,-0.12-0,-0.12-0,True,True,0.0,0.0
22023,0.0013088760564945784,6488.0,5.0,3945.0,-1.735917370333166e-05,0.0013088760564945784,6488,5,Cameron,Louisiana,-1.735917370333166e-05,both,0.13088760564945784,0.13088760564945784,-0.001735917370333166,-0.001735917370333166,0.0,0.0,0.0,0.0,0.06-0.14,0.06-0.14,-0.12-0,-0.12-0,True,True,0.0,0.0
22025,0.0,980.0,0.0,6294.0,0.0,0.0,980,0,Catahoula,Louisiana,0.0,both,0.0,0.0,0.0,0.0,0.0,0.0,0.0,0.0,0-0.06,0-0.06,-0.12-0,-0.12-0,True,True,0.0,0.0
22027,0.0012809887692281441,2098.0,3.0,10359.0,-0.0010364710460221444,0.0012809887692281441,2098,3,Claiborne,Louisiana,-0.0010364710460221444,both,0.1280988769228144,0.1280988769228144,-0.10364710460221443,-0.10364710460221443,0.0,0.0,0.0,0.0,0.06-0.14,0.06-0.14,-0.12-0,-0.12-0,True,True,0.0,0.0
22029,0.0007165839687908825,3655.0,3.0,12394.0,0.0005296550161445646,0.0007165839687908825,3655,3,Concordia,Louisiana,0.0005296550161445646,both,0.07165839687908825,0.07165839687908825,0.05296550161445646,0.05296550161445646,0.0,0.0,0.0,0.0,0.06-0.14,0.06-0.14,0-0.09,0-0.09,True,True,0.0,0.0
22031,0.004395450075921745,6085.0,26.0,18435.0,0.001198264607372873,0.004395450075921745,6085,26,De Soto,Louisiana,0.001198264607372873,both,0.4395450075921745,0.4395450075921745,0.1198264607372873,0.1198264607372873,0.0,0.0,0.0,0.0,0.37-0.70,0.37-0.70,0.09-0.24,0.09-0.24,True,True,0.0,0.0
22033,0.010727918354348605,407694.0,4964.0,284666.0,0.002396142308317766,0.010727918354348605,407694,4964,East Baton Rouge,Louisiana,0.002396142308317766,both,1.0727918354348605,1.0727918354348605,0.23961423083177658,0.23961423083177658,0.0,0.0,0.0,0.0,0.70+,0.70+,0.09-0.24,0.09-0.24,True,True,0.0,0.0
22035,0.0,859.0,0.0,4833.0,0.0,0.0,859,0,East Carroll,Louisiana,0.0,both,0.0,0.0,0.0,0.0,0.0,0.0,0.0,0.0,0-0.06,0-0.06,-0.12-0,-0.12-0,True,True,0.0,0.0
22037,0.002675059050194702,3224.0,10.0,14659.0,0.004540295119182747,0.002675059050194702,3224,10,East Feliciana,Louisiana,0.004540295119182747,both,0.2675059050194702,0.2675059050194702,0.4540295119182747,0.4540295119182747,0.0,0.0,0.0,0.0,0.23-0.37,0.23-0.37,0.24-0.57,0.24-0.57,True,True,0.0,0.0
22039,0.0007162570362412186,5831.0,6.0,20961.0,0.0028885037550548816,0.0007162570362412186,5831,6,Evangeline,Louisiana,0.0028885037550548816,both,0.07162570362412185,0.07162570362412185,0.28885037550548814,0.28885037550548814,0.0,0.0,0.0,0.0,0.06-0.14,0.06-0.14,0.24-0.57,0.24-0.57,True,True,0.0,0.0
22041,0.0011775388223181857,2829.0,5.0,13110.0,0.00295474526651621,0.0011775388223181857,2829,5,Franklin,Louisiana,0.00295474526651621,both,0.11775388223181857,0.11775388223181857,0.295474526651621,0.295474526651621,0.0,0.0,0.0,0.0,0.06-0.14,0.06-0.14,0.24-0.57,0.24-0.57,True,True,0.0,0.0
22043,0.0004830917874396135,1658.0,1.0,15725.0,0.001890359168241966,0.0004830917874396135,1658,1,Grant,Louisiana,0.001890359168241966,both,0.04830917874396135,0.04830917874396135,0.1890359168241966,0.1890359168241966,0.0,0.0,0.0,0.0,0-0.06,0-0.06,0.09-0.24,0.09-0.24,True,True,0.0,0.0
22045,0.00386085254644391,20381.0,74.0,45952.0,0.00028829870210800453,0.00386085254644391,20381,74,Iberia,Louisiana,0.00028829870210800453,both,0.38608525464439103,0.38608525464439103,0.028829870210800454,0.028829870210800454,0.0,0.0,0.0,0.0,0.37-0.70,0.37-0.70,0-0.09,0-0.09,True,True,0.0,0.0
22047,0.005313730806601401,20001.0,120.0,21396.0,0.0068249456143410344,0.005313730806601401,20001,120,Iberville,Louisiana,0.0068249456143410344,both,0.5313730806601401,0.5313730806601401,0.6824945614341035,0.6824945614341035,0.0,0.0,0.0,0.0,0.37-0.70,0.37-0.70,0.57+,0.57+,True,True,0.0,0.0
22049,0.000546448087431694,2129.0,1.0,10772.0,0.0,0.000546448087431694,2129,1,Jackson,Louisiana,0.0,both,0.0546448087431694,0.0546448087431694,0.0,0.0,0.0,0.0,0.0,0.0,0-0.06,0-0.06,-0.12-0,-0.12-0,True,True,0.0,0.0
22051,0.004872786297618252,398208.0,2076.0,306562.0,0.003027268005293204,0.004872786297618252,398208,2076,Jefferson,Louisiana,0.003027268005293204,both,0.4872786297618252,0.4872786297618252,0.3027268005293204,0.3027268005293204,0.0,0.0,0.0,0.0,0.37-0.70,0.37-0.70,0.24-0.57,0.24-0.57,True,True,0.0,0.0
22053,0.0020564304441699714,6308.0,14.0,21465.0,0.0013204225352112676,0.0020564304441699714,6308,14,Jefferson Davis,Louisiana,0.0013204225352112676,both,0.20564304441699713,0.20564304441699713,0.13204225352112675,0.13204225352112675,0.0,0.0,0.0,0.0,0.14-0.23,0.14-0.23,0.09-0.24,0.09-0.24,True,True,0.0,0.0
22055,0.01040544095020839,190434.0,2133.0,164601.0,0.0017594356942648402,0.01040544095020839,190434,2133,Lafayette,Louisiana,0.0017594356942648402,both,1.0405440950208389,1.0405440950208389,0.17594356942648404,0.17594356942648404,0.0,0.0,0.0,0.0,0.70+,0.70+,0.09-0.24,0.09-0.24,True,True,0.0,0.0
22057,0.0019398423376084585,23470.0,43.0,66341.0,0.0007922699367098772,0.0019398423376084585,23470,43,Lafourche,Louisiana,0.0007922699367098772,both,0.19398423376084586,0.19398423376084586,0.07922699367098772,0.07922699367098772,0.0,0.0,0.0,0.0,0.14-0.23,0.14-0.23,0-0.09,0-0.09,True,True,0.0,0.0
22059,0.0,2360.0,0.0,9974.0,0.0,0.0,2360,0,La Salle,Louisiana,0.0,both,0.0,0.0,0.0,0.0,0.0,0.0,0.0,0.0,0-0.06,0-0.06,-0.12-0,-0.12-0,True,True,0.0,0.0
22061,0.0024911315067594067,16379.0,38.0,26298.0,0.0029452976937340437,0.0024911315067594067,16379,38,Lincoln,Louisiana,0.0029452976937340437,both,0.24911315067594067,0.24911315067594067,0.29452976937340436,0.29452976937340436,0.0,0.0,0.0,0.0,0.23-0.37,0.23-0.37,0.24-0.57,0.24-0.57,True,True,0.0,0.0
22063,0.0012661901277851455,31431.0,56.0,94939.0,0.0040427075774852285,0.0012661901277851455,31431,56,Livingston,Louisiana,0.0040427075774852285,both,0.12661901277851453,0.12661901277851453,0.40427075774852284,0.40427075774852284,0.0,0.0,0.0,0.0,0.06-0.14,0.06-0.14,0.24-0.57,0.24-0.57,True,True,0.0,0.0
22065,0.0,2113.0,0.0,6497.0,0.0,0.0,2113,0,Madison,Louisiana,0.0,both,0.0,0.0,0.0,0.0,0.0,0.0,0.0,0.0,0-0.06,0-0.06,-0.12-0,-0.12-0,True,True,0.0,0.0
22067,0.0013370720188902007,3862.0,6.0,17377.0,0.004784688995215311,0.0013370720188902007,3862,6,Morehouse,Louisiana,0.004784688995215311,both,0.13370720188902008,0.13370720188902008,0.4784688995215311,0.4784688995215311,0.0,0.0,0.0,0.0,0.06-0.14,0.06-0.14,0.24-0.57,0.24-0.57,True,True,0.0,0.0
22069,0.0016894386808894845,10956.0,18.0,22411.0,0.0015019525382997897,0.0016894386808894845,10956,18,Natchitoches,Louisiana,0.0015019525382997897,both,0.16894386808894846,0.16894386808894846,0.15019525382997898,0.15019525382997898,0.0,0.0,0.0,0.0,0.14-0.23,0.14-0.23,0.09-0.24,0.09-0.24,True,True,0.0,0.0
22071,0.008202294291794558,430746.0,3927.0,270382.0,0.00552879457264251,0.008202294291794558,430746,3927,Orleans,Louisiana,0.00552879457264251,both,0.8202294291794557,0.8202294291794557,0.552879457264251,0.552879457264251,0.0,0.0,0.0,0.0,0.70+,0.70+,0.24-0.57,0.24-0.57,True,True,0.0,0.0
22073,0.007695332791624275,69192.0,515.0,104662.0,-0.000867818604925151,0.007695332791624275,69192,515,Ouachita,Louisiana,-0.000867818604925151,both,0.7695332791624275,0.7695332791624275,-0.0867818604925151,-0.0867818604925151,0.0,0.0,0.0,0.0,0.70+,0.70+,-0.12-0,-0.12-0,True,True,0.0,0.0
22075,0.004543863584931532,9742.0,43.0,15539.0,-0.0006030949737516615,0.004543863584931532,9742,43,Plaquemines,Louisiana,-0.0006030949737516615,both,0.4543863584931532,0.4543863584931532,-0.06030949737516615,-0.06030949737516615,0.0,0.0,0.0,0.0,0.37-0.70,0.37-0.70,-0.12-0,-0.12-0,True,True,0.0,0.0
22077,0.0017155421930830999,5777.0,15.0,14640.0,0.0039347948285553686,0.0017155421930830999,5777,15,Pointe Coupee,Louisiana,0.0039347948285553686,both,0.17155421930831,0.17155421930831,0.39347948285553686,0.39347948285553686,0.0,0.0,0.0,0.0,0.14-0.23,0.14-0.23,0.24-0.57,0.24-0.57,True,True,0.0,0.0
22079,0.0017555250403615097,68973.0,126.0,86319.0,0.00253754397295493,0.0017555250403615097,68973,126,Rapides,Louisiana,0.00253754397295493,both,0.17555250403615097,0.17555250403615097,0.253754397295493,0.253754397295493,0.0,0.0,0.0,0.0,0.14-0.23,0.14-0.23,0.24-0.57,0.24-0.57,True,True,0.0,0.0
22081,0.0,2932.0,0.0,5092.0,0.0,0.0,2932,0,Red River,Louisiana,0.0,both,0.0,0.0,0.0,0.0,0.0,0.0,0.0,0.0,0-0.06,0-0.06,-0.12-0,-0.12-0,True,True,0.0,0.0
22083,0.0,3713.0,0.0,13493.0,0.0,0.0,3713,0,Richland,Louisiana,0.0,both,0.0,0.0,0.0,0.0,0.0,0.0,0.0,0.0,0-0.06,0-0.06,-0.12-0,-0.12-0,True,True,0.0,0.0
22085,0.0014285714285714286,3380.0,4.0,15114.0,0.0,0.0014285714285714286,3380,4,Sabine,Louisiana,0.0,both,0.14285714285714285,0.14285714285714285,0.0,0.0,0.0,0.0,0.0,0.0,0.14-0.23,0.14-0.23,-0.12-0,-0.12-0,True,True,0.0,0.0
22087,0.0031988964864528174,17826.0,79.0,29124.0,0.008563035382270412,0.0031988964864528174,17826,79,St. Bernard,Louisiana,0.008563035382270412,both,0.31988964864528174,0.31988964864528174,0.8563035382270412,0.8563035382270412,0.0,0.0,0.0,0.0,0.23-0.37,0.23-0.37,0.57+,0.57+,True,True,0.0,0.0
22089,0.002080629456805294,32599.0,81.0,35224.0,0.0029855356599552954,0.002080629456805294,32599,81,St. Charles,Louisiana,0.0029855356599552954,both,0.2080629456805294,0.2080629456805294,0.2985535659955295,0.2985535659955295,0.0,0.0,0.0,0.0,0.14-0.23,0.14-0.23,0.24-0.57,0.24-0.57,True,True,0.0,0.0
22091,0.0006134969325153375,1214.0,1.0,7441.0,0.0,0.0006134969325153375,1214,1,St. Helena,Louisiana,0.0,both,0.06134969325153375,0.06134969325153375,0.0,0.0,0.0,0.0,0.0,0.0,0.06-0.14,0.06-0.14,-0.12-0,-0.12-0,True,True,0.0,0.0
22093,0.004383555618219457,7637.0,36.0,14008.0,0.00497385737429697,0.004383555618219457,7637,36,St. James,Louisiana,0.00497385737429697,both,0.43835556182194574,0.43835556182194574,0.497385737429697,0.497385737429697,0.0,0.0,0.0,0.0,0.37-0.70,0.37-0.70,0.24-0.57,0.24-0.57,True,True,0.0,0.0
22095,0.00253195071366914,20629.0,57.0,27757.0,0.0004815221206329809,0.00253195071366914,20629,57,St. John the Baptist,Louisiana,0.0004815221206329809,both,0.253195071366914,0.253195071366914,0.04815221206329809,0.04815221206329809,0.0,0.0,0.0,0.0,0.23-0.37,0.23-0.37,0-0.09,0-0.09,True,True,0.0,0.0
22097,0.0012357421901985047,23572.0,35.0,53626.0,0.001481018280743584,0.0012357421901985047,23572,35,St. Landry,Louisiana,0.001481018280743584,both,0.12357421901985047,0.12357421901985047,0.1481018280743584,0.1481018280743584,0.0,0.0,0.0,0.0,0.06-0.14,0.06-0.14,0.09-0.24,0.09-0.24,True,True,0.0,0.0
22099,0.0016595503941276874,8591.0,17.0,35192.0,0.001692889412294311,0.0016595503941276874,8591,17,St. Martin,Louisiana,0.001692889412294311,both,0.16595503941276873,0.16595503941276873,0.1692889412294311,0.1692889412294311,0.0,0.0,0.0,0.0,0.14-0.23,0.14-0.23,0.09-0.24,0.09-0.24,True,True,0.0,0.0
22101,0.000435943665963439,15115.0,9.0,33751.0,0.00156128024980484,0.000435943665963439,15115,9,St. Mary,Louisiana,0.00156128024980484,both,0.0435943665963439,0.0435943665963439,0.156128024980484,0.156128024980484,0.0,0.0,0.0,0.0,0-0.06,0-0.06,0.09-0.24,0.09-0.24,True,True,0.0,0.0
22103,0.0019989709440674194,113946.0,222.0,182793.0,-0.0008151793460639913,0.0019989709440674194,113946,222,St. Tammany,Louisiana,-0.0008151793460639913,both,0.19989709440674194,0.19989709440674194,-0.08151793460639914,-0.08151793460639914,0.0,0.0,0.0,0.0,0.14-0.23,0.14-0.23,-0.12-0,-0.12-0,True,True,0.0,0.0
22105,0.00047897370666382847,51207.0,25.0,87535.0,0.0001858189041705663,0.00047897370666382847,51207,25,Tangipahoa,Louisiana,0.0001858189041705663,both,0.047897370666382846,0.047897370666382846,0.01858189041705663,0.01858189041705663,0.0,0.0,0.0,0.0,0-0.06,0-0.06,0-0.09,0-0.09,True,True,0.0,0.0
22107,0.0,423.0,0.0,2947.0,0.0,0.0,423,0,Tensas,Louisiana,0.0,both,0.0,0.0,0.0,0.0,0.0,0.0,0.0,0.0,0-0.06,0-0.06,-0.12-0,-0.12-0,True,True,0.0,0.0
22109,0.002777955596126384,38782.0,146.0,72589.0,0.008039868941378477,0.002777955596126384,38782,146,Terrebonne,Louisiana,0.008039868941378477,both,0.2777955596126384,0.2777955596126384,0.8039868941378477,0.8039868941378477,0.0,0.0,0.0,0.0,0.23-0.37,0.23-0.37,0.57+,0.57+,True,True,0.0,0.0
22111,0.0017673383209267745,3330.0,5.0,14883.0,-0.0007377685339419541,0.0017673383209267745,3330,5,Union,Louisiana,-0.0007377685339419541,both,0.17673383209267746,0.17673383209267746,-0.07377685339419542,-0.07377685339419542,0.0,0.0,0.0,0.0,0.14-0.23,0.14-0.23,-0.12-0,-0.12-0,True,True,0.0,0.0
22113,0.0006382137649080553,10504.0,10.0,38106.0,0.002050380785002929,0.0006382137649080553,10504,10,Vermilion,Louisiana,0.002050380785002929,both,0.06382137649080553,0.06382137649080553,0.2050380785002929,0.2050380785002929,0.0,0.0,0.0,0.0,0.06-0.14,0.06-0.14,0.09-0.24,0.09-0.24,True,True,0.0,0.0
22115,0.002934970693502979,15396.0,42.0,30151.0,-4.8657436961621094e-05,0.002934970693502979,15396,42,Vernon,Louisiana,-4.8657436961621094e-05,both,0.2934970693502979,0.2934970693502979,-0.004865743696162109,-0.004865743696162109,0.0,0.0,0.0,0.0,0.23-0.37,0.23-0.37,-0.12-0,-0.12-0,True,True,0.0,0.0
22117,0.0,7709.0,0.0,31322.0,0.0,0.0,7709,0,Washington,Louisiana,0.0,both,0.0,0.0,0.0,0.0,0.0,0.0,0.0,0.0,0-0.06,0-0.06,-0.12-0,-0.12-0,True,True,0.0,0.0
22119,0.0006609405441197534,13500.0,11.0,25447.0,0.0017469428500124782,0.0006609405441197534,13500,11,Webster,Louisiana,0.0017469428500124782,both,0.06609405441197534,0.06609405441197534,0.1746942850012478,0.1746942850012478,0.0,0.0,0.0,0.0,0.06-0.14,0.06-0.14,0.09-0.24,0.09-0.24,True,True,0.0,0.0
22121,0.0033697557267416828,14890.0,70.0,19426.0,0.006466498099212913,0.0033697557267416828,14890,70,West Baton Rouge,Louisiana,0.006466498099212913,both,0.3369755726741683,0.3369755726741683,0.6466498099212913,0.6466498099212913,0.0,0.0,0.0,0.0,0.23-0.37,0.23-0.37,0.57+,0.57+,True,True,0.0,0.0
22123,0.0,1535.0,0.0,6839.0,0.0,0.0,1535,0,West Carroll,Louisiana,0.0,both,0.0,0.0,0.0,0.0,0.0,0.0,0.0,0.0,0-0.06,0-0.06,-0.12-0,-0.12-0,True,True,0.0,0.0
22125,0.0006376549085565895,3370.0,2.0,11898.0,0.0011862396204033216,0.0006376549085565895,3370,2,West Feliciana,Louisiana,0.0011862396204033216,both,0.06376549085565895,0.06376549085565895,0.11862396204033215,0.11862396204033215,0.0,0.0,0.0,0.0,0.06-0.14,0.06-0.14,0.09-0.24,0.09-0.24,True,True,0.0,0.0
22127,0.006280716606650703,3194.0,21.0,9808.0,0.0011952799528867756,0.006280716606650703,3194,21,Winn,Louisiana,0.0011952799528867756,both,0.6280716606650704,0.6280716606650704,0.11952799528867757,0.11952799528867757,0.0,0.0,0.0,0.0,0.37-0.70,0.37-0.70,0.09-0.24,0.09-0.24,True,True,0.0,0.0
22999,,,,,,0.017147914207612587,89860,3010,"[Louisiana, county not reported]",Louisiana,0.056837614288089026,right_only,,1.7147914207612587,,5.683761428808903,,,,,No data,0.70+,No data,0.57+,False,False,,
23001,0.0040796356601741565,68803.0,299.0,77350.0,0.006256803730138454,0.0040796356601741565,68803,299,Androscoggin,Maine,0.006256803730138454,both,0.4079635660174157,0.4079635660174157,0.6256803730138454,0.6256803730138454,0.0,0.0,0.0,0.0,0.37-0.70,0.37-0.70,0.57+,0.57+,True,True,0.0,0.0
23003,0.0021395557328284347,23779.0,56.0,50230.0,-0.00015889138026542633,0.0021395557328284347,23779,56,Aroostook,Maine,-0.00015889138026542633,both,0.21395557328284348,0.21395557328284348,-0.015889138026542633,-0.015889138026542633,0.0,0.0,0.0,0.0,0.14-0.23,0.14-0.23,-0.12-0,-0.12-0,True,True,0.0,0.0
23005,0.013408002579336404,300113.0,4093.0,222300.0,0.013026244047875226,0.013408002579336404,300113,4093,Cumberland,Maine,0.013026244047875226,both,1.3408002579336404,1.3408002579336404,1.3026244047875226,1.3026244047875226,0.0,0.0,0.0,0.0,0.70+,0.70+,0.57+,0.57+,True,True,0.0,0.0
23007,0.003035045117944602,12375.0,39.0,21486.0,-0.0014620931254514416,0.003035045117944602,12375,39,Franklin,Maine,-0.0014620931254514416,both,0.3035045117944602,0.3035045117944602,-0.14620931254514416,-0.14620931254514416,0.0,0.0,0.0,0.0,0.23-0.37,0.23-0.37,<-0.12,<-0.12,True,True,0.0,0.0
23009,0.007262670709839247,21057.0,154.0,42391.0,0.005422288543671963,0.007262670709839247,21057,154,Hancock,Maine,0.005422288543671963,both,0.7262670709839247,0.7262670709839247,0.5422288543671964,0.5422288543671964,0.0,0.0,0.0,0.0,0.70+,0.70+,0.24-0.57,0.24-0.57,True,True,0.0,0.0
23011,0.025690400418528103,121907.0,4536.0,90019.0,0.047807199448339596,0.025690400418528103,121907,4536,Kennebec,Maine,0.047807199448339596,both,2.5690400418528103,2.5690400418528103,4.78071994483396,4.78071994483396,0.0,0.0,0.0,0.0,0.70+,0.70+,0.57+,0.57+,True,True,0.0,0.0
23013,0.0005535149075341069,20534.0,14.0,31106.0,0.001750703270554163,0.0005535149075341069,20534,14,Knox,Maine,0.001750703270554163,both,0.055351490753410684,0.055351490753410684,0.1750703270554163,0.1750703270554163,0.0,0.0,0.0,0.0,0-0.06,0-0.06,0.09-0.24,0.09-0.24,True,True,0.0,0.0
23015,0.00022598870056497175,10494.0,2.0,27325.0,0.0,0.00022598870056497175,10494,2,Lincoln,Maine,0.0,both,0.022598870056497175,0.022598870056497175,0.0,0.0,0.0,0.0,0.0,0.0,0-0.06,0-0.06,-0.12-0,-0.12-0,True,True,0.0,0.0
23017,0.003276944022308809,15140.0,53.0,44069.0,0.0017630603328345077,0.003276944022308809,15140,53,Oxford,Maine,0.0017630603328345077,both,0.32769440223088087,0.32769440223088087,0.17630603328345076,0.17630603328345076,0.0,0.0,0.0,0.0,0.23-0.37,0.23-0.37,0.09-0.24,0.09-0.24,True,True,0.0,0.0
23019,0.004295250979042336,89995.0,397.0,110023.0,0.010132967114219531,0.004295250979042336,89995,397,Penobscot,Maine,0.010132967114219531,both,0.42952509790423365,0.42952509790423365,1.013296711421953,1.013296711421953,0.0,0.0,0.0,0.0,0.37-0.70,0.37-0.70,0.57+,0.57+,True,True,0.0,0.0
23021,0.0019063033741282774,4276.0,8.0,13075.0,0.0017020742066669809,0.0019063033741282774,4276,8,Piscataquis,Maine,0.0017020742066669809,both,0.19063033741282776,0.19063033741282776,0.17020742066669808,0.17020742066669808,0.0,0.0,0.0,0.0,0.14-0.23,0.14-0.23,0.09-0.24,0.09-0.24,True,True,0.0,0.0
23023,0.0027978104823085112,14322.0,39.0,27860.0,0.0010370968089982863,0.0027978104823085112,14322,39,Sagadahoc,Maine,0.0010370968089982863,both,0.27978104823085115,0.27978104823085115,0.10370968089982863,0.10370968089982863,0.0,0.0,0.0,0.0,0.23-0.37,0.23-0.37,0.09-0.24,0.09-0.24,True,True,0.0,0.0
23025,0.002052935469525475,13533.0,27.0,37813.0,-0.0014373463304765662,0.002052935469525475,13533,27,Somerset,Maine,-0.0014373463304765662,both,0.2052935469525475,0.2052935469525475,-0.14373463304765663,-0.14373463304765663,0.0,0.0,0.0,0.0,0.14-0.23,0.14-0.23,<-0.12,<-0.12,True,True,0.0,0.0
23027,0.009881584483211237,12112.0,149.0,29692.0,0.031613285058125606,0.009881584483211237,12112,149,Waldo,Maine,0.031613285058125606,both,0.9881584483211238,0.9881584483211238,3.161328505812561,3.161328505812561,0.0,0.0,0.0,0.0,0.70+,0.70+,0.57+,0.57+,True,True,0.0,0.0
23029,0.004752170511855834,9828.0,47.0,23012.0,-2.0590797497426134e-05,0.004752170511855834,9828,47,Washington,Maine,-2.0590797497426134e-05,both,0.4752170511855834,0.4752170511855834,-0.0020590797497426136,-0.0020590797497426136,0.0,0.0,0.0,0.0,0.37-0.70,0.37-0.70,-0.12-0,-0.12-0,True,True,0.0,0.0
23031,0.003103604953657582,91235.0,287.0,158210.0,0.0016758543458184369,0.003103604953657582,91235,287,York,Maine,0.0016758543458184369,both,0.3103604953657582,0.3103604953657582,0.1675854345818437,0.1675854345818437,0.0,0.0,0.0,0.0,0.23-0.37,0.23-0.37,0.09-0.24,0.09-0.24,True,True,0.0,0.0
23999,,,,,,0.007867845986447382,5179,54,"[Maine, county not reported]",Maine,-0.015220544072191377,right_only,,0.7867845986447383,,-1.5220544072191378,,,,,No data,0.70+,No data,<-0.12,False,False,,
24001,0.008430545597341925,31039.0,244.0,47914.0,-0.0033272927628151478,0.008430545597341925,31039,244,Allegany,Maryland,-0.0033272927628151478,both,0.8430545597341925,0.8430545597341925,-0.3327292762815148,-0.3327292762815148,0.0,0.0,0.0,0.0,0.70+,0.70+,<-0.12,<-0.12,True,True,0.0,0.0
24003,0.02537632547821389,442660.0,11878.0,409052.0,0.016122539740923952,0.02537632547821389,442660,11878,Anne Arundel,Maryland,0.016122539740923952,both,2.537632547821389,2.537632547821389,1.6122539740923951,1.6122539740923951,0.0,0.0,0.0,0.0,0.70+,0.70+,0.57+,0.57+,True,True,0.0,0.0
24005,0.017992287856658358,514058.0,9511.0,589611.0,-0.0041936394048549715,0.017992287856658358,514058,9511,Baltimore,Maryland,-0.0041936394048549715,both,1.7992287856658358,1.7992287856658358,-0.41936394048549713,-0.41936394048549713,0.0,0.0,0.0,0.0,0.70+,0.70+,<-0.12,<-0.12,True,True,0.0,0.0
24009,0.005137487039226608,21784.0,108.0,64176.0,-0.004324863533290468,0.005137487039226608,21784,108,Calvert,Maryland,-0.004324863533290468,both,0.5137487039226608,0.5137487039226608,-0.43248635332904684,-0.43248635332904684,0.0,0.0,0.0,0.0,0.37-0.70,0.37-0.70,<-0.12,<-0.12,True,True,0.0,0.0
24011,0.003139746194801419,8901.0,28.0,22837.0,0.0020263188841806263,0.003139746194801419,8901,28,Caroline,Maryland,0.0020263188841806263,both,0.3139746194801419,0.3139746194801419,0.20263188841806262,0.20263188841806262,0.0,0.0,0.0,0.0,0.23-0.37,0.23-0.37,0.09-0.24,0.09-0.24,True,True,0.0,0.0
24013,0.0036634531895091854,61556.0,243.0,120559.0,0.0032705029113540875,0.0036634531895091854,61556,243,Carroll,Maryland,0.0032705029113540875,both,0.36634531895091854,0.36634531895091854,0.32705029113540873,0.32705029113540873,0.0,0.0,0.0,0.0,0.23-0.37,0.23-0.37,0.24-0.57,0.24-0.57,True,True,0.0,0.0
24015,0.0022677614418877864,41848.0,114.0,72203.0,0.003686005060816187,0.0022677614418877864,41848,114,Cecil,Maryland,0.003686005060816187,both,0.22677614418877864,0.22677614418877864,0.3686005060816187,0.3686005060816187,0.0,0.0,0.0,0.0,0.14-0.23,0.14-0.23,0.24-0.57,0.24-0.57,True,True,0.0,0.0
24017,0.006967555824268404,79154.0,627.0,112613.0,0.009075502103063144,0.006967555824268404,79154,627,Charles,Maryland,0.009075502103063144,both,0.6967555824268403,0.6967555824268403,0.9075502103063144,0.9075502103063144,0.0,0.0,0.0,0.0,0.37-0.70,0.37-0.70,0.57+,0.57+,True,True,0.0,0.0
24019,0.0075011576738491835,12301.0,107.0,23327.0,0.025191308705454163,0.0075011576738491835,12301,107,Dorchester,Maryland,0.025191308705454163,both,0.7501157673849184,0.7501157673849184,2.5191308705454163,2.5191308705454163,0.0,0.0,0.0,0.0,0.70+,0.70+,0.57+,0.57+,True,True,0.0,0.0
24021,0.01382222306090295,146909.0,2111.0,186771.0,0.01232928487145943,0.01382222306090295,146909,2111,Frederick,Maryland,0.01232928487145943,both,1.382222306090295,1.382222306090295,1.232928487145943,1.232928487145943,0.0,0.0,0.0,0.0,0.70+,0.70+,0.57+,0.57+,True,True,0.0,0.0
24023,0.0017606556531173257,7815.0,15.0,21440.0,-0.001069582570971288,0.0017606556531173257,7815,15,Garrett,Maryland,-0.001069582570971288,both,0.17606556531173256,0.17606556531173256,-0.10695825709712879,-0.10695825709712879,0.0,0.0,0.0,0.0,0.14-0.23,0.14-0.23,-0.12-0,-0.12-0,True,True,0.0,0.0
24025,0.02204327462200725,188944.0,4262.0,182063.0,0.006294008763120529,0.02204327462200725,188944,4262,Harford,Maryland,0.006294008763120529,both,2.204327462200725,2.204327462200725,0.6294008763120529,0.6294008763120529,0.0,0.0,0.0,0.0,0.70+,0.70+,0.57+,0.57+,True,True,0.0,0.0
24027,0.050026754941164917,555403.0,28665.0,225256.0,0.021357874506608844,0.050026754941164917,555403,28665,Howard,Maryland,0.021357874506608844,both,5.002675494116492,5.002675494116492,2.1357874506608843,2.1357874506608843,0.0,0.0,0.0,0.0,0.70+,0.70+,0.57+,0.57+,True,True,0.0,0.0
24029,0.0038807748125317585,12040.0,52.0,13958.0,0.008314108911029319,0.0038807748125317585,12040,52,Kent,Maryland,0.008314108911029319,both,0.38807748125317587,0.38807748125317587,0.8314108911029319,0.8314108911029319,0.0,0.0,0.0,0.0,0.37-0.70,0.37-0.70,0.57+,0.57+,True,True,0.0,0.0
24031,0.03499452991041345,979796.0,36968.0,729862.0,0.019545099818993994,0.03499452991041345,979796,36968,Montgomery,Maryland,0.019545099818993994,both,3.4994529910413448,3.4994529910413448,1.9545099818993994,1.9545099818993994,0.0,0.0,0.0,0.0,0.70+,0.70+,0.57+,0.57+,True,True,0.0,0.0
24033,0.02421960534610632,555371.0,14658.0,656203.0,0.014803819530208203,0.02421960534610632,555371,14658,Prince George's,Maryland,0.014803819530208203,both,2.421960534610632,2.421960534610632,1.4803819530208202,1.4803819530208202,0.0,0.0,0.0,0.0,0.70+,0.70+,0.57+,0.57+,True,True,0.0,0.0
24035,0.0035190154718245195,16980.0,70.0,36066.0,0.0052258358011077945,0.0035190154718245195,16980,70,Queen Anne's,Maryland,0.0052258358011077945,both,0.3519015471824519,0.3519015471824519,0.5225835801107794,0.5225835801107794,0.0,0.0,0.0,0.0,0.23-0.37,0.23-0.37,0.24-0.57,0.24-0.57,True,True,0.0,0.0
24037,0.0181499323581732,77598.0,1489.0,76139.0,0.014421615596170527,0.0181499323581732,77598,1489,St. Mary's,Maryland,0.014421615596170527,both,1.81499323581732,1.81499323581732,1.4421615596170527,1.4421615596170527,0.0,0.0,0.0,0.0,0.70+,0.70+,0.57+,0.57+,True,True,0.0,0.0
24039,0.006169969816262064,6756.0,50.0,16964.0,0.014528270994666638,0.006169969816262064,6756,50,Somerset,Maryland,0.014528270994666638,both,0.6169969816262064,0.6169969816262064,1.4528270994666639,1.4528270994666639,0.0,0.0,0.0,0.0,0.37-0.70,0.37-0.70,0.57+,0.57+,True,True,0.0,0.0
24041,0.002307111200222793,29559.0,78.0,28623.0,-0.003703989545023669,0.002307111200222793,29559,78,Talbot,Maryland,-0.003703989545023669,both,0.23071112002227928,0.23071112002227928,-0.3703989545023669,-0.3703989545023669,0.0,0.0,0.0,0.0,0.23-0.37,0.23-0.37,<-0.12,<-0.12,True,True,0.0,0.0
24043,0.004272220383730165,77107.0,369.0,108258.0,0.007451133837222739,0.004272220383730165,77107,369,Washington,Maryland,0.007451133837222739,both,0.4272220383730165,0.4272220383730165,0.7451133837222739,0.7451133837222739,0.0,0.0,0.0,0.0,0.37-0.70,0.37-0.70,0.57+,0.57+,True,True,0.0,0.0
24045,0.00505916100247879,45903.0,278.0,65721.0,0.011130491790308351,0.00505916100247879,45903,278,Wicomico,Maryland,0.011130491790308351,both,0.505916100247879,0.505916100247879,1.113049179030835,1.113049179030835,0.0,0.0,0.0,0.0,0.37-0.70,0.37-0.70,0.57+,0.57+,True,True,0.0,0.0
24047,0.002761119615673476,20959.0,59.0,40258.0,-0.0004792236276777934,0.002761119615673476,20959,59,Worcester,Maryland,-0.0004792236276777934,both,0.2761119615673476,0.2761119615673476,-0.047922362767779336,-0.047922362767779336,0.0,0.0,0.0,0.0,0.23-0.37,0.23-0.37,-0.12-0,-0.12-0,True,True,0.0,0.0
24510,0.018958076322252694,1084367.0,21772.0,410221.0,0.006969938572399255,0.018958076322252694,1084367,21772,Baltimore City,Maryland,0.006969938572399255,both,1.8958076322252695,1.8958076322252695,0.6969938572399255,0.6969938572399255,0.0,0.0,0.0,0.0,0.70+,0.70+,0.57+,0.57+,True,True,0.0,0.0
24999,,,,,,0.03539346467758363,20833,1009,"[Maryland, county not reported]",Maryland,0.03605116353160116,right_only,,3.539346467758363,,3.6051163531601165,,,,,No data,0.70+,No data,0.57+,False,False,,
25001,0.003290836960787387,103751.0,350.0,180261.0,0.001482075998993128,0.003290836960787387,103751,350,Barnstable,Massachusetts,0.001482075998993128,both,0.32908369607873866,0.32908369607873866,0.14820759989931281,0.14820759989931281,0.0,0.0,0.0,0.0,0.23-0.37,0.23-0.37,0.09-0.24,0.09-0.24,True,True,0.0,0.0
25003,0.004765357631530286,85811.0,393.0,95692.0,-0.00034990854104802703,0.004765357631530286,85811,393,Berkshire,Massachusetts,-0.00034990854104802703,both,0.4765357631530286,0.4765357631530286,-0.0349908541048027,-0.0349908541048027,0.0,0.0,0.0,0.0,0.37-0.70,0.37-0.70,-0.12-0,-0.12-0,True,True,0.0,0.0
25005,0.005535888716310673,317298.0,2091.0,407256.0,0.01080078813745506,0.005535888716310673,317298,2091,Bristol,Massachusetts,0.01080078813745506,both,0.5535888716310673,0.5535888716310673,1.080078813745506,1.080078813745506,0.0,0.0,0.0,0.0,0.37-0.70,0.37-0.70,0.57+,0.57+,True,True,0.0,0.0
25007,0.0006365188010435298,6637.0,4.0,15726.0,-0.0009984639016897081,0.0006365188010435298,6637,4,Dukes,Massachusetts,-0.0009984639016897081,both,0.06365188010435298,0.06365188010435298,-0.09984639016897082,-0.09984639016897082,0.0,0.0,0.0,0.0,0.06-0.14,0.06-0.14,-0.12-0,-0.12-0,True,True,0.0,0.0
25009,0.010272424928666684,583360.0,6308.0,562867.0,0.002807605577575008,0.010272424928666684,583360,6308,Essex,Massachusetts,0.002807605577575008,both,1.0272424928666684,1.0272424928666684,0.2807605577575008,0.2807605577575008,0.0,0.0,0.0,0.0,0.70+,0.70+,0.24-0.57,0.24-0.57,True,True,0.0,0.0
25011,0.002492940247548625,34829.0,95.0,54094.0,0.002242021547258586,0.002492940247548625,34829,95,Franklin,Massachusetts,0.002242021547258586,both,0.2492940247548625,0.2492940247548625,0.22420215472585858,0.22420215472585858,0.0,0.0,0.0,0.0,0.23-0.37,0.23-0.37,0.09-0.24,0.09-0.24,True,True,0.0,0.0
25013,0.00482275130380001,355589.0,1914.0,318443.0,0.0020872843598668724,0.00482275130380001,355589,1914,Hampden,Massachusetts,0.0020872843598668724,both,0.48227513038000097,0.48227513038000097,0.20872843598668725,0.20872843598668725,0.0,0.0,0.0,0.0,0.37-0.70,0.37-0.70,0.09-0.24,0.09-0.24,True,True,0.0,0.0
25015,0.0052580894838552905,87700.0,504.0,99735.0,0.0039839697552196025,0.0052580894838552905,87700,504,Hampshire,Massachusetts,0.0039839697552196025,both,0.525808948385529,0.525808948385529,0.39839697552196024,0.39839697552196024,0.0,0.0,0.0,0.0,0.37-0.70,0.37-0.70,0.24-0.57,0.24-0.57,True,True,0.0,0.0
25017,0.03449368429187835,2308098.0,81877.0,1145170.0,0.0039584579483612145,0.03449368429187835,2308098,81877,Middlesex,Massachusetts,0.0039584579483612145,both,3.4493684291878353,3.4493684291878353,0.3958457948361215,0.3958457948361215,0.0,0.0,0.0,0.0,0.70+,0.70+,0.24-0.57,0.24-0.57,True,True,0.0,0.0
25019,0.0011508208638371016,5130.0,6.0,9942.0,0.00020354150132694568,0.0011508208638371016,5130,6,Nantucket,Massachusetts,0.00020354150132694568,both,0.11508208638371016,0.11508208638371016,0.02035415013269457,0.02035415013269457,0.0,0.0,0.0,0.0,0.06-0.14,0.06-0.14,0-0.09,0-0.09,True,True,0.0,0.0
25021,0.012588694794569033,666621.0,8979.0,509433.0,0.006207581774336069,0.012588694794569033,666621,8979,Norfolk,Massachusetts,0.006207581774336069,both,1.2588694794569033,1.2588694794569033,0.620758177433607,0.620758177433607,0.0,0.0,0.0,0.0,0.70+,0.70+,0.57+,0.57+,True,True,0.0,0.0
25023,0.004426956595423446,290458.0,1466.0,372525.0,0.007255539590312946,0.004426956595423446,290458,1466,Plymouth,Massachusetts,0.007255539590312946,both,0.4426956595423446,0.4426956595423446,0.7255539590312946,0.7255539590312946,0.0,0.0,0.0,0.0,0.37-0.70,0.37-0.70,0.57+,0.57+,True,True,0.0,0.0
25025,0.03998125550036789,1936462.0,84179.0,551133.0,0.01349833070216299,0.03998125550036789,1936462,84179,Suffolk,Massachusetts,0.01349833070216299,both,3.9981255500367894,3.9981255500367894,1.349833070216299,1.349833070216299,0.0,0.0,0.0,0.0,0.70+,0.70+,0.57+,0.57+,True,True,0.0,0.0
25027,0.0076573533002947045,661071.0,5547.0,597824.0,0.005646876229858577,0.0076573533002947045,661071,5547,Worcester,Massachusetts,0.005646876229858577,both,0.7657353300294705,0.7657353300294705,0.5646876229858577,0.5646876229858577,0.0,0.0,0.0,0.0,0.70+,0.70+,0.24-0.57,0.24-0.57,True,True,0.0,0.0
25999,,,,,,0.033246308506736245,209221,8369,"[Massachusetts, county not reported]",Massachusetts,0.03291671672963961,right_only,,3.3246308506736244,,3.291671672963961,,,,,No data,0.70+,No data,0.57+,False,False,,
26001,0.003088803088803089,1734.0,8.0,8440.0,0.019417475728155338,0.003088803088803089,1734,8,Alcona,Michigan,0.019417475728155338,both,0.3088803088803089,0.3088803088803089,1.9417475728155338,1.9417475728155338,0.0,0.0,0.0,0.0,0.23-0.37,0.23-0.37,0.57+,0.57+,True,True,0.0,0.0
26003,0.0,3433.0,0.0,6562.0,0.0,0.0,3433,0,Alger,Michigan,0.0,both,0.0,0.0,0.0,0.0,0.0,0.0,0.0,0.0,0-0.06,0-0.06,-0.12-0,-0.12-0,True,True,0.0,0.0
26005,0.0018646027939134963,41786.0,90.0,82354.0,0.002228500038456821,0.0018646027939134963,41786,90,Allegan,Michigan,0.002228500038456821,both,0.18646027939134963,0.18646027939134963,0.2228500038456821,0.2228500038456821,0.0,0.0,0.0,0.0,0.14-0.23,0.14-0.23,0.09-0.24,0.09-0.24,True,True,0.0,0.0
26007,0.0011860987545978291,12732.0,14.0,21535.0,-0.0010752618541683434,0.0011860987545978291,12732,14,Alpena,Michigan,-0.0010752618541683434,both,0.11860987545978291,0.11860987545978291,-0.10752618541683434,-0.10752618541683434,0.0,0.0,0.0,0.0,0.06-0.14,0.06-0.14,-0.12-0,-0.12-0,True,True,0.0,0.0
26009,0.003160593164210433,4709.0,14.0,18006.0,0.001876172607879925,0.003160593164210433,4709,14,Antrim,Michigan,0.001876172607879925,both,0.31605931642104335,0.31605931642104335,0.18761726078799248,0.18761726078799248,0.0,0.0,0.0,0.0,0.23-0.37,0.23-0.37,0.09-0.24,0.09-0.24,True,True,0.0,0.0
26011,0.000825021965751579,6197.0,5.0,11313.0,0.000207281184535879,0.000825021965751579,6197,5,Arenac,Michigan,0.000207281184535879,both,0.0825021965751579,0.0825021965751579,0.0207281184535879,0.0207281184535879,0.0,0.0,0.0,0.0,0.06-0.14,0.06-0.14,0-0.09,0-0.09,True,True,0.0,0.0
26013,0.0017054382728701237,3782.0,6.0,6254.0,0.0,0.0017054382728701237,3782,6,Baraga,Michigan,0.0,both,0.17054382728701237,0.17054382728701237,0.0,0.0,0.0,0.0,0.0,0.0,0.14-0.23,0.14-0.23,-0.12-0,-0.12-0,True,True,0.0,0.0
26015,0.0026202907756212564,14643.0,45.0,44172.0,0.0019035287638487722,0.0026202907756212564,14643,45,Barry,Michigan,0.0019035287638487722,both,0.2620290775621256,0.2620290775621256,0.19035287638487722,0.19035287638487722,0.0,0.0,0.0,0.0,0.23-0.37,0.23-0.37,0.09-0.24,0.09-0.24,True,True,0.0,0.0
26017,0.0034630318947411775,39675.0,148.0,75152.0,-3.3217592818740593e-06,0.0034630318947411775,39675,148,Bay,Michigan,-3.3217592818740593e-06,both,0.34630318947411776,0.34630318947411776,-0.00033217592818740593,-0.00033217592818740593,0.0,0.0,0.0,0.0,0.23-0.37,0.23-0.37,-0.12-0,-0.12-0,True,True,0.0,0.0
26019,0.0009128636275396618,4145.0,4.0,13789.0,-8.890913486416896e-05,0.0009128636275396618,4145,4,Benzie,Michigan,-8.890913486416896e-05,both,0.09128636275396618,0.09128636275396618,-0.008890913486416897,-0.008890913486416897,0.0,0.0,0.0,0.0,0.06-0.14,0.06-0.14,-0.12-0,-0.12-0,True,True,0.0,0.0
26021,0.0053669902880770295,115462.0,638.0,108050.0,0.0006386339714462555,0.0053669902880770295,115462,638,Berrien,Michigan,0.0006386339714462555,both,0.5366990288077029,0.5366990288077029,0.06386339714462555,0.06386339714462555,0.0,0.0,0.0,0.0,0.37-0.70,0.37-0.70,0-0.09,0-0.09,True,True,0.0,0.0
26023,0.0031582540595620177,24334.0,97.0,30962.0,0.0076907328104032745,0.0031582540595620177,24334,97,Branch,Michigan,0.0076907328104032745,both,0.3158254059562018,0.3158254059562018,0.7690732810403275,0.7690732810403275,0.0,0.0,0.0,0.0,0.23-0.37,0.23-0.37,0.57+,0.57+,True,True,0.0,0.0
26025,0.004891076912432356,106415.0,628.0,91454.0,0.005949665584612772,0.004891076912432356,106415,628,Calhoun,Michigan,0.005949665584612772,both,0.48910769124323555,0.48910769124323555,0.5949665584612772,0.5949665584612772,0.0,0.0,0.0,0.0,0.37-0.70,0.37-0.70,0.57+,0.57+,True,True,0.0,0.0
26027,0.0005738446397506877,14020.0,9.0,36887.0,0.0012484394506866417,0.0005738446397506877,14020,9,Cass,Michigan,0.0012484394506866417,both,0.057384463975068765,0.057384463975068765,0.12484394506866417,0.12484394506866417,0.0,0.0,0.0,0.0,0-0.06,0-0.06,0.09-0.24,0.09-0.24,True,True,0.0,0.0
26029,0.0007815117539693237,14459.0,11.0,19558.0,0.0007294200819246044,0.0007815117539693237,14459,11,Charlevoix,Michigan,0.0007294200819246044,both,0.07815117539693238,0.07815117539693238,0.07294200819246044,0.07294200819246044,0.0,0.0,0.0,0.0,0.06-0.14,0.06-0.14,0-0.09,0-0.09,True,True,0.0,0.0
26031,0.0016855535134608357,7142.0,12.0,19958.0,0.0014275901545506584,0.0016855535134608357,7142,12,Cheboygan,Michigan,0.0014275901545506584,both,0.16855535134608357,0.16855535134608357,0.14275901545506584,0.14275901545506584,0.0,0.0,0.0,0.0,0.14-0.23,0.14-0.23,0.09-0.24,0.09-0.24,True,True,0.0,0.0
26033,0.0013067807507270977,12564.0,17.0,25632.0,-0.0006400949680593038,0.0013067807507270977,12564,17,Chippewa,Michigan,-0.0006400949680593038,both,0.13067807507270976,0.13067807507270976,-0.06400949680593039,-0.06400949680593039,0.0,0.0,0.0,0.0,0.06-0.14,0.06-0.14,-0.12-0,-0.12-0,True,True,0.0,0.0
26035,0.013314493321594945,13847.0,342.0,22771.0,0.05633136094674556,0.013314493321594945,13847,342,Clare,Michigan,0.05633136094674556,both,1.3314493321594945,1.3314493321594945,5.633136094674556,5.633136094674556,0.0,0.0,0.0,0.0,0.70+,0.70+,0.57+,0.57+,True,True,0.0,0.0
26037,0.020549818242152164,59340.0,1527.0,55160.0,0.02535628324258738,0.020549818242152164,59340,1527,Clinton,Michigan,0.02535628324258738,both,2.0549818242152162,2.0549818242152162,2.535628324258738,2.535628324258738,0.0,0.0,0.0,0.0,0.70+,0.70+,0.57+,0.57+,True,True,0.0,0.0
26039,0.00430769527414561,8315.0,31.0,10082.0,0.003009828879308097,0.00430769527414561,8315,31,Crawford,Michigan,0.003009828879308097,both,0.43076952741456104,0.43076952741456104,0.3009828879308097,0.3009828879308097,0.0,0.0,0.0,0.0,0.37-0.70,0.37-0.70,0.24-0.57,0.24-0.57,True,True,0.0,0.0
26041,0.0008200209160327708,18427.0,15.0,27183.0,-0.00029671274912373307,0.0008200209160327708,18427,15,Delta,Michigan,-0.00029671274912373307,both,0.08200209160327708,0.08200209160327708,-0.029671274912373306,-0.029671274912373306,0.0,0.0,0.0,0.0,0.06-0.14,0.06-0.14,-0.12-0,-0.12-0,True,True,0.0,0.0
26043,0.0025356111462590003,17752.0,46.0,19042.0,-0.0020598553732084674,0.0025356111462590003,17752,46,Dickinson,Michigan,-0.0020598553732084674,both,0.25356111462590003,0.25356111462590003,-0.20598553732084673,-0.20598553732084673,0.0,0.0,0.0,0.0,0.23-0.37,0.23-0.37,<-0.12,<-0.12,True,True,0.0,0.0
26045,0.023949072767980174,109353.0,3163.0,77481.0,0.01766214247504825,0.023949072767980174,109353,3163,Eaton,Michigan,0.01766214247504825,both,2.3949072767980173,2.3949072767980173,1.766214247504825,1.766214247504825,0.0,0.0,0.0,0.0,0.70+,0.70+,0.57+,0.57+,True,True,0.0,0.0
26047,0.0007439205049534485,27501.0,22.0,24986.0,0.0023221098026206667,0.0007439205049534485,27501,22,Emmet,Michigan,0.0023221098026206667,both,0.07439205049534485,0.07439205049534485,0.23221098026206666,0.23221098026206666,0.0,0.0,0.0,0.0,0.06-0.14,0.06-0.14,0.09-0.24,0.09-0.24,True,True,0.0,0.0
26049,0.0028721209218588962,181327.0,538.0,280153.0,0.0019649391274691856,0.0028721209218588962,181327,538,Genesee,Michigan,0.0019649391274691856,both,0.2872120921858896,0.2872120921858896,0.19649391274691855,0.19649391274691855,0.0,0.0,0.0,0.0,0.23-0.37,0.23-0.37,0.09-0.24,0.09-0.24,True,True,0.0,0.0
26051,0.00038359192846449763,5319.0,2.0,18968.0,0.0,0.00038359192846449763,5319,2,Gladwin,Michigan,0.0,both,0.038359192846449765,0.038359192846449765,0.0,0.0,0.0,0.0,0.0,0.0,0-0.06,0-0.06,-0.12-0,-0.12-0,True,True,0.0,0.0
26053,0.0014834227850316693,6361.0,9.0,11325.0,-0.0005501313672335712,0.0014834227850316693,6361,9,Gogebic,Michigan,-0.0005501313672335712,both,0.14834227850316692,0.14834227850316692,-0.055013136723357114,-0.055013136723357114,0.0,0.0,0.0,0.0,0.14-0.23,0.14-0.23,-0.12-0,-0.12-0,True,True,0.0,0.0
26055,0.002354617607918175,70605.0,169.0,68969.0,-0.00026485084941451015,0.002354617607918175,70605,169,Grand Traverse,Michigan,-0.00026485084941451015,both,0.2354617607918175,0.2354617607918175,-0.026485084941451013,-0.026485084941451013,0.0,0.0,0.0,0.0,0.23-0.37,0.23-0.37,-0.12-0,-0.12-0,True,True,0.0,0.0
26057,0.004937360635589366,19080.0,96.0,28563.0,0.002516395776990968,0.004937360635589366,19080,96,Gratiot,Michigan,0.002516395776990968,both,0.49373606355893657,0.49373606355893657,0.2516395776990968,0.2516395776990968,0.0,0.0,0.0,0.0,0.37-0.70,0.37-0.70,0.24-0.57,0.24-0.57,True,True,0.0,0.0
26059,0.004732426025921624,19207.0,105.0,31504.0,-0.0014872116008322403,0.004732426025921624,19207,105,Hillsdale,Michigan,-0.0014872116008322403,both,0.4732426025921624,0.4732426025921624,-0.14872116008322403,-0.14872116008322403,0.0,0.0,0.0,0.0,0.37-0.70,0.37-0.70,<-0.12,<-0.12,True,True,0.0,0.0
26061,0.01024116901522274,20134.0,228.0,21681.0,0.02117829845380984,0.01024116901522274,20134,228,Houghton,Michigan,0.02117829845380984,both,1.024116901522274,1.024116901522274,2.117829845380984,2.117829845380984,0.0,0.0,0.0,0.0,0.70+,0.70+,0.57+,0.57+,True,True,0.0,0.0
26063,0.00040708601927992236,9935.0,4.0,23224.0,-0.001321003963011889,0.00040708601927992236,9935,4,Huron,Michigan,-0.001321003963011889,both,0.040708601927992236,0.040708601927992236,-0.13210039630118892,-0.13210039630118892,0.0,0.0,0.0,0.0,0-0.06,0-0.06,<-0.12,<-0.12,True,True,0.0,0.0
26065,0.023450852575811223,305437.0,8691.0,174119.0,0.024955793243550045,0.023450852575811223,305437,8691,Ingham,Michigan,0.024955793243550045,both,2.3450852575811223,2.3450852575811223,2.4955793243550044,2.4955793243550044,0.0,0.0,0.0,0.0,0.70+,0.70+,0.57+,0.57+,True,True,0.0,0.0
26067,0.001545197561982056,18889.0,36.0,46270.0,0.0002200586071748386,0.001545197561982056,18889,36,Ionia,Michigan,0.0002200586071748386,both,0.1545197561982056,0.1545197561982056,0.02200586071748386,0.02200586071748386,0.0,0.0,0.0,0.0,0.14-0.23,0.14-0.23,0-0.09,0-0.09,True,True,0.0,0.0
26069,0.0,9342.0,0.0,19618.0,0.0,0.0,9342,0,Iosco,Michigan,0.0,both,0.0,0.0,0.0,0.0,0.0,0.0,0.0,0.0,0-0.06,0-0.06,-0.12-0,-0.12-0,True,True,0.0,0.0
26071,0.0011473997311645568,4193.0,5.0,8930.0,0.0023014959723820483,0.0011473997311645568,4193,5,Iron,Michigan,0.0023014959723820483,both,0.11473997311645567,0.11473997311645567,0.23014959723820483,0.23014959723820483,0.0,0.0,0.0,0.0,0.06-0.14,0.06-0.14,0.09-0.24,0.09-0.24,True,True,0.0,0.0
26073,0.003962957254562787,31853.0,133.0,36064.0,0.009384896842234727,0.003962957254562787,31853,133,Isabella,Michigan,0.009384896842234727,both,0.3962957254562787,0.3962957254562787,0.9384896842234727,0.9384896842234727,0.0,0.0,0.0,0.0,0.37-0.70,0.37-0.70,0.57+,0.57+,True,True,0.0,0.0
26075,0.004334271231140117,99478.0,425.0,112132.0,0.0031409220892370734,0.004334271231140117,99478,425,Jackson,Michigan,0.0031409220892370734,both,0.4334271231140117,0.4334271231140117,0.31409220892370737,0.31409220892370737,0.0,0.0,0.0,0.0,0.37-0.70,0.37-0.70,0.24-0.57,0.24-0.57,True,True,0.0,0.0
26077,0.0055277184100124424,224073.0,1295.0,164896.0,0.0039347860075109025,0.0055277184100124424,224073,1295,Kalamazoo,Michigan,0.0039347860075109025,both,0.5527718410012442,0.5527718410012442,0.39347860075109026,0.39347860075109026,0.0,0.0,0.0,0.0,0.37-0.70,0.37-0.70,0.24-0.57,0.24-0.57,True,True,0.0,0.0
26079,0.0002304147465437788,4477.0,1.0,12992.0,0.0,0.0002304147465437788,4477,1,Kalkaska,Michigan,0.0,both,0.02304147465437788,0.02304147465437788,0.0,0.0,0.0,0.0,0.0,0.0,0-0.06,0-0.06,-0.12-0,-0.12-0,True,True,0.0,0.0
26081,0.007818406400123701,746665.0,6682.0,438030.0,0.008705017896762559,0.007818406400123701,746665,6682,Kent,Michigan,0.008705017896762559,both,0.7818406400123702,0.7818406400123702,0.8705017896762559,0.8705017896762559,0.0,0.0,0.0,0.0,0.70+,0.70+,0.57+,0.57+,True,True,0.0,0.0
26083,0.0,434.0,0.0,1734.0,0.0,0.0,434,0,Keweenaw,Michigan,0.0,both,0.0,0.0,0.0,0.0,0.0,0.0,0.0,0.0,0-0.06,0-0.06,-0.12-0,-0.12-0,True,True,0.0,0.0
26085,0.0011502966381015162,2500.0,3.0,9642.0,0.0023584905660377358,0.0011502966381015162,2500,3,Lake,Michigan,0.0023584905660377358,both,0.11502966381015162,0.11502966381015162,0.2358490566037736,0.2358490566037736,0.0,0.0,0.0,0.0,0.06-0.14,0.06-0.14,0.09-0.24,0.09-0.24,True,True,0.0,0.0
26087,0.0010920118673735438,28681.0,32.0,63664.0,0.000588235294117647,0.0010920118673735438,28681,32,Lapeer,Michigan,0.000588235294117647,both,0.10920118673735438,0.10920118673735438,0.0588235294117647,0.0588235294117647,0.0,0.0,0.0,0.0,0.06-0.14,0.06-0.14,0-0.09,0-0.09,True,True,0.0,0.0
26089,0.0014475942159143736,3516.0,7.0,17562.0,0.0016181229773462784,0.0014475942159143736,3516,7,Leelanau,Michigan,0.0016181229773462784,both,0.14475942159143737,0.14475942159143737,0.16181229773462785,0.16181229773462785,0.0,0.0,0.0,0.0,0.14-0.23,0.14-0.23,0.09-0.24,0.09-0.24,True,True,0.0,0.0
26091,0.0008896919929707404,49820.0,47.0,69488.0,-0.00018199382858297554,0.0008896919929707404,49820,47,Lenawee,Michigan,-0.00018199382858297554,both,0.08896919929707404,0.08896919929707404,-0.018199382858297555,-0.018199382858297555,0.0,0.0,0.0,0.0,0.06-0.14,0.06-0.14,-0.12-0,-0.12-0,True,True,0.0,0.0
26093,0.002225098396365169,93483.0,215.0,138319.0,0.0005234904509942933,0.002225098396365169,93483,215,Livingston,Michigan,0.0005234904509942933,both,0.2225098396365169,0.2225098396365169,0.05234904509942933,0.05234904509942933,0.0,0.0,0.0,0.0,0.14-0.23,0.14-0.23,0-0.09,0-0.09,True,True,0.0,0.0
26095,0.0006644535861963076,2759.0,3.0,4125.0,-0.0012004159403003333,0.0006644535861963076,2759,3,Luce,Michigan,-0.0012004159403003333,both,0.06644535861963076,0.06644535861963076,-0.12004159403003332,-0.12004159403003332,0.0,0.0,0.0,0.0,0.06-0.14,0.06-0.14,<-0.12,<-0.12,True,True,0.0,0.0
26097,0.0010762516390226161,5137.0,4.0,8510.0,0.0,0.0010762516390226161,5137,4,Mackinac,Michigan,0.0,both,0.10762516390226161,0.10762516390226161,0.0,0.0,0.0,0.0,0.0,0.0,0.06-0.14,0.06-0.14,-0.12-0,-0.12-0,True,True,0.0,0.0
26099,0.011064587060381856,590558.0,7125.0,623718.0,0.006332375004513677,0.011064587060381856,590558,7125,Macomb,Michigan,0.006332375004513677,both,1.1064587060381856,1.1064587060381856,0.6332375004513677,0.6332375004513677,0.0,0.0,0.0,0.0,0.70+,0.70+,0.57+,0.57+,True,True,0.0,0.0
26101,0.0027375523568399546,12252.0,73.0,19067.0,-0.000329156700533234,0.0027375523568399546,12252,73,Manistee,Michigan,-0.000329156700533234,both,0.27375523568399546,0.27375523568399546,-0.0329156700533234,-0.0329156700533234,0.0,0.0,0.0,0.0,0.23-0.37,0.23-0.37,-0.12-0,-0.12-0,True,True,0.0,0.0
26103,0.0012665326736212706,44895.0,53.0,44267.0,0.0005513626868877738,0.0012665326736212706,44895,53,Marquette,Michigan,0.0005513626868877738,both,0.12665326736212706,0.12665326736212706,0.05513626868877738,0.05513626868877738,0.0,0.0,0.0,0.0,0.06-0.14,0.06-0.14,0-0.09,0-0.09,True,True,0.0,0.0
26105,0.0033261282123027173,13324.0,48.0,21299.0,-0.003502429468094704,0.0033261282123027173,13324,48,Mason,Michigan,-0.003502429468094704,both,0.33261282123027175,0.33261282123027175,-0.35024294680947043,-0.35024294680947043,0.0,0.0,0.0,0.0,0.23-0.37,0.23-0.37,<-0.12,<-0.12,True,True,0.0,0.0
26107,0.00498734685448975,15394.0,84.0,26586.0,0.0012176318873003801,0.00498734685448975,15394,84,Mecosta,Michigan,0.0012176318873003801,both,0.498734685448975,0.498734685448975,0.12176318873003801,0.12176318873003801,0.0,0.0,0.0,0.0,0.37-0.70,0.37-0.70,0.09-0.24,0.09-0.24,True,True,0.0,0.0
26109,0.0013958592239565603,8718.0,15.0,17526.0,-0.0018470450263125887,0.0013958592239565603,8718,15,Menominee,Michigan,-0.0018470450263125887,both,0.13958592239565604,0.13958592239565604,-0.18470450263125887,-0.18470450263125887,0.0,0.0,0.0,0.0,0.06-0.14,0.06-0.14,<-0.12,<-0.12,True,True,0.0,0.0
26111,0.009310258633018636,54175.0,565.0,59321.0,0.022459092433659317,0.009310258633018636,54175,565,Midland,Michigan,0.022459092433659317,both,0.9310258633018635,0.9310258633018635,2.2459092433659316,2.2459092433659316,0.0,0.0,0.0,0.0,0.70+,0.70+,0.57+,0.57+,True,True,0.0,0.0
26113,0.0049348170169091566,1733.0,13.0,10645.0,-0.01592356687898089,0.0049348170169091566,1733,13,Missaukee,Michigan,-0.01592356687898089,both,0.49348170169091565,0.49348170169091565,-1.5923566878980893,-1.5923566878980893,0.0,0.0,0.0,0.0,0.37-0.70,0.37-0.70,<-0.12,<-0.12,True,True,0.0,0.0
26115,0.002048970558355417,102014.0,234.0,109932.0,0.003113011861852882,0.002048970558355417,102014,234,Monroe,Michigan,0.003113011861852882,both,0.20489705583554169,0.20489705583554169,0.31130118618528824,0.31130118618528824,0.0,0.0,0.0,0.0,0.14-0.23,0.14-0.23,0.24-0.57,0.24-0.57,True,True,0.0,0.0
26117,0.0019744701243397294,21886.0,44.0,47374.0,-0.0001288051958794837,0.0019744701243397294,21886,44,Montcalm,Michigan,-0.0001288051958794837,both,0.19744701243397295,0.19744701243397295,-0.01288051958794837,-0.01288051958794837,0.0,0.0,0.0,0.0,0.14-0.23,0.14-0.23,-0.12-0,-0.12-0,True,True,0.0,0.0
26119,0.0035954334203683034,4710.0,14.0,7334.0,0.00734751555821627,0.0035954334203683034,4710,14,Montmorency,Michigan,0.00734751555821627,both,0.35954334203683036,0.35954334203683036,0.734751555821627,0.734751555821627,0.0,0.0,0.0,0.0,0.23-0.37,0.23-0.37,0.57+,0.57+,True,True,0.0,0.0
26121,0.0020212649240542936,87015.0,167.0,121491.0,4.717564585493702e-05,0.0020212649240542936,87015,167,Muskegon,Michigan,4.717564585493702e-05,both,0.20212649240542938,0.20212649240542938,0.004717564585493702,0.004717564585493702,0.0,0.0,0.0,0.0,0.14-0.23,0.14-0.23,0-0.09,0-0.09,True,True,0.0,0.0
26123,0.007018501468965363,15793.0,105.0,35223.0,-0.0015466283933637743,0.007018501468965363,15793,105,Newaygo,Michigan,-0.0015466283933637743,both,0.7018501468965364,0.7018501468965364,-0.15466283933637742,-0.15466283933637742,0.0,0.0,0.0,0.0,0.70+,0.70+,<-0.12,<-0.12,True,True,0.0,0.0
26125,0.01456361292526876,1559025.0,23576.0,906930.0,0.004125206679938657,0.01456361292526876,1559025,23576,Oakland,Michigan,0.004125206679938657,both,1.4563612925268759,1.4563612925268759,0.41252066799386566,0.41252066799386566,0.0,0.0,0.0,0.0,0.70+,0.70+,0.24-0.57,0.24-0.57,True,True,0.0,0.0
26127,0.0037001917895580676,22191.0,71.0,18800.0,-0.003934675772384603,0.0037001917895580676,22191,71,Oceana,Michigan,-0.003934675772384603,both,0.37001917895580677,0.37001917895580677,-0.39346757723846026,-0.39346757723846026,0.0,0.0,0.0,0.0,0.37-0.70,0.37-0.70,<-0.12,<-0.12,True,True,0.0,0.0
26129,0.0,9590.0,0.0,15698.0,0.0,0.0,9590,0,Ogemaw,Michigan,0.0,both,0.0,0.0,0.0,0.0,0.0,0.0,0.0,0.0,0-0.06,0-0.06,-0.12-0,-0.12-0,True,True,0.0,0.0
26131,0.0006849315068493151,1553.0,1.0,4866.0,-0.0026246719160104987,0.0006849315068493151,1553,1,Ontonagon,Michigan,-0.0026246719160104987,both,0.0684931506849315,0.0684931506849315,-0.26246719160104987,-0.26246719160104987,0.0,0.0,0.0,0.0,0.06-0.14,0.06-0.14,<-0.12,<-0.12,True,True,0.0,0.0
26133,0.004456927612261061,7362.0,39.0,16242.0,-0.008844373684319982,0.004456927612261061,7362,39,Osceola,Michigan,-0.008844373684319982,both,0.44569276122610607,0.44569276122610607,-0.8844373684319982,-0.8844373684319982,0.0,0.0,0.0,0.0,0.37-0.70,0.37-0.70,<-0.12,<-0.12,True,True,0.0,0.0
26135,0.0004901960784313725,2278.0,1.0,6160.0,0.0,0.0004901960784313725,2278,1,Oscoda,Michigan,0.0,both,0.049019607843137254,0.049019607843137254,0.0,0.0,0.0,0.0,0.0,0.0,0-0.06,0-0.06,-0.12-0,-0.12-0,True,True,0.0,0.0
26137,0.0003076057033446179,17238.0,5.0,18112.0,0.0002671212122180162,0.0003076057033446179,17238,5,Otsego,Michigan,0.0002671212122180162,both,0.030760570334461793,0.030760570334461793,0.02671212122180162,0.02671212122180162,0.0,0.0,0.0,0.0,0-0.06,0-0.06,0-0.09,0-0.09,True,True,0.0,0.0
26139,0.0039816745238207,185026.0,758.0,186701.0,0.0020058014337111575,0.0039816745238207,185026,758,Ottawa,Michigan,0.0020058014337111575,both,0.39816745238206996,0.39816745238206996,0.20058014337111574,0.20058014337111574,0.0,0.0,0.0,0.0,0.37-0.70,0.37-0.70,0.09-0.24,0.09-0.24,True,True,0.0,0.0
26141,0.00040816326530612246,2545.0,1.0,10295.0,0.001890359168241966,0.00040816326530612246,2545,1,Presque Isle,Michigan,0.001890359168241966,both,0.04081632653061225,0.04081632653061225,0.1890359168241966,0.1890359168241966,0.0,0.0,0.0,0.0,0-0.06,0-0.06,0.09-0.24,0.09-0.24,True,True,0.0,0.0
26143,0.0,7925.0,0.0,18908.0,0.0,0.0,7925,0,Roscommon,Michigan,0.0,both,0.0,0.0,0.0,0.0,0.0,0.0,0.0,0.0,0-0.06,0-0.06,-0.12-0,-0.12-0,True,True,0.0,0.0
26145,0.002646691879555304,113797.0,299.0,131068.0,0.00026519291286662304,0.002646691879555304,113797,299,Saginaw,Michigan,0.00026519291286662304,both,0.2646691879555304,0.2646691879555304,0.026519291286662305,0.026519291286662305,0.0,0.0,0.0,0.0,0.23-0.37,0.23-0.37,0-0.09,0-0.09,True,True,0.0,0.0
26147,0.0013554051322619473,64738.0,97.0,114600.0,0.003486894670819418,0.0013554051322619473,64738,97,St. Clair,Michigan,0.003486894670819418,both,0.13554051322619473,0.13554051322619473,0.3486894670819418,0.3486894670819418,0.0,0.0,0.0,0.0,0.06-0.14,0.06-0.14,0.24-0.57,0.24-0.57,True,True,0.0,0.0
26149,0.0017581430648968758,32484.0,62.0,41125.0,0.0021297241425581965,0.0017581430648968758,32484,62,St. Joseph,Michigan,0.0021297241425581965,both,0.17581430648968757,0.17581430648968757,0.21297241425581964,0.21297241425581964,0.0,0.0,0.0,0.0,0.14-0.23,0.14-0.23,0.09-0.24,0.09-0.24,True,True,0.0,0.0
26151,0.001119560215047307,7829.0,9.0,29066.0,0.0004328904648967281,0.001119560215047307,7829,9,Sanilac,Michigan,0.0004328904648967281,both,0.11195602150473069,0.11195602150473069,0.043289046489672814,0.043289046489672814,0.0,0.0,0.0,0.0,0.06-0.14,0.06-0.14,0-0.09,0-0.09,True,True,0.0,0.0
26153,0.0012903225806451613,2923.0,8.0,6193.0,0.0,0.0012903225806451613,2923,8,Schoolcraft,Michigan,0.0,both,0.12903225806451613,0.12903225806451613,0.0,0.0,0.0,0.0,0.0,0.0,0.06-0.14,0.06-0.14,-0.12-0,-0.12-0,True,True,0.0,0.0
26155,0.0011058399810796298,22323.0,29.0,48507.0,0.00091199524351652,0.0011058399810796298,22323,29,Shiawassee,Michigan,0.00091199524351652,both,0.11058399810796299,0.11058399810796299,0.09119952435165199,0.09119952435165199,0.0,0.0,0.0,0.0,0.06-0.14,0.06-0.14,0.09-0.24,0.09-0.24,True,True,0.0,0.0
26157,0.0004766444232602479,9722.0,5.0,38485.0,0.0,0.0004766444232602479,9722,5,Tuscola,Michigan,0.0,both,0.04766444232602479,0.04766444232602479,0.0,0.0,0.0,0.0,0.0,0.0,0-0.06,0-0.06,-0.12-0,-0.12-0,True,True,0.0,0.0
26159,0.0023864586607652153,30122.0,82.0,52266.0,0.0016700165569288824,0.0023864586607652153,30122,82,Van Buren,Michigan,0.0016700165569288824,both,0.23864586607652152,0.23864586607652152,0.16700165569288825,0.16700165569288825,0.0,0.0,0.0,0.0,0.23-0.37,0.23-0.37,0.09-0.24,0.09-0.24,True,True,0.0,0.0
26161,0.022810462658688177,454793.0,10946.0,234408.0,0.004396287836730777,0.022810462658688177,454793,10946,Washtenaw,Michigan,0.004396287836730777,both,2.2810462658688175,2.2810462658688175,0.4396287836730777,0.4396287836730777,0.0,0.0,0.0,0.0,0.70+,0.70+,0.24-0.57,0.24-0.57,True,True,0.0,0.0
26163,0.02187456954881653,1916128.0,45155.0,1205390.0,0.009573585801832214,0.02187456954881653,1916128,45155,Wayne,Michigan,0.009573585801832214,both,2.187456954881653,2.187456954881653,0.9573585801832214,0.9573585801832214,0.0,0.0,0.0,0.0,0.70+,0.70+,0.57+,0.57+,True,True,0.0,0.0
26165,0.0017234036168266628,15921.0,26.0,23571.0,-0.0012190190761619335,0.0017234036168266628,15921,26,Wexford,Michigan,-0.0012190190761619335,both,0.17234036168266628,0.17234036168266628,-0.12190190761619335,-0.12190190761619335,0.0,0.0,0.0,0.0,0.14-0.23,0.14-0.23,<-0.12,<-0.12,True,True,0.0,0.0
26999,,,,,,0.034666548158413676,70409,4082,"[Michigan, county not reported]",Michigan,0.04124200522879333,right_only,,3.4666548158413675,,4.124200522879333,,,,,No data,0.70+,No data,0.57+,False,False,,
27001,0.0024455210668133864,3165.0,9.0,12381.0,0.0028353174603174608,0.0024455210668133864,3165,9,Aitkin,Minnesota,0.0028353174603174608,both,0.24455210668133864,0.24455210668133864,0.2835317460317461,0.2835317460317461,0.0,0.0,0.0,0.0,0.23-0.37,0.23-0.37,0.24-0.57,0.24-0.57,True,True,0.0,0.0
27003,0.018848352048773092,308644.0,6278.0,249064.0,0.0008243737057215678,0.018848352048773092,308644,6278,Anoka,Minnesota,0.0008243737057215678,both,1.8848352048773092,1.8848352048773092,0.08243737057215678,0.08243737057215678,0.0,0.0,0.0,0.0,0.70+,0.70+,0-0.09,0-0.09,True,True,0.0,0.0
27005,0.00098196082986956,16582.0,20.0,24188.0,0.0022263450834879408,0.00098196082986956,16582,20,Becker,Minnesota,0.0022263450834879408,both,0.09819608298695601,0.09819608298695601,0.22263450834879409,0.22263450834879409,0.0,0.0,0.0,0.0,0.06-0.14,0.06-0.14,0.09-0.24,0.09-0.24,True,True,0.0,0.0
27007,0.001467566335868237,24475.0,38.0,28737.0,0.0013357822674903992,0.001467566335868237,24475,38,Beltrami,Minnesota,0.0013357822674903992,both,0.1467566335868237,0.1467566335868237,0.1335782267490399,0.1335782267490399,0.0,0.0,0.0,0.0,0.14-0.23,0.14-0.23,0.09-0.24,0.09-0.24,True,True,0.0,0.0
27009,0.004056608649306112,15669.0,64.0,27275.0,-0.0038362667074159605,0.004056608649306112,15669,64,Benton,Minnesota,-0.0038362667074159605,both,0.4056608649306112,0.4056608649306112,-0.38362667074159607,-0.38362667074159607,0.0,0.0,0.0,0.0,0.37-0.70,0.37-0.70,<-0.12,<-0.12,True,True,0.0,0.0
27011,0.0,1989.0,0.0,3746.0,0.0,0.0,1989,0,Big Stone,Minnesota,0.0,both,0.0,0.0,0.0,0.0,0.0,0.0,0.0,0.0,0-0.06,0-0.06,-0.12-0,-0.12-0,True,True,0.0,0.0
27013,0.0037448026944125372,64866.0,248.0,40559.0,0.005777801659863735,0.0037448026944125372,64866,248,Blue Earth,Minnesota,0.005777801659863735,both,0.37448026944125373,0.37448026944125373,0.5777801659863735,0.5777801659863735,0.0,0.0,0.0,0.0,0.37-0.70,0.37-0.70,0.57+,0.57+,True,True,0.0,0.0
27015,0.0006703597577967795,13469.0,9.0,17713.0,0.0032599837000814994,0.0006703597577967795,13469,9,Brown,Minnesota,0.0032599837000814994,both,0.06703597577967794,0.06703597577967794,0.32599837000814996,0.32599837000814996,0.0,0.0,0.0,0.0,0.06-0.14,0.06-0.14,0.24-0.57,0.24-0.57,True,True,0.0,0.0
27017,0.0024269866299997805,10490.0,29.0,25604.0,0.004032258064516129,0.0024269866299997805,10490,29,Carlton,Minnesota,0.004032258064516129,both,0.24269866299997805,0.24269866299997805,0.4032258064516129,0.4032258064516129,0.0,0.0,0.0,0.0,0.23-0.37,0.23-0.37,0.24-0.57,0.24-0.57,True,True,0.0,0.0
27019,0.007485278503131125,88220.0,681.0,70801.0,0.0016173937479736031,0.007485278503131125,88220,681,Carver,Minnesota,0.0016173937479736031,both,0.7485278503131125,0.7485278503131125,0.1617393747973603,0.1617393747973603,0.0,0.0,0.0,0.0,0.70+,0.70+,0.09-0.24,0.09-0.24,True,True,0.0,0.0
27021,0.0010122049751736804,4514.0,5.0,22211.0,-0.0006797807123552548,0.0010122049751736804,4514,5,Cass,Minnesota,-0.0006797807123552548,both,0.10122049751736803,0.10122049751736803,-0.06797807123552548,-0.06797807123552548,0.0,0.0,0.0,0.0,0.06-0.14,0.06-0.14,-0.12-0,-0.12-0,True,True,0.0,0.0
27023,0.004544225935194357,4293.0,20.0,8611.0,-0.0028539544783733033,0.004544225935194357,4293,20,Chippewa,Minnesota,-0.0028539544783733033,both,0.45442259351943565,0.45442259351943565,-0.28539544783733034,-0.28539544783733034,0.0,0.0,0.0,0.0,0.37-0.70,0.37-0.70,<-0.12,<-0.12,True,True,0.0,0.0
27025,0.003818412576875154,24384.0,97.0,39754.0,0.002215769371631874,0.003818412576875154,24384,97,Chisago,Minnesota,0.002215769371631874,both,0.3818412576875154,0.3818412576875154,0.22157693716318738,0.22157693716318738,0.0,0.0,0.0,0.0,0.37-0.70,0.37-0.70,0.09-0.24,0.09-0.24,True,True,0.0,0.0
27027,0.002064836669168151,29013.0,66.0,39868.0,0.0012056500636715593,0.002064836669168151,29013,66,Clay,Minnesota,0.0012056500636715593,both,0.2064836669168151,0.2064836669168151,0.12056500636715593,0.12056500636715593,0.0,0.0,0.0,0.0,0.14-0.23,0.14-0.23,0.09-0.24,0.09-0.24,True,True,0.0,0.0
27029,0.0,1863.0,0.0,5793.0,0.0,0.0,1863,0,Clearwater,Minnesota,0.0,both,0.0,0.0,0.0,0.0,0.0,0.0,0.0,0.0,0-0.06,0-0.06,-0.12-0,-0.12-0,True,True,0.0,0.0
27031,0.0,1066.0,0.0,4502.0,0.0,0.0,1066,0,Cook,Minnesota,0.0,both,0.0,0.0,0.0,0.0,0.0,0.0,0.0,0.0,0-0.06,0-0.06,-0.12-0,-0.12-0,True,True,0.0,0.0
27033,0.0008206236527076832,6425.0,6.0,7800.0,-0.0016299918500407497,0.0008206236527076832,6425,6,Cottonwood,Minnesota,-0.0016299918500407497,both,0.08206236527076832,0.08206236527076832,-0.16299918500407498,-0.16299918500407498,0.0,0.0,0.0,0.0,0.06-0.14,0.06-0.14,<-0.12,<-0.12,True,True,0.0,0.0
27035,0.0020534984118076,39175.0,85.0,48098.0,0.00027810848528732487,0.0020534984118076,39175,85,Crow Wing,Minnesota,0.00027810848528732487,both,0.20534984118076002,0.20534984118076002,0.027810848528732487,0.027810848528732487,0.0,0.0,0.0,0.0,0.14-0.23,0.14-0.23,0-0.09,0-0.09,True,True,0.0,0.0
27037,0.01179060153559171,513371.0,6264.0,298459.0,0.0001747647063940535,0.01179060153559171,513371,6264,Dakota,Minnesota,0.0001747647063940535,both,1.179060153559171,1.179060153559171,0.01747647063940535,0.01747647063940535,0.0,0.0,0.0,0.0,0.70+,0.70+,0-0.09,0-0.09,True,True,0.0,0.0
27039,0.004291324620777066,10909.0,66.0,13896.0,0.012052049849082121,0.004291324620777066,10909,66,Dodge,Minnesota,0.012052049849082121,both,0.4291324620777066,0.4291324620777066,1.205204984908212,1.205204984908212,0.0,0.0,0.0,0.0,0.37-0.70,0.37-0.70,0.57+,0.57+,True,True,0.0,0.0
27041,0.0016289193759682304,24207.0,45.0,27956.0,0.0035266165148266334,0.0016289193759682304,24207,45,Douglas,Minnesota,0.0035266165148266334,both,0.16289193759682305,0.16289193759682305,0.3526616514826633,0.3526616514826633,0.0,0.0,0.0,0.0,0.14-0.23,0.14-0.23,0.24-0.57,0.24-0.57,True,True,0.0,0.0
27043,0.002322401916155625,4373.0,11.0,9905.0,0.0008253894443152753,0.002322401916155625,4373,11,Faribault,Minnesota,0.0008253894443152753,both,0.23224019161556247,0.23224019161556247,0.08253894443152753,0.08253894443152753,0.0,0.0,0.0,0.0,0.23-0.37,0.23-0.37,0-0.09,0-0.09,True,True,0.0,0.0
27045,0.006483413398785831,6538.0,47.0,14574.0,0.0037823184612867525,0.006483413398785831,6538,47,Fillmore,Minnesota,0.0037823184612867525,both,0.6483413398785831,0.6483413398785831,0.3782318461286753,0.3782318461286753,0.0,0.0,0.0,0.0,0.37-0.70,0.37-0.70,0.24-0.57,0.24-0.57,True,True,0.0,0.0
27047,0.008033576975368786,18329.0,172.0,21959.0,0.015242593387720051,0.008033576975368786,18329,172,Freeborn,Minnesota,0.015242593387720051,both,0.8033576975368786,0.8033576975368786,1.5242593387720051,1.5242593387720051,0.0,0.0,0.0,0.0,0.70+,0.70+,0.57+,0.57+,True,True,0.0,0.0
27049,0.003429377535258958,35466.0,137.0,33717.0,0.001960744074900013,0.003429377535258958,35466,137,Goodhue,Minnesota,0.001960744074900013,both,0.34293775352589584,0.34293775352589584,0.19607440749000132,0.19607440749000132,0.0,0.0,0.0,0.0,0.23-0.37,0.23-0.37,0.09-0.24,0.09-0.24,True,True,0.0,0.0
27051,0.004422811279537509,1666.0,8.0,4339.0,-0.004678187327273333,0.004422811279537509,1666,8,Grant,Minnesota,-0.004678187327273333,both,0.4422811279537509,0.4422811279537509,-0.46781873272733326,-0.46781873272733326,0.0,0.0,0.0,0.0,0.37-0.70,0.37-0.70,<-0.12,<-0.12,True,True,0.0,0.0
27053,0.025256489941443316,2231913.0,60737.0,885895.0,0.0009324977447032097,0.025256489941443316,2231913,60737,Hennepin,Minnesota,0.0009324977447032097,both,2.5256489941443316,2.5256489941443316,0.09324977447032097,0.09324977447032097,0.0,0.0,0.0,0.0,0.70+,0.70+,0.09-0.24,0.09-0.24,True,True,0.0,0.0
27055,0.003479475575055619,5003.0,22.0,13482.0,0.00886890089403496,0.003479475575055619,5003,22,Houston,Minnesota,0.00886890089403496,both,0.3479475575055619,0.3479475575055619,0.886890089403496,0.886890089403496,0.0,0.0,0.0,0.0,0.23-0.37,0.23-0.37,0.57+,0.57+,True,True,0.0,0.0
27057,0.0,6714.0,0.0,15654.0,0.0,0.0,6714,0,Hubbard,Minnesota,0.0,both,0.0,0.0,0.0,0.0,0.0,0.0,0.0,0.0,0-0.06,0-0.06,-0.12-0,-0.12-0,True,True,0.0,0.0
27059,0.0009616786214898686,13314.0,12.0,28725.0,0.0005597176584530086,0.0009616786214898686,13314,12,Isanti,Minnesota,0.0005597176584530086,both,0.09616786214898686,0.09616786214898686,0.055971765845300864,0.055971765845300864,0.0,0.0,0.0,0.0,0.06-0.14,0.06-0.14,0-0.09,0-0.09,True,True,0.0,0.0
27061,0.0025327119023966014,13135.0,35.0,32773.0,0.0014899457536546026,0.0025327119023966014,13135,35,Itasca,Minnesota,0.0014899457536546026,both,0.25327119023966016,0.25327119023966016,0.14899457536546026,0.14899457536546026,0.0,0.0,0.0,0.0,0.23-0.37,0.23-0.37,0.09-0.24,0.09-0.24,True,True,0.0,0.0
27063,0.00697061712576018,5059.0,40.0,7176.0,0.012704174228675136,0.00697061712576018,5059,40,Jackson,Minnesota,0.012704174228675136,both,0.697061712576018,0.697061712576018,1.2704174228675136,1.2704174228675136,0.0,0.0,0.0,0.0,0.37-0.70,0.37-0.70,0.57+,0.57+,True,True,0.0,0.0
27065,0.000713831276243797,2855.0,2.0,11514.0,-0.0018214936247723133,0.000713831276243797,2855,2,Kanabec,Minnesota,-0.0018214936247723133,both,0.0713831276243797,0.0713831276243797,-0.18214936247723132,-0.18214936247723132,0.0,0.0,0.0,0.0,0.06-0.14,0.06-0.14,<-0.12,<-0.12,True,True,0.0,0.0
27067,0.0005035368286752486,19896.0,12.0,29348.0,0.0011196118678857996,0.0005035368286752486,19896,12,Kandiyohi,Minnesota,0.0011196118678857996,both,0.05035368286752486,0.05035368286752486,0.11196118678857997,0.11196118678857997,0.0,0.0,0.0,0.0,0-0.06,0-0.06,0.09-0.24,0.09-0.24,True,True,0.0,0.0
27069,0.0015123070504797665,1430.0,2.0,2981.0,0.0028653295128939827,0.0015123070504797665,1430,2,Kittson,Minnesota,0.0028653295128939827,both,0.15123070504797664,0.15123070504797664,0.28653295128939826,0.28653295128939826,0.0,0.0,0.0,0.0,0.14-0.23,0.14-0.23,0.24-0.57,0.24-0.57,True,True,0.0,0.0
27071,0.0006205784151113812,4443.0,3.0,9123.0,-0.0012135922330097086,0.0006205784151113812,4443,3,Koochiching,Minnesota,-0.0012135922330097086,both,0.06205784151113813,0.06205784151113813,-0.12135922330097086,-0.12135922330097086,0.0,0.0,0.0,0.0,0.06-0.14,0.06-0.14,<-0.12,<-0.12,True,True,0.0,0.0
27073,0.0017875753503921663,6510.0,6.0,4894.0,0.001657659975982158,0.0017875753503921663,6510,6,Lac qui Parle,Minnesota,0.001657659975982158,both,0.17875753503921663,0.17875753503921663,0.1657659975982158,0.1657659975982158,0.0,0.0,0.0,0.0,0.14-0.23,0.14-0.23,0.09-0.24,0.09-0.24,True,True,0.0,0.0
27075,0.0004908923424360384,3319.0,2.0,8206.0,0.0011441647597254005,0.0004908923424360384,3319,2,Lake,Minnesota,0.0011441647597254005,both,0.04908923424360384,0.04908923424360384,0.11441647597254005,0.11441647597254005,0.0,0.0,0.0,0.0,0-0.06,0-0.06,0.09-0.24,0.09-0.24,True,True,0.0,0.0
27077,0.0014563106796116503,2305.0,2.0,2906.0,-0.002638522427440633,0.0014563106796116503,2305,2,Lake of the Woods,Minnesota,-0.002638522427440633,both,0.14563106796116504,0.14563106796116504,-0.2638522427440633,-0.2638522427440633,0.0,0.0,0.0,0.0,0.14-0.23,0.14-0.23,<-0.12,<-0.12,True,True,0.0,0.0
27079,0.0011197199935949385,8327.0,10.0,19934.0,-0.0026504036975241166,0.0011197199935949385,8327,10,Le Sueur,Minnesota,-0.0026504036975241166,both,0.11197199935949384,0.11197199935949384,-0.26504036975241163,-0.26504036975241163,0.0,0.0,0.0,0.0,0.06-0.14,0.06-0.14,<-0.12,<-0.12,True,True,0.0,0.0
27081,0.0,1821.0,0.0,3946.0,0.0,0.0,1821,0,Lincoln,Minnesota,0.0,both,0.0,0.0,0.0,0.0,0.0,0.0,0.0,0.0,0-0.06,0-0.06,-0.12-0,-0.12-0,True,True,0.0,0.0
27083,0.002424530783561129,17319.0,45.0,16191.0,0.000845917439175576,0.002424530783561129,17319,45,Lyon,Minnesota,0.000845917439175576,both,0.2424530783561129,0.2424530783561129,0.0845917439175576,0.0845917439175576,0.0,0.0,0.0,0.0,0.23-0.37,0.23-0.37,0-0.09,0-0.09,True,True,0.0,0.0
27085,0.0016137918252598891,18945.0,30.0,25543.0,0.001199469716238729,0.0016137918252598891,18945,30,McLeod,Minnesota,0.001199469716238729,both,0.1613791825259889,0.1613791825259889,0.1199469716238729,0.1199469716238729,0.0,0.0,0.0,0.0,0.14-0.23,0.14-0.23,0.09-0.24,0.09-0.24,True,True,0.0,0.0
27087,0.0,1325.0,0.0,3239.0,0.0,0.0,1325,0,Mahnomen,Minnesota,0.0,both,0.0,0.0,0.0,0.0,0.0,0.0,0.0,0.0,0-0.06,0-0.06,-0.12-0,-0.12-0,True,True,0.0,0.0
27089,0.006947317249445699,1932.0,11.0,6311.0,-0.013115942028985507,0.006947317249445699,1932,11,Marshall,Minnesota,-0.013115942028985507,both,0.6947317249445699,0.6947317249445699,-1.3115942028985508,-1.3115942028985508,0.0,0.0,0.0,0.0,0.37-0.70,0.37-0.70,<-0.12,<-0.12,True,True,0.0,0.0
27091,0.009783582794118227,10863.0,126.0,14226.0,0.016088476003389134,0.009783582794118227,10863,126,Martin,Minnesota,0.016088476003389134,both,0.9783582794118226,0.9783582794118226,1.6088476003389134,1.6088476003389134,0.0,0.0,0.0,0.0,0.70+,0.70+,0.57+,0.57+,True,True,0.0,0.0
27093,0.0012104626630330846,8214.0,10.0,15925.0,0.0007500219796600406,0.0012104626630330846,8214,10,Meeker,Minnesota,0.0007500219796600406,both,0.12104626630330846,0.12104626630330846,0.07500219796600406,0.07500219796600406,0.0,0.0,0.0,0.0,0.06-0.14,0.06-0.14,0-0.09,0-0.09,True,True,0.0,0.0
27095,0.0014684810895290823,12419.0,22.0,18447.0,0.003218982619210999,0.0014684810895290823,12419,22,Mille Lacs,Minnesota,0.003218982619210999,both,0.14684810895290823,0.14684810895290823,0.3218982619210999,0.3218982619210999,0.0,0.0,0.0,0.0,0.14-0.23,0.14-0.23,0.24-0.57,0.24-0.57,True,True,0.0,0.0
27097,0.0009047762547241924,10804.0,10.0,23694.0,3.287927290635982e-05,0.0009047762547241924,10804,10,Morrison,Minnesota,3.287927290635982e-05,both,0.09047762547241923,0.09047762547241923,0.003287927290635982,0.003287927290635982,0.0,0.0,0.0,0.0,0.06-0.14,0.06-0.14,0-0.09,0-0.09,True,True,0.0,0.0
27099,0.004260732026988347,21555.0,124.0,26677.0,0.008589117399435332,0.004260732026988347,21555,124,Mower,Minnesota,0.008589117399435332,both,0.4260732026988347,0.4260732026988347,0.8589117399435332,0.8589117399435332,0.0,0.0,0.0,0.0,0.37-0.70,0.37-0.70,0.57+,0.57+,True,True,0.0,0.0
27101,0.0026648964899299733,1910.0,5.0,5815.0,0.0027472527472527475,0.0026648964899299733,1910,5,Murray,Minnesota,0.0027472527472527475,both,0.2664896489929973,0.2664896489929973,0.27472527472527475,0.27472527472527475,0.0,0.0,0.0,0.0,0.23-0.37,0.23-0.37,0.24-0.57,0.24-0.57,True,True,0.0,0.0
27103,0.0038806782866270323,16208.0,70.0,22326.0,0.006468093310198573,0.0038806782866270323,16208,70,Nicollet,Minnesota,0.006468093310198573,both,0.38806782866270323,0.38806782866270323,0.6468093310198573,0.6468093310198573,0.0,0.0,0.0,0.0,0.37-0.70,0.37-0.70,0.57+,0.57+,True,True,0.0,0.0
27105,0.0006924109915138279,11497.0,8.0,13986.0,0.0003617445921751636,0.0006924109915138279,11497,8,Nobles,Minnesota,0.0003617445921751636,both,0.0692410991513828,0.0692410991513828,0.03617445921751636,0.03617445921751636,0.0,0.0,0.0,0.0,0.06-0.14,0.06-0.14,0-0.09,0-0.09,True,True,0.0,0.0
27107,0.0011033434650455926,2495.0,4.0,4463.0,0.005509641873278237,0.0011033434650455926,2495,4,Norman,Minnesota,0.005509641873278237,both,0.11033434650455927,0.11033434650455927,0.5509641873278237,0.5509641873278237,0.0,0.0,0.0,0.0,0.06-0.14,0.06-0.14,0.24-0.57,0.24-0.57,True,True,0.0,0.0
27109,0.014216005747311772,183883.0,2891.0,109809.0,0.010298794103823412,0.014216005747311772,183883,2891,Olmsted,Minnesota,0.010298794103823412,both,1.421600574731177,1.421600574731177,1.0298794103823412,1.0298794103823412,0.0,0.0,0.0,0.0,0.70+,0.70+,0.57+,0.57+,True,True,0.0,0.0
27111,0.0011604011873091555,20679.0,28.0,42869.0,0.0021224349472417606,0.0011604011873091555,20679,28,Otter Tail,Minnesota,0.0021224349472417606,both,0.11604011873091555,0.11604011873091555,0.21224349472417606,0.21224349472417606,0.0,0.0,0.0,0.0,0.06-0.14,0.06-0.14,0.09-0.24,0.09-0.24,True,True,0.0,0.0
27113,0.004178301826490259,8165.0,36.0,9696.0,0.004534415245793953,0.004178301826490259,8165,36,Pennington,Minnesota,0.004534415245793953,both,0.4178301826490259,0.4178301826490259,0.4534415245793953,0.4534415245793953,0.0,0.0,0.0,0.0,0.37-0.70,0.37-0.70,0.24-0.57,0.24-0.57,True,True,0.0,0.0
27115,0.010538665735221522,5467.0,61.0,21460.0,0.025742721330956623,0.010538665735221522,5467,61,Pine,Minnesota,0.025742721330956623,both,1.0538665735221522,1.0538665735221522,2.574272133095662,2.574272133095662,0.0,0.0,0.0,0.0,0.70+,0.70+,0.57+,0.57+,True,True,0.0,0.0
27117,0.0006089361694548783,5442.0,5.0,6244.0,0.0,0.0006089361694548783,5442,5,Pipestone,Minnesota,0.0,both,0.06089361694548783,0.06089361694548783,0.0,0.0,0.0,0.0,0.0,0.0,0.06-0.14,0.06-0.14,-0.12-0,-0.12-0,True,True,0.0,0.0
27119,0.000952927408108945,14023.0,13.0,20982.0,0.00039708247439848625,0.000952927408108945,14023,13,Polk,Minnesota,0.00039708247439848625,both,0.09529274081089449,0.09529274081089449,0.039708247439848625,0.039708247439848625,0.0,0.0,0.0,0.0,0.06-0.14,0.06-0.14,0-0.09,0-0.09,True,True,0.0,0.0
27121,0.0011702897410891245,3353.0,5.0,8222.0,0.004054054054054054,0.0011702897410891245,3353,5,Pope,Minnesota,0.004054054054054054,both,0.11702897410891244,0.11702897410891244,0.40540540540540543,0.40540540540540543,0.0,0.0,0.0,0.0,0.06-0.14,0.06-0.14,0.24-0.57,0.24-0.57,True,True,0.0,0.0
27123,0.014231139780160103,460643.0,6888.0,367944.0,-0.004786314841460866,0.014231139780160103,460643,6888,Ramsey,Minnesota,-0.004786314841460866,both,1.4231139780160103,1.4231139780160103,-0.4786314841460866,-0.4786314841460866,0.0,0.0,0.0,0.0,0.70+,0.70+,<-0.12,<-0.12,True,True,0.0,0.0
27125,0.0024390243902439024,612.0,1.0,2734.0,0.0,0.0024390243902439024,612,1,Red Lake,Minnesota,0.0,both,0.24390243902439024,0.24390243902439024,0.0,0.0,0.0,0.0,0.0,0.0,0.23-0.37,0.23-0.37,-0.12-0,-0.12-0,True,True,0.0,0.0
27127,0.003356125181429235,5185.0,18.0,10368.0,0.0009606147934678194,0.003356125181429235,5185,18,Redwood,Minnesota,0.0009606147934678194,both,0.33561251814292353,0.33561251814292353,0.09606147934678194,0.09606147934678194,0.0,0.0,0.0,0.0,0.23-0.37,0.23-0.37,0.09-0.24,0.09-0.24,True,True,0.0,0.0
27129,0.009219531503960602,5125.0,58.0,10268.0,0.014775016789791807,0.009219531503960602,5125,58,Renville,Minnesota,0.014775016789791807,both,0.9219531503960602,0.9219531503960602,1.4775016789791806,1.4775016789791806,0.0,0.0,0.0,0.0,0.70+,0.70+,0.57+,0.57+,True,True,0.0,0.0
27131,0.0017955687205424183,42889.0,69.0,43025.0,-0.0002996731434252143,0.0017955687205424183,42889,69,Rice,Minnesota,-0.0002996731434252143,both,0.1795568720542418,0.1795568720542418,-0.02996731434252143,-0.02996731434252143,0.0,0.0,0.0,0.0,0.14-0.23,0.14-0.23,-0.12-0,-0.12-0,True,True,0.0,0.0
27133,0.007453223728031014,7757.0,55.0,6488.0,-0.01990012322057722,0.007453223728031014,7757,55,Rock,Minnesota,-0.01990012322057722,both,0.7453223728031014,0.7453223728031014,-1.990012322057722,-1.990012322057722,0.0,0.0,0.0,0.0,0.70+,0.70+,<-0.12,<-0.12,True,True,0.0,0.0
27135,0.004523613568878039,6318.0,28.0,10505.0,-0.0017698522660976055,0.004523613568878039,6318,28,Roseau,Minnesota,-0.0017698522660976055,both,0.45236135688780393,0.45236135688780393,-0.17698522660976054,-0.17698522660976054,0.0,0.0,0.0,0.0,0.37-0.70,0.37-0.70,<-0.12,<-0.12,True,True,0.0,0.0
27137,0.006397016790933232,134918.0,987.0,137528.0,0.011462431659668473,0.006397016790933232,134918,987,St. Louis,Minnesota,0.011462431659668473,both,0.6397016790933232,0.6397016790933232,1.1462431659668473,1.1462431659668473,0.0,0.0,0.0,0.0,0.37-0.70,0.37-0.70,0.57+,0.57+,True,True,0.0,0.0
27139,0.0050399476397340074,104811.0,580.0,98511.0,0.005416262357432017,0.0050399476397340074,104811,580,Scott,Minnesota,0.005416262357432017,both,0.5039947639734007,0.5039947639734007,0.5416262357432017,0.5416262357432017,0.0,0.0,0.0,0.0,0.37-0.70,0.37-0.70,0.24-0.57,0.24-0.57,True,True,0.0,0.0
27141,0.0018303512738687884,40014.0,87.0,64190.0,0.0026208836314209967,0.0018303512738687884,40014,87,Sherburne,Minnesota,0.0026208836314209967,both,0.18303512738687883,0.18303512738687883,0.26208836314209966,0.26208836314209966,0.0,0.0,0.0,0.0,0.14-0.23,0.14-0.23,0.24-0.57,0.24-0.57,True,True,0.0,0.0
27143,0.0028423007720448958,6461.0,21.0,10409.0,0.005808892740980978,0.0028423007720448958,6461,21,Sibley,Minnesota,0.005808892740980978,both,0.28423007720448956,0.28423007720448956,0.5808892740980979,0.5808892740980979,0.0,0.0,0.0,0.0,0.23-0.37,0.23-0.37,0.57+,0.57+,True,True,0.0,0.0
27145,0.0029244334955499302,131992.0,418.0,97939.0,0.0025990272828295157,0.0029244334955499302,131992,418,Stearns,Minnesota,0.0025990272828295157,both,0.292443349554993,0.292443349554993,0.2599027282829516,0.2599027282829516,0.0,0.0,0.0,0.0,0.23-0.37,0.23-0.37,0.24-0.57,0.24-0.57,True,True,0.0,0.0
27147,0.0015754610854925466,36665.0,62.0,25211.0,0.0003790929607302442,0.0015754610854925466,36665,62,Steele,Minnesota,0.0003790929607302442,both,0.15754610854925466,0.15754610854925466,0.03790929607302442,0.03790929607302442,0.0,0.0,0.0,0.0,0.14-0.23,0.14-0.23,0-0.09,0-0.09,True,True,0.0,0.0
27149,0.0011593763694549457,4609.0,6.0,5784.0,0.0013679890560875513,0.0011593763694549457,4609,6,Stevens,Minnesota,0.0013679890560875513,both,0.11593763694549457,0.11593763694549457,0.13679890560875513,0.13679890560875513,0.0,0.0,0.0,0.0,0.06-0.14,0.06-0.14,0.09-0.24,0.09-0.24,True,True,0.0,0.0
27151,0.0015824791281360041,3294.0,6.0,6827.0,0.0009328358208955224,0.0015824791281360041,3294,6,Swift,Minnesota,0.0009328358208955224,both,0.1582479128136004,0.1582479128136004,0.09328358208955223,0.09328358208955223,0.0,0.0,0.0,0.0,0.14-0.23,0.14-0.23,0.09-0.24,0.09-0.24,True,True,0.0,0.0
27153,0.0019022593540852536,4716.0,7.0,17552.0,-0.009575923392612859,0.0019022593540852536,4716,7,Todd,Minnesota,-0.009575923392612859,both,0.19022593540852537,0.19022593540852537,-0.957592339261286,-0.957592339261286,0.0,0.0,0.0,0.0,0.14-0.23,0.14-0.23,<-0.12,<-0.12,True,True,0.0,0.0
27155,0.0005617977528089887,963.0,1.0,2341.0,0.0,0.0005617977528089887,963,1,Traverse,Minnesota,0.0,both,0.05617977528089887,0.05617977528089887,0.0,0.0,0.0,0.0,0.0,0.0,0-0.06,0-0.06,-0.12-0,-0.12-0,True,True,0.0,0.0
27157,0.0033905715357473534,10539.0,58.0,15468.0,0.009973345365519432,0.0033905715357473534,10539,58,Wabasha,Minnesota,0.009973345365519432,both,0.3390571535747353,0.3390571535747353,0.9973345365519433,0.9973345365519433,0.0,0.0,0.0,0.0,0.23-0.37,0.23-0.37,0.57+,0.57+,True,True,0.0,0.0
27159,0.0014040844972709344,6632.0,11.0,9372.0,0.00016655704382801642,0.0014040844972709344,6632,11,Wadena,Minnesota,0.00016655704382801642,both,0.14040844972709343,0.14040844972709343,0.01665570438280164,0.01665570438280164,0.0,0.0,0.0,0.0,0.14-0.23,0.14-0.23,0-0.09,0-0.09,True,True,0.0,0.0
27161,0.0049181449944601255,6414.0,31.0,13088.0,0.003397843761046306,0.0049181449944601255,6414,31,Waseca,Minnesota,0.003397843761046306,both,0.4918144994460126,0.4918144994460126,0.3397843761046306,0.3397843761046306,0.0,0.0,0.0,0.0,0.37-0.70,0.37-0.70,0.24-0.57,0.24-0.57,True,True,0.0,0.0
27163,0.007059275135326637,184490.0,1365.0,182135.0,-0.002411926311991759,0.007059275135326637,184490,1365,Washington,Minnesota,-0.002411926311991759,both,0.7059275135326637,0.7059275135326637,-0.2411926311991759,-0.2411926311991759,0.0,0.0,0.0,0.0,0.70+,0.70+,<-0.12,<-0.12,True,True,0.0,0.0
27165,0.0009809097544054152,4154.0,4.0,7565.0,-0.002635046113306983,0.0009809097544054152,4154,4,Watonwan,Minnesota,-0.002635046113306983,both,0.09809097544054152,0.09809097544054152,-0.2635046113306983,-0.2635046113306983,0.0,0.0,0.0,0.0,0.06-0.14,0.06-0.14,<-0.12,<-0.12,True,True,0.0,0.0
27167,0.0006692936883615599,6483.0,4.0,4515.0,-0.0007178750897343862,0.0006692936883615599,6483,4,Wilkin,Minnesota,-0.0007178750897343862,both,0.06692936883615598,0.06692936883615598,-0.07178750897343862,-0.07178750897343862,0.0,0.0,0.0,0.0,0.06-0.14,0.06-0.14,-0.12-0,-0.12-0,True,True,0.0,0.0
27169,0.005541395152482327,34056.0,187.0,31020.0,-0.0018649073759054082,0.005541395152482327,34056,187,Winona,Minnesota,-0.0018649073759054082,both,0.5541395152482327,0.5541395152482327,-0.18649073759054083,-0.18649073759054083,0.0,0.0,0.0,0.0,0.37-0.70,0.37-0.70,<-0.12,<-0.12,True,True,0.0,0.0
27171,0.0016658952879791168,68073.0,130.0,92801.0,0.0009085072254931436,0.0016658952879791168,68073,130,Wright,Minnesota,0.0009085072254931436,both,0.16658952879791167,0.16658952879791167,0.09085072254931437,0.09085072254931437,0.0,0.0,0.0,0.0,0.14-0.23,0.14-0.23,0.09-0.24,0.09-0.24,True,True,0.0,0.0
27173,0.0,3890.0,0.0,6612.0,0.0,0.0,3890,0,Yellow Medicine,Minnesota,0.0,both,0.0,0.0,0.0,0.0,0.0,0.0,0.0,0.0,0-0.06,0-0.06,-0.12-0,-0.12-0,True,True,0.0,0.0
27999,,,,,,0.019170000777822816,228584,5010,"[Minnesota, county not reported]",Minnesota,0.022672278451481082,right_only,,1.9170000777822815,,2.267227845148108,,,,,No data,0.70+,No data,0.57+,False,False,,
28001,0.0006397419289671245,10420.0,6.0,20302.0,0.0,0.0006397419289671245,10420,6,Adams,Mississippi,0.0,both,0.06397419289671244,0.06397419289671244,0.0,0.0,0.0,0.0,0.0,0.0,0.06-0.14,0.06-0.14,-0.12-0,-0.12-0,True,True,0.0,0.0
28003,0.0010794229123951642,10797.0,12.0,24069.0,0.0008185846083507266,0.0010794229123951642,10797,12,Alcorn,Mississippi,0.0008185846083507266,both,0.10794229123951642,0.10794229123951642,0.08185846083507266,0.08185846083507266,0.0,0.0,0.0,0.0,0.06-0.14,0.06-0.14,0-0.09,0-0.09,True,True,0.0,0.0
28005,0.00125,867.0,1.0,9134.0,-0.005128205128205128,0.00125,867,1,Amite,Mississippi,-0.005128205128205128,both,0.125,0.125,-0.5128205128205128,-0.5128205128205128,0.0,0.0,0.0,0.0,0.06-0.14,0.06-0.14,<-0.12,<-0.12,True,True,0.0,0.0
28007,0.00033783783783783786,3088.0,1.0,11712.0,0.0,0.00033783783783783786,3088,1,Attala,Mississippi,0.0,both,0.033783783783783786,0.033783783783783786,0.0,0.0,0.0,0.0,0.0,0.0,0-0.06,0-0.06,-0.12-0,-0.12-0,True,True,0.0,0.0
28009,0.006103941929630003,841.0,5.0,5418.0,0.010023310023310025,0.006103941929630003,841,5,Benton,Mississippi,0.010023310023310025,both,0.6103941929630003,0.6103941929630003,1.0023310023310024,1.0023310023310024,0.0,0.0,0.0,0.0,0.37-0.70,0.37-0.70,0.57+,0.57+,True,True,0.0,0.0
28011,0.001709776552565995,12677.0,21.0,20052.0,-0.001397041711283961,0.001709776552565995,12677,21,Bolivar,Mississippi,-0.001397041711283961,both,0.1709776552565995,0.1709776552565995,-0.13970417112839612,-0.13970417112839612,0.0,0.0,0.0,0.0,0.14-0.23,0.14-0.23,<-0.12,<-0.12,True,True,0.0,0.0
28013,0.003947357867967611,5797.0,48.0,9191.0,-0.011267605633802818,0.003947357867967611,5797,48,Calhoun,Mississippi,-0.011267605633802818,both,0.39473578679676113,0.39473578679676113,-1.1267605633802817,-1.1267605633802817,0.0,0.0,0.0,0.0,0.37-0.70,0.37-0.70,<-0.12,<-0.12,True,True,0.0,0.0
28015,0.0010638297872340426,769.0,1.0,7391.0,0.0,0.0010638297872340426,769,1,Carroll,Mississippi,0.0,both,0.10638297872340426,0.10638297872340426,0.0,0.0,0.0,0.0,0.0,0.0,0.06-0.14,0.06-0.14,-0.12-0,-0.12-0,True,True,0.0,0.0
28017,0.0009887005649717514,2485.0,2.0,11468.0,-0.001692047377326565,0.0009887005649717514,2485,2,Chickasaw,Mississippi,-0.001692047377326565,both,0.09887005649717513,0.09887005649717513,-0.1692047377326565,-0.1692047377326565,0.0,0.0,0.0,0.0,0.06-0.14,0.06-0.14,<-0.12,<-0.12,True,True,0.0,0.0
28019,0.03212869477817355,699.0,24.0,5759.0,-0.06172839506172839,0.03212869477817355,699,24,Choctaw,Mississippi,-0.06172839506172839,both,3.2128694778173554,3.2128694778173554,-6.172839506172839,-6.172839506172839,0.0,0.0,0.0,0.0,0.70+,0.70+,<-0.12,<-0.12,True,True,0.0,0.0
28021,0.0,2534.0,0.0,5119.0,0.0,0.0,2534,0,Claiborne,Mississippi,0.0,both,0.0,0.0,0.0,0.0,0.0,0.0,0.0,0.0,0-0.06,0-0.06,-0.12-0,-0.12-0,True,True,0.0,0.0
28023,0.002197388135180633,1727.0,3.0,10758.0,0.0019880715705765406,0.002197388135180633,1727,3,Clarke,Mississippi,0.0019880715705765406,both,0.2197388135180633,0.2197388135180633,0.19880715705765406,0.19880715705765406,0.0,0.0,0.0,0.0,0.14-0.23,0.14-0.23,0.09-0.24,0.09-0.24,True,True,0.0,0.0
28025,0.0,3868.0,0.0,12731.0,0.0,0.0,3868,0,Clay,Mississippi,0.0,both,0.0,0.0,0.0,0.0,0.0,0.0,0.0,0.0,0-0.06,0-0.06,-0.12-0,-0.12-0,True,True,0.0,0.0
28027,0.0014569605018097621,6549.0,9.0,13433.0,-0.0012218611208556999,0.0014569605018097621,6549,9,Coahoma,Mississippi,-0.0012218611208556999,both,0.1456960501809762,0.1456960501809762,-0.12218611208556998,-0.12218611208556998,0.0,0.0,0.0,0.0,0.14-0.23,0.14-0.23,<-0.12,<-0.12,True,True,0.0,0.0
28029,0.0002790060468631897,6728.0,3.0,18528.0,0.0008908685968819599,0.0002790060468631897,6728,3,Copiah,Mississippi,0.0008908685968819599,both,0.02790060468631897,0.02790060468631897,0.08908685968819599,0.08908685968819599,0.0,0.0,0.0,0.0,0-0.06,0-0.06,0-0.09,0-0.09,True,True,0.0,0.0
28031,0.004679127488567471,2352.0,10.0,12184.0,0.001216275984077842,0.004679127488567471,2352,10,Covington,Mississippi,0.001216275984077842,both,0.4679127488567471,0.4679127488567471,0.1216275984077842,0.1216275984077842,0.0,0.0,0.0,0.0,0.37-0.70,0.37-0.70,0.09-0.24,0.09-0.24,True,True,0.0,0.0
28033,0.0026086616329429337,152101.0,527.0,122411.0,0.005641414789840005,0.0026086616329429337,152101,527,DeSoto,Mississippi,0.005641414789840005,both,0.26086616329429335,0.26086616329429335,0.5641414789840005,0.5641414789840005,0.0,0.0,0.0,0.0,0.23-0.37,0.23-0.37,0.24-0.57,0.24-0.57,True,True,0.0,0.0
28035,0.0032642081243856058,63944.0,192.0,47240.0,0.003897551703387471,0.0032642081243856058,63944,192,Forrest,Mississippi,0.003897551703387471,both,0.3264208124385606,0.3264208124385606,0.3897551703387471,0.3897551703387471,0.0,0.0,0.0,0.0,0.23-0.37,0.23-0.37,0.24-0.57,0.24-0.57,True,True,0.0,0.0
28037,0.0013698630136986301,803.0,1.0,5254.0,0.007462686567164179,0.0013698630136986301,803,1,Franklin,Mississippi,0.007462686567164179,both,0.136986301369863,0.136986301369863,0.7462686567164178,0.7462686567164178,0.0,0.0,0.0,0.0,0.06-0.14,0.06-0.14,0.57+,0.57+,True,True,0.0,0.0
28039,0.0003838771593090211,3351.0,2.0,16155.0,0.0016012810248198558,0.0003838771593090211,3351,2,George,Mississippi,0.0016012810248198558,both,0.03838771593090211,0.03838771593090211,0.16012810248198558,0.16012810248198558,0.0,0.0,0.0,0.0,0-0.06,0-0.06,0.09-0.24,0.09-0.24,True,True,0.0,0.0
28041,0.0008264462809917355,1105.0,1.0,10020.0,0.004149377593360996,0.0008264462809917355,1105,1,Greene,Mississippi,0.004149377593360996,both,0.08264462809917356,0.08264462809917356,0.4149377593360996,0.4149377593360996,0.0,0.0,0.0,0.0,0.06-0.14,0.06-0.14,0.24-0.57,0.24-0.57,True,True,0.0,0.0
28043,0.0008512892514409412,11299.0,8.0,14635.0,0.0009560229445506692,0.0008512892514409412,11299,8,Grenada,Mississippi,0.0009560229445506692,both,0.08512892514409412,0.08512892514409412,0.09560229445506692,0.09560229445506692,0.0,0.0,0.0,0.0,0.06-0.14,0.06-0.14,0.09-0.24,0.09-0.24,True,True,0.0,0.0
28045,0.025196807536513342,21143.0,530.0,33638.0,0.011747256384793625,0.025196807536513342,21143,530,Hancock,Mississippi,0.011747256384793625,both,2.5196807536513344,2.5196807536513344,1.1747256384793625,1.1747256384793625,0.0,0.0,0.0,0.0,0.70+,0.70+,0.57+,0.57+,True,True,0.0,0.0
28047,0.0023142271761115844,99482.0,223.0,140048.0,0.003142191400936029,0.0023142271761115844,99482,223,Harrison,Mississippi,0.003142191400936029,both,0.23142271761115843,0.23142271761115843,0.3142191400936029,0.3142191400936029,0.0,0.0,0.0,0.0,0.23-0.37,0.23-0.37,0.24-0.57,0.24-0.57,True,True,0.0,0.0
28049,0.009701908153417569,224760.0,2522.0,147715.0,0.0028451841029692847,0.009701908153417569,224760,2522,Hinds,Mississippi,0.0028451841029692847,both,0.9701908153417569,0.9701908153417569,0.2845184102969285,0.2845184102969285,0.0,0.0,0.0,0.0,0.70+,0.70+,0.24-0.57,0.24-0.57,True,True,0.0,0.0
28051,0.002242317032698118,5549.0,14.0,10747.0,0.00784313725490196,0.002242317032698118,5549,14,Holmes,Mississippi,0.00784313725490196,both,0.2242317032698118,0.2242317032698118,0.7843137254901961,0.7843137254901961,0.0,0.0,0.0,0.0,0.14-0.23,0.14-0.23,0.57+,0.57+,True,True,0.0,0.0
28053,0.003125,789.0,3.0,5085.0,0.0,0.003125,789,3,Humphreys,Mississippi,0.0,both,0.3125,0.3125,0.0,0.0,0.0,0.0,0.0,0.0,0.23-0.37,0.23-0.37,-0.12-0,-0.12-0,True,True,0.0,0.0
28055,0.0,225.0,0.0,1046.0,0.0,0.0,225,0,Issaquena,Mississippi,0.0,both,0.0,0.0,0.0,0.0,0.0,0.0,0.0,0.0,0-0.06,0-0.06,-0.12-0,-0.12-0,True,True,0.0,0.0
28057,0.0,2969.0,0.0,15997.0,0.0,0.0,2969,0,Itawamba,Mississippi,0.0,both,0.0,0.0,0.0,0.0,0.0,0.0,0.0,0.0,0-0.06,0-0.06,-0.12-0,-0.12-0,True,True,0.0,0.0
28059,0.0017300610090933276,45850.0,95.0,98824.0,0.002036385309644094,0.0017300610090933276,45850,95,Jackson,Mississippi,0.002036385309644094,both,0.17300610090933277,0.17300610090933277,0.20363853096440943,0.20363853096440943,0.0,0.0,0.0,0.0,0.14-0.23,0.14-0.23,0.09-0.24,0.09-0.24,True,True,0.0,0.0
28061,0.003590481105685476,1868.0,9.0,11321.0,0.003795066413662239,0.003590481105685476,1868,9,Jasper,Mississippi,0.003795066413662239,both,0.3590481105685476,0.3590481105685476,0.3795066413662239,0.3795066413662239,0.0,0.0,0.0,0.0,0.23-0.37,0.23-0.37,0.24-0.57,0.24-0.57,True,True,0.0,0.0
28063,0.0063910380399742105,661.0,4.0,4926.0,0.02040816326530612,0.0063910380399742105,661,4,Jefferson,Mississippi,0.02040816326530612,both,0.6391038039974211,0.6391038039974211,2.0408163265306123,2.0408163265306123,0.0,0.0,0.0,0.0,0.37-0.70,0.37-0.70,0.57+,0.57+,True,True,0.0,0.0
28065,0.002433692800932673,959.0,2.0,8072.0,0.0,0.002433692800932673,959,2,Jefferson Davis,Mississippi,0.0,both,0.2433692800932673,0.2433692800932673,0.0,0.0,0.0,0.0,0.0,0.0,0.23-0.37,0.23-0.37,-0.12-0,-0.12-0,True,True,0.0,0.0
28067,0.0007671586670489002,15138.0,12.0,44140.0,0.0016420361247947454,0.0007671586670489002,15138,12,Jones,Mississippi,0.0016420361247947454,both,0.07671586670489002,0.07671586670489002,0.16420361247947454,0.16420361247947454,0.0,0.0,0.0,0.0,0.06-0.14,0.06-0.14,0.09-0.24,0.09-0.24,True,True,0.0,0.0
28069,0.003502051983584131,968.0,2.0,5930.0,0.005025125628140704,0.003502051983584131,968,2,Kemper,Mississippi,0.005025125628140704,both,0.35020519835841313,0.35020519835841313,0.5025125628140703,0.5025125628140703,0.0,0.0,0.0,0.0,0.23-0.37,0.23-0.37,0.24-0.57,0.24-0.57,True,True,0.0,0.0
28071,0.005641080573294042,25440.0,146.0,32280.0,-0.0027011477991870153,0.005641080573294042,25440,146,Lafayette,Mississippi,-0.0027011477991870153,both,0.5641080573294042,0.5641080573294042,-0.27011477991870153,-0.27011477991870153,0.0,0.0,0.0,0.0,0.37-0.70,0.37-0.70,<-0.12,<-0.12,True,True,0.0,0.0
28073,0.0016795865633074934,2545.0,5.0,43319.0,0.0017921146953405018,0.0016795865633074934,2545,5,Lamar,Mississippi,0.0017921146953405018,both,0.16795865633074933,0.16795865633074933,0.17921146953405018,0.17921146953405018,0.0,0.0,0.0,0.0,0.14-0.23,0.14-0.23,0.09-0.24,0.09-0.24,True,True,0.0,0.0
28075,0.003179228721256452,35509.0,112.0,49448.0,0.0005467011566794742,0.003179228721256452,35509,112,Lauderdale,Mississippi,0.0005467011566794742,both,0.3179228721256452,0.3179228721256452,0.054670115667947425,0.054670115667947425,0.0,0.0,0.0,0.0,0.23-0.37,0.23-0.37,0-0.09,0-0.09,True,True,0.0,0.0
28077,0.0036336547932304735,1646.0,7.0,8086.0,0.00644563178162748,0.0036336547932304735,1646,7,Lawrence,Mississippi,0.00644563178162748,both,0.36336547932304736,0.36336547932304736,0.644563178162748,0.644563178162748,0.0,0.0,0.0,0.0,0.23-0.37,0.23-0.37,0.57+,0.57+,True,True,0.0,0.0
28079,0.0017505470459518598,3979.0,8.0,14465.0,0.0,0.0017505470459518598,3979,8,Leake,Mississippi,0.0,both,0.175054704595186,0.175054704595186,0.0,0.0,0.0,0.0,0.0,0.0,0.14-0.23,0.14-0.23,-0.12-0,-0.12-0,True,True,0.0,0.0
28081,0.0029611549756506155,45975.0,137.0,55410.0,-0.0011189933542808182,0.0029611549756506155,45975,137,Lee,Mississippi,-0.0011189933542808182,both,0.29611549756506156,0.29611549756506156,-0.11189933542808182,-0.11189933542808182,0.0,0.0,0.0,0.0,0.23-0.37,0.23-0.37,-0.12-0,-0.12-0,True,True,0.0,0.0
28083,0.002098382738430157,8171.0,15.0,17405.0,0.0035149384885764497,0.002098382738430157,8171,15,Leflore,Mississippi,0.0035149384885764497,both,0.2098382738430157,0.2098382738430157,0.35149384885764495,0.35149384885764495,0.0,0.0,0.0,0.0,0.14-0.23,0.14-0.23,0.24-0.57,0.24-0.57,True,True,0.0,0.0
28085,0.0020297971998955405,8295.0,15.0,23899.0,0.005268567867361102,0.0020297971998955405,8295,15,Lincoln,Mississippi,0.005268567867361102,both,0.20297971998955405,0.20297971998955405,0.5268567867361102,0.5268567867361102,0.0,0.0,0.0,0.0,0.14-0.23,0.14-0.23,0.24-0.57,0.24-0.57,True,True,0.0,0.0
28087,0.003941855727692772,25944.0,98.0,38896.0,-0.0005787593802927403,0.003941855727692772,25944,98,Lowndes,Mississippi,-0.0005787593802927403,both,0.3941855727692772,0.3941855727692772,-0.05787593802927403,-0.05787593802927403,0.0,0.0,0.0,0.0,0.37-0.70,0.37-0.70,-0.12-0,-0.12-0,True,True,0.0,0.0
28089,0.0065158429639992615,65206.0,531.0,73232.0,0.009710047672630756,0.0065158429639992615,65206,531,Madison,Mississippi,0.009710047672630756,both,0.6515842963999261,0.6515842963999261,0.9710047672630756,0.9710047672630756,0.0,0.0,0.0,0.0,0.37-0.70,0.37-0.70,0.57+,0.57+,True,True,0.0,0.0
28091,0.0003058103975535168,3633.0,1.0,16676.0,0.0,0.0003058103975535168,3633,1,Marion,Mississippi,0.0,both,0.03058103975535168,0.03058103975535168,0.0,0.0,0.0,0.0,0.0,0.0,0-0.06,0-0.06,-0.12-0,-0.12-0,True,True,0.0,0.0
28093,0.0029028753817490587,17311.0,46.0,23704.0,-0.002481572192500352,0.0029028753817490587,17311,46,Marshall,Mississippi,-0.002481572192500352,both,0.2902875381749059,0.2902875381749059,-0.2481572192500352,-0.2481572192500352,0.0,0.0,0.0,0.0,0.23-0.37,0.23-0.37,<-0.12,<-0.12,True,True,0.0,0.0
28095,0.0016679603075198397,6576.0,11.0,23671.0,0.0029218407596785976,0.0016679603075198397,6576,11,Monroe,Mississippi,0.0029218407596785976,both,0.16679603075198396,0.16679603075198396,0.2921840759678598,0.2921840759678598,0.0,0.0,0.0,0.0,0.14-0.23,0.14-0.23,0.24-0.57,0.24-0.57,True,True,0.0,0.0
28097,0.0009090909090909091,2586.0,2.0,6714.0,0.0,0.0009090909090909091,2586,2,Montgomery,Mississippi,0.0,both,0.09090909090909091,0.09090909090909091,0.0,0.0,0.0,0.0,0.0,0.0,0.06-0.14,0.06-0.14,-0.12-0,-0.12-0,True,True,0.0,0.0
28099,0.0021320400195946557,6303.0,14.0,18167.0,0.0005810575246949448,0.0021320400195946557,6303,14,Neshoba,Mississippi,0.0005810575246949448,both,0.21320400195946557,0.21320400195946557,0.058105752469494475,0.058105752469494475,0.0,0.0,0.0,0.0,0.14-0.23,0.14-0.23,0-0.09,0-0.09,True,True,0.0,0.0
28101,0.0051825495049504944,2138.0,13.0,13646.0,0.0,0.0051825495049504944,2138,13,Newton,Mississippi,0.0,both,0.5182549504950494,0.5182549504950494,0.0,0.0,0.0,0.0,0.0,0.0,0.37-0.70,0.37-0.70,-0.12-0,-0.12-0,True,True,0.0,0.0
28103,0.0,854.0,0.0,6679.0,0.0,0.0,854,0,Noxubee,Mississippi,0.0,both,0.0,0.0,0.0,0.0,0.0,0.0,0.0,0.0,0-0.06,0-0.06,-0.12-0,-0.12-0,True,True,0.0,0.0
28105,0.0031599977089006768,12018.0,39.0,26082.0,-0.005607364893806914,0.0031599977089006768,12018,39,Oktibbeha,Mississippi,-0.005607364893806914,both,0.3159997708900677,0.3159997708900677,-0.5607364893806914,-0.5607364893806914,0.0,0.0,0.0,0.0,0.23-0.37,0.23-0.37,<-0.12,<-0.12,True,True,0.0,0.0
28107,0.0017805502285918613,12182.0,23.0,22135.0,0.0016502492121010179,0.0017805502285918613,12182,23,Panola,Mississippi,0.0016502492121010179,both,0.17805502285918612,0.17805502285918612,0.1650249212101018,0.1650249212101018,0.0,0.0,0.0,0.0,0.14-0.23,0.14-0.23,0.09-0.24,0.09-0.24,True,True,0.0,0.0
28109,0.0009454304370520798,8742.0,10.0,38640.0,0.001725645911270268,0.0009454304370520798,8742,10,Pearl River,Mississippi,0.001725645911270268,both,0.09454304370520798,0.09454304370520798,0.1725645911270268,0.1725645911270268,0.0,0.0,0.0,0.0,0.06-0.14,0.06-0.14,0.09-0.24,0.09-0.24,True,True,0.0,0.0
28111,0.006506494714804906,1566.0,10.0,7743.0,-0.01095950704225352,0.006506494714804906,1566,10,Perry,Mississippi,-0.01095950704225352,both,0.6506494714804906,0.6506494714804906,-1.095950704225352,-1.095950704225352,0.0,0.0,0.0,0.0,0.37-0.70,0.37-0.70,<-0.12,<-0.12,True,True,0.0,0.0
28113,0.0003450052475908787,9648.0,4.0,25894.0,0.0005235602094240838,0.0003450052475908787,9648,4,Pike,Mississippi,0.0005235602094240838,both,0.03450052475908787,0.03450052475908787,0.052356020942408384,0.052356020942408384,0.0,0.0,0.0,0.0,0-0.06,0-0.06,0-0.09,0-0.09,True,True,0.0,0.0
28115,0.0004193633601901994,5297.0,3.0,20499.0,0.0008217639853001225,0.0004193633601901994,5297,3,Pontotoc,Mississippi,0.0008217639853001225,both,0.04193633601901994,0.04193633601901994,0.08217639853001225,0.08217639853001225,0.0,0.0,0.0,0.0,0-0.06,0-0.06,0-0.09,0-0.09,True,True,0.0,0.0
28117,0.0006148179369238945,5797.0,4.0,16541.0,0.00031852904861113455,0.0006148179369238945,5797,4,Prentiss,Mississippi,0.00031852904861113455,both,0.06148179369238945,0.06148179369238945,0.03185290486111345,0.03185290486111345,0.0,0.0,0.0,0.0,0.06-0.14,0.06-0.14,0-0.09,0-0.09,True,True,0.0,0.0
28119,0.003152027676340573,693.0,3.0,4174.0,0.007193746973784326,0.003152027676340573,693,3,Quitman,Mississippi,0.007193746973784326,both,0.3152027676340573,0.3152027676340573,0.7193746973784326,0.7193746973784326,0.0,0.0,0.0,0.0,0.23-0.37,0.23-0.37,0.57+,0.57+,True,True,0.0,0.0
28121,0.0014819611154284356,78446.0,132.0,108893.0,0.0008131622041815938,0.0014819611154284356,78446,132,Rankin,Mississippi,0.0008131622041815938,both,0.14819611154284357,0.14819611154284357,0.08131622041815938,0.08131622041815938,0.0,0.0,0.0,0.0,0.14-0.23,0.14-0.23,0-0.09,0-0.09,True,True,0.0,0.0
28123,0.027491984344374006,9268.0,245.0,17818.0,-0.017441778511191344,0.027491984344374006,9268,245,Scott,Mississippi,-0.017441778511191344,both,2.7491984344374005,2.7491984344374005,-1.7441778511191344,-1.7441778511191344,0.0,0.0,0.0,0.0,0.70+,0.70+,<-0.12,<-0.12,True,True,0.0,0.0
28125,0.01078582434514638,618.0,3.0,2511.0,0.007936507936507936,0.01078582434514638,618,3,Sharkey,Mississippi,0.007936507936507936,both,1.078582434514638,1.078582434514638,0.7936507936507936,0.7936507936507936,0.0,0.0,0.0,0.0,0.70+,0.70+,0.57+,0.57+,True,True,0.0,0.0
28127,0.000432153412214438,7244.0,5.0,17639.0,0.0018124150430448573,0.000432153412214438,7244,5,Simpson,Mississippi,0.0018124150430448573,both,0.0432153412214438,0.0432153412214438,0.18124150430448574,0.18124150430448574,0.0,0.0,0.0,0.0,0-0.06,0-0.06,0.09-0.24,0.09-0.24,True,True,0.0,0.0
28129,0.010880779591443181,1758.0,19.0,9800.0,-0.00563776777515167,0.010880779591443181,1758,19,Smith,Mississippi,-0.00563776777515167,both,1.0880779591443182,1.0880779591443182,-0.5637767775151671,-0.5637767775151671,0.0,0.0,0.0,0.0,0.70+,0.70+,<-0.12,<-0.12,True,True,0.0,0.0
28131,0.03229264451483466,3492.0,145.0,11853.0,0.042692167523346376,0.03229264451483466,3492,145,Stone,Mississippi,0.042692167523346376,both,3.2292644514834663,3.2292644514834663,4.269216752334637,4.269216752334637,0.0,0.0,0.0,0.0,0.70+,0.70+,0.57+,0.57+,True,True,0.0,0.0
28133,0.003233576881556022,5554.0,18.0,17621.0,-0.0030592967274056925,0.003233576881556022,5554,18,Sunflower,Mississippi,-0.0030592967274056925,both,0.3233576881556022,0.3233576881556022,-0.30592967274056926,-0.30592967274056926,0.0,0.0,0.0,0.0,0.23-0.37,0.23-0.37,<-0.12,<-0.12,True,True,0.0,0.0
28135,0.0007352941176470588,1688.0,1.0,8721.0,0.0034965034965034965,0.0007352941176470588,1688,1,Tallahatchie,Mississippi,0.0034965034965034965,both,0.07352941176470588,0.07352941176470588,0.34965034965034963,0.34965034965034963,0.0,0.0,0.0,0.0,0.06-0.14,0.06-0.14,0.24-0.57,0.24-0.57,True,True,0.0,0.0
28137,0.0011246887697281052,6954.0,11.0,18279.0,0.001124849463111369,0.0011246887697281052,6954,11,Tate,Mississippi,0.001124849463111369,both,0.11246887697281052,0.11246887697281052,0.1124849463111369,0.1124849463111369,0.0,0.0,0.0,0.0,0.06-0.14,0.06-0.14,0.09-0.24,0.09-0.24,True,True,0.0,0.0
28139,0.00035335689045936394,4128.0,1.0,14263.0,0.0,0.00035335689045936394,4128,1,Tippah,Mississippi,0.0,both,0.0353356890459364,0.0353356890459364,0.0,0.0,0.0,0.0,0.0,0.0,0-0.06,0-0.06,-0.12-0,-0.12-0,True,True,0.0,0.0
28141,0.0027140016604749887,4038.0,13.0,13416.0,-0.0005251645876645874,0.0027140016604749887,4038,13,Tishomingo,Mississippi,-0.0005251645876645874,both,0.2714001660474989,0.2714001660474989,-0.05251645876645874,-0.05251645876645874,0.0,0.0,0.0,0.0,0.23-0.37,0.23-0.37,-0.12-0,-0.12-0,True,True,0.0,0.0
28143,0.0006418952968697437,10917.0,7.0,6189.0,0.0026833631484794273,0.0006418952968697437,10917,7,Tunica,Mississippi,0.0026833631484794273,both,0.06418952968697438,0.06418952968697438,0.26833631484794274,0.26833631484794274,0.0,0.0,0.0,0.0,0.06-0.14,0.06-0.14,0.24-0.57,0.24-0.57,True,True,0.0,0.0
28145,0.001964353031286969,8571.0,20.0,18512.0,-4.879505264637654e-05,0.001964353031286969,8571,20,Union,Mississippi,-4.879505264637654e-05,both,0.1964353031286969,0.1964353031286969,-0.004879505264637654,-0.004879505264637654,0.0,0.0,0.0,0.0,0.14-0.23,0.14-0.23,-0.12-0,-0.12-0,True,True,0.0,0.0
28147,0.0,1231.0,0.0,9323.0,0.0,0.0,1231,0,Walthall,Mississippi,0.0,both,0.0,0.0,0.0,0.0,0.0,0.0,0.0,0.0,0-0.06,0-0.06,-0.12-0,-0.12-0,True,True,0.0,0.0
28149,0.008211310157983277,27304.0,218.0,30071.0,-0.004101119822155963,0.008211310157983277,27304,218,Warren,Mississippi,-0.004101119822155963,both,0.8211310157983277,0.8211310157983277,-0.41011198221559636,-0.41011198221559636,0.0,0.0,0.0,0.0,0.70+,0.70+,<-0.12,<-0.12,True,True,0.0,0.0
28151,0.003903578446133473,14332.0,51.0,29380.0,0.0019528770997987292,0.003903578446133473,14332,51,Washington,Mississippi,0.0019528770997987292,both,0.3903578446133473,0.3903578446133473,0.1952877099798729,0.1952877099798729,0.0,0.0,0.0,0.0,0.37-0.70,0.37-0.70,0.09-0.24,0.09-0.24,True,True,0.0,0.0
28153,0.0,1920.0,0.0,12605.0,0.0,0.0,1920,0,Wayne,Mississippi,0.0,both,0.0,0.0,0.0,0.0,0.0,0.0,0.0,0.0,0-0.06,0-0.06,-0.12-0,-0.12-0,True,True,0.0,0.0
28155,0.0004149377593360996,1944.0,1.0,6755.0,0.0,0.0004149377593360996,1944,1,Webster,Mississippi,0.0,both,0.04149377593360996,0.04149377593360996,0.0,0.0,0.0,0.0,0.0,0.0,0-0.06,0-0.06,-0.12-0,-0.12-0,True,True,0.0,0.0
28157,0.0006060606060606061,1404.0,1.0,6148.0,0.0029154518950437317,0.0006060606060606061,1404,1,Wilkinson,Mississippi,0.0029154518950437317,both,0.06060606060606061,0.06060606060606061,0.2915451895043732,0.2915451895043732,0.0,0.0,0.0,0.0,0.06-0.14,0.06-0.14,0.24-0.57,0.24-0.57,True,True,0.0,0.0
28159,0.0,2690.0,0.0,12329.0,0.0,0.0,2690,0,Winston,Mississippi,0.0,both,0.0,0.0,0.0,0.0,0.0,0.0,0.0,0.0,0-0.06,0-0.06,-0.12-0,-0.12-0,True,True,0.0,0.0
28161,0.0,2101.0,0.0,8961.0,0.0,0.0,2101,0,Yalobusha,Mississippi,0.0,both,0.0,0.0,0.0,0.0,0.0,0.0,0.0,0.0,0-0.06,0-0.06,-0.12-0,-0.12-0,True,True,0.0,0.0
28163,0.0004813594365833172,5649.0,4.0,19377.0,0.0005889281507656066,0.0004813594365833172,5649,4,Yazoo,Mississippi,0.0005889281507656066,both,0.048135943658331716,0.048135943658331716,0.058892815076560655,0.058892815076560655,0.0,0.0,0.0,0.0,0-0.06,0-0.06,0-0.09,0-0.09,True,True,0.0,0.0
28999,,,,,,0.01928769676312466,65592,2824,"[Mississippi, county not reported]",Mississippi,0.057931805576583055,right_only,,1.928769676312466,,5.793180557658306,,,,,No data,0.70+,No data,0.57+,False,False,,
29001,0.0025668670378639724,11889.0,31.0,13868.0,0.0034603918777698357,0.0025668670378639724,11889,31,Adair,Missouri,0.0034603918777698357,both,0.25668670378639724,0.25668670378639724,0.34603918777698356,0.34603918777698356,0.0,0.0,0.0,0.0,0.23-0.37,0.23-0.37,0.24-0.57,0.24-0.57,True,True,0.0,0.0
29003,0.002068411677507674,2190.0,4.0,12659.0,0.0014184397163120568,0.002068411677507674,2190,4,Andrew,Missouri,0.0014184397163120568,both,0.2068411677507674,0.2068411677507674,0.14184397163120568,0.14184397163120568,0.0,0.0,0.0,0.0,0.14-0.23,0.14-0.23,0.09-0.24,0.09-0.24,True,True,0.0,0.0
29005,0.0,1192.0,0.0,3857.0,0.0,0.0,1192,0,Atchison,Missouri,0.0,both,0.0,0.0,0.0,0.0,0.0,0.0,0.0,0.0,0-0.06,0-0.06,-0.12-0,-0.12-0,True,True,0.0,0.0
29007,0.007241164178859646,11136.0,104.0,17336.0,0.02136884484360483,0.007241164178859646,11136,104,Audrain,Missouri,0.02136884484360483,both,0.7241164178859646,0.7241164178859646,2.136884484360483,2.136884484360483,0.0,0.0,0.0,0.0,0.70+,0.70+,0.57+,0.57+,True,True,0.0,0.0
29009,0.008319543379405927,16070.0,151.0,24415.0,0.015003339148087236,0.008319543379405927,16070,151,Barry,Missouri,0.015003339148087236,both,0.8319543379405927,0.8319543379405927,1.5003339148087236,1.5003339148087236,0.0,0.0,0.0,0.0,0.70+,0.70+,0.57+,0.57+,True,True,0.0,0.0
29011,0.0046875,2106.0,12.0,7997.0,0.0,0.0046875,2106,12,Barton,Missouri,0.0,both,0.46875,0.46875,0.0,0.0,0.0,0.0,0.0,0.0,0.37-0.70,0.37-0.70,-0.12-0,-0.12-0,True,True,0.0,0.0
29013,0.0013830608066357048,3941.0,5.0,11069.0,0.00199203187250996,0.0013830608066357048,3941,5,Bates,Missouri,0.00199203187250996,both,0.13830608066357047,0.13830608066357047,0.199203187250996,0.199203187250996,0.0,0.0,0.0,0.0,0.06-0.14,0.06-0.14,0.09-0.24,0.09-0.24,True,True,0.0,0.0
29015,0.0,2507.0,0.0,15146.0,0.0,0.0,2507,0,Benton,Missouri,0.0,both,0.0,0.0,0.0,0.0,0.0,0.0,0.0,0.0,0-0.06,0-0.06,-0.12-0,-0.12-0,True,True,0.0,0.0
29017,0.006456043956043956,914.0,4.0,7616.0,0.0,0.006456043956043956,914,4,Bollinger,Missouri,0.0,both,0.6456043956043955,0.6456043956043955,0.0,0.0,0.0,0.0,0.0,0.0,0.37-0.70,0.37-0.70,-0.12-0,-0.12-0,True,True,0.0,0.0
29019,0.0061843562044568865,157754.0,1223.0,111010.0,0.006981851502402055,0.0061843562044568865,157754,1223,Boone,Missouri,0.006981851502402055,both,0.6184356204456887,0.6184356204456887,0.6981851502402054,0.6981851502402054,0.0,0.0,0.0,0.0,0.37-0.70,0.37-0.70,0.57+,0.57+,True,True,0.0,0.0
29021,0.004644197778805056,59686.0,361.0,57316.0,0.013336876575171018,0.004644197778805056,59686,361,Buchanan,Missouri,0.013336876575171018,both,0.4644197778805056,0.4644197778805056,1.3336876575171017,1.3336876575171017,0.0,0.0,0.0,0.0,0.37-0.70,0.37-0.70,0.57+,0.57+,True,True,0.0,0.0
29023,0.001157591544034206,15020.0,20.0,28995.0,0.0021603456553048487,0.001157591544034206,15020,20,Butler,Missouri,0.0021603456553048487,both,0.1157591544034206,0.1157591544034206,0.21603456553048486,0.21603456553048486,0.0,0.0,0.0,0.0,0.06-0.14,0.06-0.14,0.09-0.24,0.09-0.24,True,True,0.0,0.0
29025,0.0027874564459930314,1509.0,8.0,6078.0,-0.017278617710583154,0.0027874564459930314,1509,8,Caldwell,Missouri,-0.017278617710583154,both,0.2787456445993031,0.2787456445993031,-1.7278617710583155,-1.7278617710583155,0.0,0.0,0.0,0.0,0.23-0.37,0.23-0.37,<-0.12,<-0.12,True,True,0.0,0.0
29027,0.0065175624421891926,13733.0,151.0,30868.0,0.027842679127725856,0.0065175624421891926,13733,151,Callaway,Missouri,0.027842679127725856,both,0.6517562442189193,0.6517562442189193,2.784267912772586,2.784267912772586,0.0,0.0,0.0,0.0,0.37-0.70,0.37-0.70,0.57+,0.57+,True,True,0.0,0.0
29029,0.0006442732471766114,18161.0,13.0,33043.0,0.0014705882352941176,0.0006442732471766114,18161,13,Camden,Missouri,0.0014705882352941176,both,0.06442732471766115,0.06442732471766115,0.14705882352941177,0.14705882352941177,0.0,0.0,0.0,0.0,0.06-0.14,0.06-0.14,0.09-0.24,0.09-0.24,True,True,0.0,0.0
29031,0.003609192810403692,36039.0,136.0,52784.0,-0.0028010439416435895,0.003609192810403692,36039,136,Cape Girardeau,Missouri,-0.0028010439416435895,both,0.3609192810403692,0.3609192810403692,-0.28010439416435895,-0.28010439416435895,0.0,0.0,0.0,0.0,0.23-0.37,0.23-0.37,<-0.12,<-0.12,True,True,0.0,0.0
29033,0.0,1971.0,0.0,5968.0,0.0,0.0,1971,0,Carroll,Missouri,0.0,both,0.0,0.0,0.0,0.0,0.0,0.0,0.0,0.0,0-0.06,0-0.06,-0.12-0,-0.12-0,True,True,0.0,0.0
29035,0.00625,972.0,7.0,3586.0,0.0,0.00625,972,7,Carter,Missouri,0.0,both,0.625,0.625,0.0,0.0,0.0,0.0,0.0,0.0,0.37-0.70,0.37-0.70,-0.12-0,-0.12-0,True,True,0.0,0.0
29037,0.001366975934433645,51184.0,95.0,73862.0,0.002965266777421474,0.001366975934433645,51184,95,Cass,Missouri,0.002965266777421474,both,0.1366975934433645,0.1366975934433645,0.29652667774214736,0.29652667774214736,0.0,0.0,0.0,0.0,0.06-0.14,0.06-0.14,0.24-0.57,0.24-0.57,True,True,0.0,0.0
29039,0.0,2683.0,0.0,9906.0,0.0,0.0,2683,0,Cedar,Missouri,0.0,both,0.0,0.0,0.0,0.0,0.0,0.0,0.0,0.0,0-0.06,0-0.06,-0.12-0,-0.12-0,True,True,0.0,0.0
29041,0.0012987012987012987,1121.0,1.0,5227.0,0.0,0.0012987012987012987,1121,1,Chariton,Missouri,0.0,both,0.12987012987012986,0.12987012987012986,0.0,0.0,0.0,0.0,0.0,0.0,0.06-0.14,0.06-0.14,-0.12-0,-0.12-0,True,True,0.0,0.0
29043,0.0028965496156091756,21799.0,102.0,60588.0,0.009858488655538022,0.0028965496156091756,21799,102,Christian,Missouri,0.009858488655538022,both,0.2896549615609176,0.2896549615609176,0.9858488655538021,0.9858488655538021,0.0,0.0,0.0,0.0,0.23-0.37,0.23-0.37,0.57+,0.57+,True,True,0.0,0.0
29045,0.001652892561983471,942.0,2.0,4607.0,0.00980392156862745,0.001652892561983471,942,2,Clark,Missouri,0.00980392156862745,both,0.1652892561983471,0.1652892561983471,0.9803921568627451,0.9803921568627451,0.0,0.0,0.0,0.0,0.14-0.23,0.14-0.23,0.57+,0.57+,True,True,0.0,0.0
29047,0.010459739386944191,260407.0,2980.0,172370.0,0.00269959134031178,0.010459739386944191,260407,2980,Clay,Missouri,0.00269959134031178,both,1.0459739386944191,1.0459739386944191,0.269959134031178,0.269959134031178,0.0,0.0,0.0,0.0,0.70+,0.70+,0.24-0.57,0.24-0.57,True,True,0.0,0.0
29049,0.0010241836853814705,6660.0,7.0,14647.0,0.0009009009009009009,0.0010241836853814705,6660,7,Clinton,Missouri,0.0009009009009009009,both,0.10241836853814705,0.10241836853814705,0.09009009009009009,0.09009009009009009,0.0,0.0,0.0,0.0,0.06-0.14,0.06-0.14,0.09-0.24,0.09-0.24,True,True,0.0,0.0
29051,0.018967352489459736,93057.0,2119.0,53377.0,0.016759657542254953,0.018967352489459736,93057,2119,Cole,Missouri,0.016759657542254953,both,1.8967352489459737,1.8967352489459737,1.6759657542254953,1.6759657542254953,0.0,0.0,0.0,0.0,0.70+,0.70+,0.57+,0.57+,True,True,0.0,0.0
29053,0.0034456553370805264,7116.0,45.0,11557.0,0.016597510373443983,0.0034456553370805264,7116,45,Cooper,Missouri,0.016597510373443983,both,0.34456553370805265,0.34456553370805265,1.6597510373443984,1.6597510373443984,0.0,0.0,0.0,0.0,0.23-0.37,0.23-0.37,0.57+,0.57+,True,True,0.0,0.0
29055,0.010977216117673225,2925.0,43.0,16167.0,0.033172469487971035,0.010977216117673225,2925,43,Crawford,Missouri,0.033172469487971035,both,1.0977216117673225,1.0977216117673225,3.3172469487971035,3.3172469487971035,0.0,0.0,0.0,0.0,0.70+,0.70+,0.57+,0.57+,True,True,0.0,0.0
29057,0.003180338853259309,2178.0,11.0,5543.0,0.015514809590973202,0.003180338853259309,2178,11,Dade,Missouri,0.015514809590973202,both,0.3180338853259309,0.3180338853259309,1.5514809590973202,1.5514809590973202,0.0,0.0,0.0,0.0,0.23-0.37,0.23-0.37,0.57+,0.57+,True,True,0.0,0.0
29059,0.009848519084815027,2505.0,26.0,11925.0,0.009866902600400063,0.009848519084815027,2505,26,Dallas,Missouri,0.009866902600400063,both,0.9848519084815026,0.9848519084815026,0.9866902600400064,0.9866902600400064,0.0,0.0,0.0,0.0,0.70+,0.70+,0.57+,0.57+,True,True,0.0,0.0
29061,0.0005494505494505495,1445.0,1.0,5622.0,0.0028735632183908046,0.0005494505494505495,1445,1,Daviess,Missouri,0.0028735632183908046,both,0.054945054945054944,0.054945054945054944,0.28735632183908044,0.28735632183908044,0.0,0.0,0.0,0.0,0-0.06,0-0.06,0.24-0.57,0.24-0.57,True,True,0.0,0.0
29063,0.0007246376811594203,1216.0,1.0,8719.0,0.0,0.0007246376811594203,1216,1,DeKalb,Missouri,0.0,both,0.07246376811594203,0.07246376811594203,0.0,0.0,0.0,0.0,0.0,0.0,0.06-0.14,0.06-0.14,-0.12-0,-0.12-0,True,True,0.0,0.0
29065,0.009604683536860479,3026.0,50.0,10217.0,0.04010238907849829,0.009604683536860479,3026,50,Dent,Missouri,0.04010238907849829,both,0.9604683536860479,0.9604683536860479,4.010238907849829,4.010238907849829,0.0,0.0,0.0,0.0,0.70+,0.70+,0.57+,0.57+,True,True,0.0,0.0
29067,0.0018511122648668075,1613.0,5.0,8477.0,0.006482982171799027,0.0018511122648668075,1613,5,Douglas,Missouri,0.006482982171799027,both,0.18511122648668077,0.18511122648668077,0.6482982171799028,0.6482982171799028,0.0,0.0,0.0,0.0,0.14-0.23,0.14-0.23,0.57+,0.57+,True,True,0.0,0.0
29069,0.001962541959108941,6460.0,9.0,18633.0,0.0,0.001962541959108941,6460,9,Dunklin,Missouri,0.0,both,0.1962541959108941,0.1962541959108941,0.0,0.0,0.0,0.0,0.0,0.0,0.14-0.23,0.14-0.23,-0.12-0,-0.12-0,True,True,0.0,0.0
29071,0.002298920448722195,45551.0,129.0,73034.0,0.0044554310684832635,0.002298920448722195,45551,129,Franklin,Missouri,0.0044554310684832635,both,0.2298920448722195,0.2298920448722195,0.4455431068483263,0.4455431068483263,0.0,0.0,0.0,0.0,0.14-0.23,0.14-0.23,0.24-0.57,0.24-0.57,True,True,0.0,0.0
29073,0.002537332407187247,2708.0,7.0,10689.0,-6.71201002326832e-05,0.002537332407187247,2708,7,Gasconade,Missouri,-6.71201002326832e-05,both,0.25373324071872466,0.25373324071872466,-0.0067120100232683205,-0.0067120100232683205,0.0,0.0,0.0,0.0,0.23-0.37,0.23-0.37,-0.12-0,-0.12-0,True,True,0.0,0.0
29075,0.0,1512.0,0.0,4199.0,0.0,0.0,1512,0,Gentry,Missouri,0.0,both,0.0,0.0,0.0,0.0,0.0,0.0,0.0,0.0,0-0.06,0-0.06,-0.12-0,-0.12-0,True,True,0.0,0.0
29077,0.006169004278433964,273297.0,2080.0,196608.0,0.006607444036097503,0.006169004278433964,273297,2080,Greene,Missouri,0.006607444036097503,both,0.6169004278433964,0.6169004278433964,0.6607444036097503,0.6607444036097503,0.0,0.0,0.0,0.0,0.37-0.70,0.37-0.70,0.57+,0.57+,True,True,0.0,0.0
29079,0.00045871559633027525,2828.0,1.0,6669.0,0.0,0.00045871559633027525,2828,1,Grundy,Missouri,0.0,both,0.045871559633027525,0.045871559633027525,0.0,0.0,0.0,0.0,0.0,0.0,0-0.06,0-0.06,-0.12-0,-0.12-0,True,True,0.0,0.0
29081,0.0011684153154380705,2212.0,2.0,5627.0,0.0,0.0011684153154380705,2212,2,Harrison,Missouri,0.0,both,0.11684153154380705,0.11684153154380705,0.0,0.0,0.0,0.0,0.0,0.0,0.06-0.14,0.06-0.14,-0.12-0,-0.12-0,True,True,0.0,0.0
29083,0.006759740189717324,9008.0,68.0,15702.0,0.01528914348063284,0.006759740189717324,9008,68,Henry,Missouri,0.01528914348063284,both,0.6759740189717324,0.6759740189717324,1.528914348063284,1.528914348063284,0.0,0.0,0.0,0.0,0.37-0.70,0.37-0.70,0.57+,0.57+,True,True,0.0,0.0
29085,0.0006711409395973154,1053.0,1.0,6468.0,-0.0026954177897574125,0.0006711409395973154,1053,1,Hickory,Missouri,-0.0026954177897574125,both,0.06711409395973154,0.06711409395973154,-0.2695417789757413,-0.2695417789757413,0.0,0.0,0.0,0.0,0.06-0.14,0.06-0.14,<-0.12,<-0.12,True,True,0.0,0.0
29087,0.0041037298560571995,1165.0,4.0,3123.0,-0.0035842293906810036,0.0041037298560571995,1165,4,Holt,Missouri,-0.0035842293906810036,both,0.41037298560571994,0.41037298560571994,-0.35842293906810035,-0.35842293906810035,0.0,0.0,0.0,0.0,0.37-0.70,0.37-0.70,<-0.12,<-0.12,True,True,0.0,0.0
29089,0.00841620836499597,2316.0,31.0,6548.0,0.03066812705366922,0.00841620836499597,2316,31,Howard,Missouri,0.03066812705366922,both,0.8416208364995971,0.8416208364995971,3.0668127053669223,3.0668127053669223,0.0,0.0,0.0,0.0,0.70+,0.70+,0.57+,0.57+,True,True,0.0,0.0
29091,0.0016671576850876453,13696.0,22.0,27255.0,-0.0053986616022234785,0.0016671576850876453,13696,22,Howell,Missouri,-0.0053986616022234785,both,0.16671576850876452,0.16671576850876452,-0.5398661602223478,-0.5398661602223478,0.0,0.0,0.0,0.0,0.14-0.23,0.14-0.23,<-0.12,<-0.12,True,True,0.0,0.0
29093,0.0010822510822510825,1574.0,2.0,6875.0,-0.002044989775051125,0.0010822510822510825,1574,2,Iron,Missouri,-0.002044989775051125,both,0.10822510822510825,0.10822510822510825,-0.2044989775051125,-0.2044989775051125,0.0,0.0,0.0,0.0,0.06-0.14,0.06-0.14,<-0.12,<-0.12,True,True,0.0,0.0
29095,0.01188631162572192,817809.0,10543.0,487731.0,0.0033408663205816667,0.01188631162572192,817809,10543,Jackson,Missouri,0.0033408663205816667,both,1.1886311625721921,1.1886311625721921,0.3340866320581667,0.3340866320581667,0.0,0.0,0.0,0.0,0.70+,0.70+,0.24-0.57,0.24-0.57,True,True,0.0,0.0
29097,0.0012099703780150245,71368.0,96.0,80808.0,0.0014612531484680185,0.0012099703780150245,71368,96,Jasper,Missouri,0.0014612531484680185,both,0.12099703780150245,0.12099703780150245,0.14612531484680186,0.14612531484680186,0.0,0.0,0.0,0.0,0.06-0.14,0.06-0.14,0.09-0.24,0.09-0.24,True,True,0.0,0.0
29099,0.004192084362038993,57564.0,324.0,157831.0,0.009494944663200095,0.004192084362038993,57564,324,Jefferson,Missouri,0.009494944663200095,both,0.4192084362038993,0.4192084362038993,0.9494944663200096,0.9494944663200096,0.0,0.0,0.0,0.0,0.37-0.70,0.37-0.70,0.57+,0.57+,True,True,0.0,0.0
29101,0.006574593536164579,19574.0,197.0,31537.0,0.023367879054561908,0.006574593536164579,19574,197,Johnson,Missouri,0.023367879054561908,both,0.6574593536164579,0.6574593536164579,2.3367879054561906,2.3367879054561906,0.0,0.0,0.0,0.0,0.37-0.70,0.37-0.70,0.57+,0.57+,True,True,0.0,0.0
29103,0.0,709.0,0.0,2498.0,0.0,0.0,709,0,Knox,Missouri,0.0,both,0.0,0.0,0.0,0.0,0.0,0.0,0.0,0.0,0-0.06,0-0.06,-0.12-0,-0.12-0,True,True,0.0,0.0
29105,0.001163357570932618,12788.0,19.0,24359.0,0.003482702577199907,0.001163357570932618,12788,19,Laclede,Missouri,0.003482702577199907,both,0.11633575709326181,0.11633575709326181,0.3482702577199907,0.3482702577199907,0.0,0.0,0.0,0.0,0.06-0.14,0.06-0.14,0.24-0.57,0.24-0.57,True,True,0.0,0.0
29107,0.005387889520083759,11707.0,106.0,22870.0,0.025319567354965586,0.005387889520083759,11707,106,Lafayette,Missouri,0.025319567354965586,both,0.5387889520083758,0.5387889520083758,2.5319567354965584,2.5319567354965584,0.0,0.0,0.0,0.0,0.37-0.70,0.37-0.70,0.57+,0.57+,True,True,0.0,0.0
29109,0.00242814632661991,8364.0,28.0,25424.0,0.00776914539400666,0.00242814632661991,8364,28,Lawrence,Missouri,0.00776914539400666,both,0.242814632661991,0.242814632661991,0.776914539400666,0.776914539400666,0.0,0.0,0.0,0.0,0.23-0.37,0.23-0.37,0.57+,0.57+,True,True,0.0,0.0
29111,0.004216715069315646,2361.0,8.0,6369.0,0.006462035541195477,0.004216715069315646,2361,8,Lewis,Missouri,0.006462035541195477,both,0.42167150693156463,0.42167150693156463,0.6462035541195477,0.6462035541195477,0.0,0.0,0.0,0.0,0.37-0.70,0.37-0.70,0.57+,0.57+,True,True,0.0,0.0
29113,0.002884574710139476,10451.0,44.0,40408.0,0.008841366670168882,0.002884574710139476,10451,44,Lincoln,Missouri,0.008841366670168882,both,0.2884574710139476,0.2884574710139476,0.8841366670168882,0.8841366670168882,0.0,0.0,0.0,0.0,0.23-0.37,0.23-0.37,0.57+,0.57+,True,True,0.0,0.0
29115,0.004122965641952983,2642.0,10.0,8178.0,0.0,0.004122965641952983,2642,10,Linn,Missouri,0.0,both,0.4122965641952983,0.4122965641952983,0.0,0.0,0.0,0.0,0.0,0.0,0.37-0.70,0.37-0.70,-0.12-0,-0.12-0,True,True,0.0,0.0
29117,0.0,6242.0,0.0,10129.0,0.0,0.0,6242,0,Livingston,Missouri,0.0,both,0.0,0.0,0.0,0.0,0.0,0.0,0.0,0.0,0-0.06,0-0.06,-0.12-0,-0.12-0,True,True,0.0,0.0
29119,0.010392316330442315,5953.0,138.0,15568.0,0.05104867431737238,0.010392316330442315,5953,138,McDonald,Missouri,0.05104867431737238,both,1.0392316330442315,1.0392316330442315,5.1048674317372384,5.1048674317372384,0.0,0.0,0.0,0.0,0.70+,0.70+,0.57+,0.57+,True,True,0.0,0.0
29121,0.005107943312520952,3346.0,18.0,10433.0,0.00547645125958379,0.005107943312520952,3346,18,Macon,Missouri,0.00547645125958379,both,0.5107943312520952,0.5107943312520952,0.547645125958379,0.547645125958379,0.0,0.0,0.0,0.0,0.37-0.70,0.37-0.70,0.24-0.57,0.24-0.57,True,True,0.0,0.0
29123,0.0,1311.0,0.0,8667.0,0.0,0.0,1311,0,Madison,Missouri,0.0,both,0.0,0.0,0.0,0.0,0.0,0.0,0.0,0.0,0-0.06,0-0.06,-0.12-0,-0.12-0,True,True,0.0,0.0
29125,0.026896700955424614,1135.0,57.0,6063.0,0.12962962962962962,0.026896700955424614,1135,57,Maries,Missouri,0.12962962962962962,both,2.6896700955424615,2.6896700955424615,12.962962962962962,12.962962962962962,0.0,0.0,0.0,0.0,0.70+,0.70+,0.57+,0.57+,True,True,0.0,0.0
29127,0.00123846213794298,12972.0,17.0,19366.0,-0.0017915732234069755,0.00123846213794298,12972,17,Marion,Missouri,-0.0017915732234069755,both,0.123846213794298,0.123846213794298,-0.17915732234069756,-0.17915732234069756,0.0,0.0,0.0,0.0,0.06-0.14,0.06-0.14,<-0.12,<-0.12,True,True,0.0,0.0
29129,0.0013157894736842105,939.0,2.0,2412.0,0.0,0.0013157894736842105,939,2,Mercer,Missouri,0.0,both,0.13157894736842105,0.13157894736842105,0.0,0.0,0.0,0.0,0.0,0.0,0.06-0.14,0.06-0.14,-0.12-0,-0.12-0,True,True,0.0,0.0
29131,0.005293730021326689,3481.0,28.0,17218.0,0.021618754920465513,0.005293730021326689,3481,28,Miller,Missouri,0.021618754920465513,both,0.5293730021326689,0.5293730021326689,2.1618754920465513,2.1618754920465513,0.0,0.0,0.0,0.0,0.37-0.70,0.37-0.70,0.57+,0.57+,True,True,0.0,0.0
29133,0.0,2160.0,0.0,8660.0,0.0,0.0,2160,0,Mississippi,Missouri,0.0,both,0.0,0.0,0.0,0.0,0.0,0.0,0.0,0.0,0-0.06,0-0.06,-0.12-0,-0.12-0,True,True,0.0,0.0
29135,0.014848375380195549,3915.0,78.0,10329.0,0.03331723084997257,0.014848375380195549,3915,78,Moniteau,Missouri,0.03331723084997257,both,1.4848375380195549,1.4848375380195549,3.3317230849972566,3.3317230849972566,0.0,0.0,0.0,0.0,0.70+,0.70+,0.57+,0.57+,True,True,0.0,0.0
29137,0.005306372880972046,1748.0,8.0,6104.0,0.008849557522123894,0.005306372880972046,1748,8,Monroe,Missouri,0.008849557522123894,both,0.5306372880972047,0.5306372880972047,0.8849557522123894,0.8849557522123894,0.0,0.0,0.0,0.0,0.37-0.70,0.37-0.70,0.57+,0.57+,True,True,0.0,0.0
29139,0.00041428913110329036,2795.0,2.0,8029.0,0.0011001100110011,0.00041428913110329036,2795,2,Montgomery,Missouri,0.0011001100110011,both,0.041428913110329035,0.041428913110329035,0.11001100110011,0.11001100110011,0.0,0.0,0.0,0.0,0-0.06,0-0.06,0.09-0.24,0.09-0.24,True,True,0.0,0.0
29141,0.001142857142857143,2889.0,4.0,14928.0,0.004866180048661801,0.001142857142857143,2889,4,Morgan,Missouri,0.004866180048661801,both,0.1142857142857143,0.1142857142857143,0.48661800486618007,0.48661800486618007,0.0,0.0,0.0,0.0,0.06-0.14,0.06-0.14,0.24-0.57,0.24-0.57,True,True,0.0,0.0
29143,0.0034866426227812193,4658.0,17.0,11194.0,0.012115563839701771,0.0034866426227812193,4658,17,New Madrid,Missouri,0.012115563839701771,both,0.3486642622781219,0.3486642622781219,1.211556383970177,1.211556383970177,0.0,0.0,0.0,0.0,0.23-0.37,0.23-0.37,0.57+,0.57+,True,True,0.0,0.0
29145,0.0004038117471665551,8778.0,4.0,40171.0,0.0013256738842244808,0.0004038117471665551,8778,4,Newton,Missouri,0.0013256738842244808,both,0.04038117471665551,0.04038117471665551,0.13256738842244808,0.13256738842244808,0.0,0.0,0.0,0.0,0-0.06,0-0.06,0.09-0.24,0.09-0.24,True,True,0.0,0.0
29147,0.0022976451437479186,8167.0,18.0,12492.0,0.003608774890581588,0.0022976451437479186,8167,18,Nodaway,Missouri,0.003608774890581588,both,0.22976451437479187,0.22976451437479187,0.3608774890581588,0.3608774890581588,0.0,0.0,0.0,0.0,0.14-0.23,0.14-0.23,0.24-0.57,0.24-0.57,True,True,0.0,0.0
29149,0.005922038980509746,1012.0,7.0,6160.0,0.019083969465648856,0.005922038980509746,1012,7,Oregon,Missouri,0.019083969465648856,both,0.5922038980509745,0.5922038980509745,1.9083969465648856,1.9083969465648856,0.0,0.0,0.0,0.0,0.37-0.70,0.37-0.70,0.57+,0.57+,True,True,0.0,0.0
29151,0.020261873837188894,2217.0,96.0,9050.0,0.10052356020942409,0.020261873837188894,2217,96,Osage,Missouri,0.10052356020942409,both,2.0261873837188893,2.0261873837188893,10.052356020942408,10.052356020942408,0.0,0.0,0.0,0.0,0.70+,0.70+,0.57+,0.57+,True,True,0.0,0.0
29153,0.0033035644069772177,1441.0,5.0,6552.0,-7.243621086181016e-05,0.0033035644069772177,1441,5,Ozark,Missouri,-7.243621086181016e-05,both,0.33035644069772174,0.33035644069772174,-0.007243621086181016,-0.007243621086181016,0.0,0.0,0.0,0.0,0.23-0.37,0.23-0.37,-0.12-0,-0.12-0,True,True,0.0,0.0
29155,0.003249381942889496,4848.0,19.0,10286.0,0.008350730688935281,0.003249381942889496,4848,19,Pemiscot,Missouri,0.008350730688935281,both,0.3249381942889496,0.3249381942889496,0.8350730688935281,0.8350730688935281,0.0,0.0,0.0,0.0,0.23-0.37,0.23-0.37,0.57+,0.57+,True,True,0.0,0.0
29157,0.0005123082046158969,3948.0,3.0,13092.0,0.00037344308458789116,0.0005123082046158969,3948,3,Perry,Missouri,0.00037344308458789116,both,0.051230820461589686,0.051230820461589686,0.03734430845878912,0.03734430845878912,0.0,0.0,0.0,0.0,0-0.06,0-0.06,0-0.09,0-0.09,True,True,0.0,0.0
29159,0.004181764741404091,17883.0,86.0,28595.0,0.010008275970848067,0.004181764741404091,17883,86,Pettis,Missouri,0.010008275970848067,both,0.4181764741404091,0.4181764741404091,1.0008275970848068,1.0008275970848068,0.0,0.0,0.0,0.0,0.37-0.70,0.37-0.70,0.57+,0.57+,True,True,0.0,0.0
29161,0.014182184391732707,19334.0,355.0,28068.0,0.04341486533575921,0.014182184391732707,19334,355,Phelps,Missouri,0.04341486533575921,both,1.4182184391732708,1.4182184391732708,4.341486533575921,4.341486533575921,0.0,0.0,0.0,0.0,0.70+,0.70+,0.57+,0.57+,True,True,0.0,0.0
29163,0.0038691663861690614,3800.0,15.0,12388.0,0.005076142131979695,0.0038691663861690614,3800,15,Pike,Missouri,0.005076142131979695,both,0.3869166386169061,0.3869166386169061,0.5076142131979695,0.5076142131979695,0.0,0.0,0.0,0.0,0.37-0.70,0.37-0.70,0.24-0.57,0.24-0.57,True,True,0.0,0.0
29165,0.012278142758442199,120063.0,1600.0,73376.0,0.003534695025575709,0.012278142758442199,120063,1600,Platte,Missouri,0.003534695025575709,both,1.2278142758442199,1.2278142758442199,0.3534695025575709,0.3534695025575709,0.0,0.0,0.0,0.0,0.70+,0.70+,0.24-0.57,0.24-0.57,True,True,0.0,0.0
29167,0.032568461514655186,17044.0,774.0,20930.0,-0.09375291630757683,0.032568461514655186,17044,774,Polk,Missouri,-0.09375291630757683,both,3.2568461514655187,3.2568461514655187,-9.375291630757683,-9.375291630757683,0.0,0.0,0.0,0.0,0.70+,0.70+,<-0.12,<-0.12,True,True,0.0,0.0
29169,0.00748636953877112,10265.0,79.0,29480.0,0.02275078648827811,0.00748636953877112,10265,79,Pulaski,Missouri,0.02275078648827811,both,0.748636953877112,0.748636953877112,2.275078648827811,2.275078648827811,0.0,0.0,0.0,0.0,0.70+,0.70+,0.57+,0.57+,True,True,0.0,0.0
29171,0.002654867256637168,860.0,3.0,3339.0,0.0,0.002654867256637168,860,3,Putnam,Missouri,0.0,both,0.2654867256637168,0.2654867256637168,0.0,0.0,0.0,0.0,0.0,0.0,0.23-0.37,0.23-0.37,-0.12-0,-0.12-0,True,True,0.0,0.0
29173,0.0019115481124603387,1900.0,3.0,7423.0,0.002512562814070352,0.0019115481124603387,1900,3,Ralls,Missouri,0.002512562814070352,both,0.19115481124603387,0.19115481124603387,0.25125628140703515,0.25125628140703515,0.0,0.0,0.0,0.0,0.14-0.23,0.14-0.23,0.24-0.57,0.24-0.57,True,True,0.0,0.0
29175,0.002629329716497471,12240.0,50.0,17188.0,0.009401825246227524,0.002629329716497471,12240,50,Randolph,Missouri,0.009401825246227524,both,0.2629329716497471,0.2629329716497471,0.9401825246227523,0.9401825246227523,0.0,0.0,0.0,0.0,0.23-0.37,0.23-0.37,0.57+,0.57+,True,True,0.0,0.0
29177,0.002241703521992608,4680.0,10.0,16094.0,-0.002824501246471845,0.002241703521992608,4680,10,Ray,Missouri,-0.002824501246471845,both,0.2241703521992608,0.2241703521992608,-0.2824501246471845,-0.2824501246471845,0.0,0.0,0.0,0.0,0.14-0.23,0.14-0.23,<-0.12,<-0.12,True,True,0.0,0.0
29179,0.0,1097.0,0.0,4529.0,0.0,0.0,1097,0,Reynolds,Missouri,0.0,both,0.0,0.0,0.0,0.0,0.0,0.0,0.0,0.0,0-0.06,0-0.06,-0.12-0,-0.12-0,True,True,0.0,0.0
29181,0.0011981413873216064,1359.0,2.0,7522.0,0.002147396676272057,0.0011981413873216064,1359,2,Ripley,Missouri,0.002147396676272057,both,0.11981413873216064,0.11981413873216064,0.21473966762720567,0.21473966762720567,0.0,0.0,0.0,0.0,0.06-0.14,0.06-0.14,0.09-0.24,0.09-0.24,True,True,0.0,0.0
29183,0.015843859828593612,230791.0,3931.0,279408.0,0.00048091494590124517,0.015843859828593612,230791,3931,St. Charles,Missouri,0.00048091494590124517,both,1.5843859828593612,1.5843859828593612,0.04809149459012452,0.04809149459012452,0.0,0.0,0.0,0.0,0.70+,0.70+,0-0.09,0-0.09,True,True,0.0,0.0
29185,0.0022116324535679374,1555.0,3.0,6828.0,0.0,0.0022116324535679374,1555,3,St. Clair,Missouri,0.0,both,0.22116324535679374,0.22116324535679374,0.0,0.0,0.0,0.0,0.0,0.0,0.14-0.23,0.14-0.23,-0.12-0,-0.12-0,True,True,0.0,0.0
29186,0.0025629026471368182,3283.0,11.0,13199.0,0.012528473804100227,0.0025629026471368182,3283,11,Ste. Genevieve,Missouri,0.012528473804100227,both,0.2562902647136818,0.2562902647136818,1.2528473804100226,1.2528473804100226,0.0,0.0,0.0,0.0,0.23-0.37,0.23-0.37,0.57+,0.57+,True,True,0.0,0.0
29187,0.0015303796177158317,17222.0,29.0,47111.0,0.0031975897503648326,0.0015303796177158317,17222,29,St. Francois,Missouri,0.0031975897503648326,both,0.1530379617715832,0.1530379617715832,0.31975897503648326,0.31975897503648326,0.0,0.0,0.0,0.0,0.14-0.23,0.14-0.23,0.24-0.57,0.24-0.57,True,True,0.0,0.0
29189,0.020752636476541162,1424314.0,31675.0,693191.0,-0.0006364963171546466,0.020752636476541162,1424314,31675,St. Louis,Missouri,-0.0006364963171546466,both,2.075263647654116,2.075263647654116,-0.06364963171546466,-0.06364963171546466,0.0,0.0,0.0,0.0,0.70+,0.70+,-0.12-0,-0.12-0,True,True,0.0,0.0
29195,0.004228253764008602,8519.0,43.0,14738.0,0.005043274614935536,0.004228253764008602,8519,43,Saline,Missouri,0.005043274614935536,both,0.42282537640086015,0.42282537640086015,0.5043274614935536,0.5043274614935536,0.0,0.0,0.0,0.0,0.37-0.70,0.37-0.70,0.24-0.57,0.24-0.57,True,True,0.0,0.0
29197,0.0029411764705882353,479.0,1.0,2678.0,0.0,0.0029411764705882353,479,1,Schuyler,Missouri,0.0,both,0.29411764705882354,0.29411764705882354,0.0,0.0,0.0,0.0,0.0,0.0,0.23-0.37,0.23-0.37,-0.12-0,-0.12-0,True,True,0.0,0.0
29199,0.004195804195804196,1080.0,6.0,2923.0,0.02097902097902098,0.004195804195804196,1080,6,Scotland,Missouri,0.02097902097902098,both,0.4195804195804196,0.4195804195804196,2.097902097902098,2.097902097902098,0.0,0.0,0.0,0.0,0.37-0.70,0.37-0.70,0.57+,0.57+,True,True,0.0,0.0
29201,0.0018972593355236016,13654.0,26.0,25769.0,0.0006791171477079797,0.0018972593355236016,13654,26,Scott,Missouri,0.0006791171477079797,both,0.18972593355236017,0.18972593355236017,0.06791171477079797,0.06791171477079797,0.0,0.0,0.0,0.0,0.14-0.23,0.14-0.23,0-0.09,0-0.09,True,True,0.0,0.0
29203,0.0,778.0,0.0,5131.0,0.0,0.0,778,0,Shannon,Missouri,0.0,both,0.0,0.0,0.0,0.0,0.0,0.0,0.0,0.0,0-0.06,0-0.06,-0.12-0,-0.12-0,True,True,0.0,0.0
29205,0.0026042450699984947,1190.0,4.0,4163.0,-0.0029585798816568047,0.0026042450699984947,1190,4,Shelby,Missouri,-0.0029585798816568047,both,0.2604245069998495,0.2604245069998495,-0.2958579881656805,-0.2958579881656805,0.0,0.0,0.0,0.0,0.23-0.37,0.23-0.37,<-0.12,<-0.12,True,True,0.0,0.0
29207,0.0015531795508444573,6771.0,11.0,20128.0,0.003671071953010279,0.0015531795508444573,6771,11,Stoddard,Missouri,0.003671071953010279,both,0.15531795508444574,0.15531795508444574,0.36710719530102787,0.36710719530102787,0.0,0.0,0.0,0.0,0.14-0.23,0.14-0.23,0.24-0.57,0.24-0.57,True,True,0.0,0.0
29209,0.004485314933268591,4510.0,33.0,24357.0,0.020763563295378432,0.004485314933268591,4510,33,Stone,Missouri,0.020763563295378432,both,0.44853149332685904,0.44853149332685904,2.0763563295378433,2.0763563295378433,0.0,0.0,0.0,0.0,0.37-0.70,0.37-0.70,0.57+,0.57+,True,True,0.0,0.0
29211,0.00456871859886369,2190.0,10.0,4121.0,-0.004651162790697674,0.00456871859886369,2190,10,Sullivan,Missouri,-0.004651162790697674,both,0.45687185988636897,0.45687185988636897,-0.46511627906976744,-0.46511627906976744,0.0,0.0,0.0,0.0,0.37-0.70,0.37-0.70,<-0.12,<-0.12,True,True,0.0,0.0
29213,0.000568197631308393,43280.0,24.0,38856.0,-0.0005567826197397454,0.000568197631308393,43280,24,Taney,Missouri,-0.0005567826197397454,both,0.05681976313083931,0.05681976313083931,-0.05567826197397455,-0.05567826197397455,0.0,0.0,0.0,0.0,0-0.06,0-0.06,-0.12-0,-0.12-0,True,True,0.0,0.0
29215,0.004801842856630779,4671.0,25.0,17662.0,-0.006909547738693468,0.004801842856630779,4671,25,Texas,Missouri,-0.006909547738693468,both,0.4801842856630779,0.4801842856630779,-0.6909547738693468,-0.6909547738693468,0.0,0.0,0.0,0.0,0.37-0.70,0.37-0.70,<-0.12,<-0.12,True,True,0.0,0.0
29217,0.002064665424106412,6664.0,14.0,13356.0,0.0037216329366386567,0.002064665424106412,6664,14,Vernon,Missouri,0.0037216329366386567,both,0.20646654241064122,0.20646654241064122,0.3721632936638657,0.3721632936638657,0.0,0.0,0.0,0.0,0.14-0.23,0.14-0.23,0.24-0.57,0.24-0.57,True,True,0.0,0.0
29219,0.002180912261864649,7370.0,20.0,24681.0,0.0035653905570011343,0.002180912261864649,7370,20,Warren,Missouri,0.0035653905570011343,both,0.2180912261864649,0.2180912261864649,0.35653905570011346,0.35653905570011346,0.0,0.0,0.0,0.0,0.14-0.23,0.14-0.23,0.24-0.57,0.24-0.57,True,True,0.0,0.0
29221,0.0,2789.0,0.0,16328.0,0.0,0.0,2789,0,Washington,Missouri,0.0,both,0.0,0.0,0.0,0.0,0.0,0.0,0.0,0.0,0-0.06,0-0.06,-0.12-0,-0.12-0,True,True,0.0,0.0
29223,0.00386796490714498,1528.0,6.0,8244.0,-0.008310249307479225,0.00386796490714498,1528,6,Wayne,Missouri,-0.008310249307479225,both,0.386796490714498,0.386796490714498,-0.8310249307479225,-0.8310249307479225,0.0,0.0,0.0,0.0,0.37-0.70,0.37-0.70,<-0.12,<-0.12,True,True,0.0,0.0
29225,0.0018965324970036564,8526.0,28.0,25319.0,0.007774538386783284,0.0018965324970036564,8526,28,Webster,Missouri,0.007774538386783284,both,0.18965324970036562,0.18965324970036562,0.7774538386783284,0.7774538386783284,0.0,0.0,0.0,0.0,0.14-0.23,0.14-0.23,0.57+,0.57+,True,True,0.0,0.0
29227,0.017404817404817405,522.0,6.0,1400.0,0.014084507042253521,0.017404817404817405,522,6,Worth,Missouri,0.014084507042253521,both,1.7404817404817405,1.7404817404817405,1.4084507042253522,1.4084507042253522,0.0,0.0,0.0,0.0,0.70+,0.70+,0.57+,0.57+,True,True,0.0,0.0
29229,0.0,2689.0,0.0,12186.0,0.0,0.0,2689,0,Wright,Missouri,0.0,both,0.0,0.0,0.0,0.0,0.0,0.0,0.0,0.0,0-0.06,0-0.06,-0.12-0,-0.12-0,True,True,0.0,0.0
29510,0.025496802862110802,447357.0,12298.0,215632.0,0.0031418539490869132,0.025496802862110802,447357,12298,St. Louis City,Missouri,0.0031418539490869132,both,2.54968028621108,2.54968028621108,0.31418539490869135,0.31418539490869135,0.0,0.0,0.0,0.0,0.70+,0.70+,0.24-0.57,0.24-0.57,True,True,0.0,0.0
29999,,,,,,0.02499430830060504,42676,2721,"[Missouri, county not reported]",Missouri,0.06068983630519062,right_only,,2.499430830060504,,6.068983630519062,,,,,No data,0.70+,No data,0.57+,False,False,,
30001,0.00024213075060532688,4154.0,1.0,6523.0,0.0,0.00024213075060532688,4154,1,Beaverhead,Montana,0.0,both,0.024213075060532687,0.024213075060532687,0.0,0.0,0.0,0.0,0.0,0.0,0-0.06,0-0.06,-0.12-0,-0.12-0,True,True,0.0,0.0
30003,0.001195219123505976,3582.0,3.0,7432.0,0.0,0.001195219123505976,3582,3,Big Horn,Montana,0.0,both,0.1195219123505976,0.1195219123505976,0.0,0.0,0.0,0.0,0.0,0.0,0.06-0.14,0.06-0.14,-0.12-0,-0.12-0,True,True,0.0,0.0
30005,0.0041181041181041185,1757.0,6.0,4353.0,0.007957559681697613,0.0041181041181041185,1757,6,Blaine,Montana,0.007957559681697613,both,0.41181041181041184,0.41181041181041184,0.7957559681697612,0.7957559681697612,0.0,0.0,0.0,0.0,0.37-0.70,0.37-0.70,0.57+,0.57+,True,True,0.0,0.0
30007,0.0,1075.0,0.0,5080.0,0.0,0.0,1075,0,Broadwater,Montana,0.0,both,0.0,0.0,0.0,0.0,0.0,0.0,0.0,0.0,0-0.06,0-0.06,-0.12-0,-0.12-0,True,True,0.0,0.0
30009,0.0014370748299319725,2603.0,3.0,8213.0,0.004,0.0014370748299319725,2603,3,Carbon,Montana,0.004,both,0.14370748299319724,0.14370748299319724,0.4,0.4,0.0,0.0,0.0,0.0,0.14-0.23,0.14-0.23,0.24-0.57,0.24-0.57,True,True,0.0,0.0
30011,0.0,171.0,0.0,994.0,0.0,0.0,171,0,Carter,Montana,0.0,both,0.0,0.0,0.0,0.0,0.0,0.0,0.0,0.0,0-0.06,0-0.06,-0.12-0,-0.12-0,True,True,0.0,0.0
30013,0.002701358594226411,41324.0,117.0,57794.0,0.0031907552115508827,0.002701358594226411,41324,117,Cascade,Montana,0.0031907552115508827,both,0.2701358594226411,0.2701358594226411,0.31907552115508825,0.31907552115508825,0.0,0.0,0.0,0.0,0.23-0.37,0.23-0.37,0.24-0.57,0.24-0.57,True,True,0.0,0.0
30015,0.0013333333333333335,1049.0,2.0,4079.0,-0.006430868167202572,0.0013333333333333335,1049,2,Chouteau,Montana,-0.006430868167202572,both,0.13333333333333336,0.13333333333333336,-0.6430868167202572,-0.6430868167202572,0.0,0.0,0.0,0.0,0.06-0.14,0.06-0.14,<-0.12,<-0.12,True,True,0.0,0.0
30017,0.0020198312373034986,8679.0,19.0,8580.0,0.0012048192771084338,0.0020198312373034986,8679,19,Custer,Montana,0.0012048192771084338,both,0.20198312373034985,0.20198312373034985,0.12048192771084339,0.12048192771084339,0.0,0.0,0.0,0.0,0.14-0.23,0.14-0.23,0.09-0.24,0.09-0.24,True,True,0.0,0.0
30019,0.0,758.0,0.0,1180.0,0.0,0.0,758,0,Daniels,Montana,0.0,both,0.0,0.0,0.0,0.0,0.0,0.0,0.0,0.0,0-0.06,0-0.06,-0.12-0,-0.12-0,True,True,0.0,0.0
30021,0.0007515817769155667,5753.0,4.0,6222.0,0.0,0.0007515817769155667,5753,4,Dawson,Montana,0.0,both,0.07515817769155667,0.07515817769155667,0.0,0.0,0.0,0.0,0.0,0.0,0.06-0.14,0.06-0.14,-0.12-0,-0.12-0,True,True,0.0,0.0
30023,0.010141928289238713,2963.0,31.0,7387.0,0.01277139208173691,0.010141928289238713,2963,31,Deer Lodge,Montana,0.01277139208173691,both,1.0141928289238713,1.0141928289238713,1.277139208173691,1.277139208173691,0.0,0.0,0.0,0.0,0.70+,0.70+,0.57+,0.57+,True,True,0.0,0.0
30025,0.000628930817610063,1394.0,1.0,1945.0,0.0,0.000628930817610063,1394,1,Fallon,Montana,0.0,both,0.0628930817610063,0.0628930817610063,0.0,0.0,0.0,0.0,0.0,0.0,0.06-0.14,0.06-0.14,-0.12-0,-0.12-0,True,True,0.0,0.0
30027,0.001148044214590621,4463.0,4.0,8568.0,0.0,0.001148044214590621,4463,4,Fergus,Montana,0.0,both,0.11480442145906211,0.11480442145906211,0.0,0.0,0.0,0.0,0.0,0.0,0.06-0.14,0.06-0.14,-0.12-0,-0.12-0,True,True,0.0,0.0
30029,0.004716858510981953,50128.0,204.0,75750.0,-0.003224113923842736,0.004716858510981953,50128,204,Flathead,Montana,-0.003224113923842736,both,0.4716858510981953,0.4716858510981953,-0.32241139238427363,-0.32241139238427363,0.0,0.0,0.0,0.0,0.37-0.70,0.37-0.70,<-0.12,<-0.12,True,True,0.0,0.0
30031,0.006551290303294914,72068.0,497.0,77076.0,0.0030767890882983638,0.006551290303294914,72068,497,Gallatin,Montana,0.0030767890882983638,both,0.6551290303294914,0.6551290303294914,0.3076789088298364,0.3076789088298364,0.0,0.0,0.0,0.0,0.37-0.70,0.37-0.70,0.24-0.57,0.24-0.57,True,True,0.0,0.0
30033,0.0,169.0,0.0,687.0,0.0,0.0,169,0,Garfield,Montana,0.0,both,0.0,0.0,0.0,0.0,0.0,0.0,0.0,0.0,0-0.06,0-0.06,-0.12-0,-0.12-0,True,True,0.0,0.0
30035,0.0008412969283276451,2720.0,2.0,8421.0,0.0,0.0008412969283276451,2720,2,Glacier,Montana,0.0,both,0.0841296928327645,0.0841296928327645,0.0,0.0,0.0,0.0,0.0,0.0,0.06-0.14,0.06-0.14,-0.12-0,-0.12-0,True,True,0.0,0.0
30037,0.0,103.0,0.0,654.0,0.0,0.0,103,0,Golden Valley,Montana,0.0,both,0.0,0.0,0.0,0.0,0.0,0.0,0.0,0.0,0-0.06,0-0.06,-0.12-0,-0.12-0,True,True,0.0,0.0
30039,0.0,605.0,0.0,2581.0,0.0,0.0,605,0,Granite,Montana,0.0,both,0.0,0.0,0.0,0.0,0.0,0.0,0.0,0.0,0-0.06,0-0.06,-0.12-0,-0.12-0,True,True,0.0,0.0
30041,0.008008743099159466,7213.0,48.0,10008.0,0.02107910458951819,0.008008743099159466,7213,48,Hill,Montana,0.02107910458951819,both,0.8008743099159465,0.8008743099159465,2.1079104589518187,2.1079104589518187,0.0,0.0,0.0,0.0,0.70+,0.70+,0.57+,0.57+,True,True,0.0,0.0
30043,0.0030236283041451353,2080.0,6.0,8988.0,0.0,0.0030236283041451353,2080,6,Jefferson,Montana,0.0,both,0.3023628304145135,0.3023628304145135,0.0,0.0,0.0,0.0,0.0,0.0,0.23-0.37,0.23-0.37,-0.12-0,-0.12-0,True,True,0.0,0.0
30045,0.004545454545454545,329.0,1.0,1452.0,0.0,0.004545454545454545,329,1,Judith Basin,Montana,0.0,both,0.45454545454545453,0.45454545454545453,0.0,0.0,0.0,0.0,0.0,0.0,0.37-0.70,0.37-0.70,-0.12-0,-0.12-0,True,True,0.0,0.0
30047,0.0012432284291866934,9144.0,9.0,22064.0,-0.0009350163627863488,0.0012432284291866934,9144,9,Lake,Montana,-0.0009350163627863488,both,0.12432284291866934,0.12432284291866934,-0.09350163627863488,-0.09350163627863488,0.0,0.0,0.0,0.0,0.06-0.14,0.06-0.14,-0.12-0,-0.12-0,True,True,0.0,0.0
30049,0.02314571864816079,56835.0,1359.0,50662.0,0.012996650725577472,0.02314571864816079,56835,1359,Lewis and Clark,Montana,0.012996650725577472,both,2.314571864816079,2.314571864816079,1.2996650725577472,1.2996650725577472,0.0,0.0,0.0,0.0,0.70+,0.70+,0.57+,0.57+,True,True,0.0,0.0
30051,0.0014705882352941176,784.0,1.0,1363.0,0.0,0.0014705882352941176,784,1,Liberty,Montana,0.0,both,0.14705882352941177,0.14705882352941177,0.0,0.0,0.0,0.0,0.0,0.0,0.14-0.23,0.14-0.23,-0.12-0,-0.12-0,True,True,0.0,0.0
30053,0.0004695067707818523,4769.0,2.0,15504.0,0.0,0.0004695067707818523,4769,2,Lincoln,Montana,0.0,both,0.04695067707818523,0.04695067707818523,0.0,0.0,0.0,0.0,0.0,0.0,0-0.06,0-0.06,-0.12-0,-0.12-0,True,True,0.0,0.0
30055,0.0,316.0,0.0,1340.0,0.0,0.0,316,0,McCone,Montana,0.0,both,0.0,0.0,0.0,0.0,0.0,0.0,0.0,0.0,0-0.06,0-0.06,-0.12-0,-0.12-0,True,True,0.0,0.0
30057,0.0,1566.0,0.0,6951.0,0.0,0.0,1566,0,Madison,Montana,0.0,both,0.0,0.0,0.0,0.0,0.0,0.0,0.0,0.0,0-0.06,0-0.06,-0.12-0,-0.12-0,True,True,0.0,0.0
30059,0.0,508.0,0.0,1490.0,0.0,0.0,508,0,Meagher,Montana,0.0,both,0.0,0.0,0.0,0.0,0.0,0.0,0.0,0.0,0-0.06,0-0.06,-0.12-0,-0.12-0,True,True,0.0,0.0
30061,0.0,861.0,0.0,3459.0,0.0,0.0,861,0,Mineral,Montana,0.0,both,0.0,0.0,0.0,0.0,0.0,0.0,0.0,0.0,0-0.06,0-0.06,-0.12-0,-0.12-0,True,True,0.0,0.0
30063,0.00575362572709677,71759.0,471.0,81050.0,0.008166421058494506,0.00575362572709677,71759,471,Missoula,Montana,0.008166421058494506,both,0.575362572709677,0.575362572709677,0.8166421058494506,0.8166421058494506,0.0,0.0,0.0,0.0,0.37-0.70,0.37-0.70,0.57+,0.57+,True,True,0.0,0.0
30065,0.0,1114.0,0.0,3692.0,0.0,0.0,1114,0,Musselshell,Montana,0.0,both,0.0,0.0,0.0,0.0,0.0,0.0,0.0,0.0,0-0.06,0-0.06,-0.12-0,-0.12-0,True,True,0.0,0.0
30067,0.0029848353405286616,7853.0,18.0,13482.0,0.0028925330848210726,0.0029848353405286616,7853,18,Park,Montana,0.0028925330848210726,both,0.29848353405286615,0.29848353405286615,0.28925330848210723,0.28925330848210723,0.0,0.0,0.0,0.0,0.23-0.37,0.23-0.37,0.24-0.57,0.24-0.57,True,True,0.0,0.0
30069,0.0,68.0,0.0,323.0,0.0,0.0,68,0,Petroleum,Montana,0.0,both,0.0,0.0,0.0,0.0,0.0,0.0,0.0,0.0,0-0.06,0-0.06,-0.12-0,-0.12-0,True,True,0.0,0.0
30071,0.014586758714466954,4146.0,47.0,3028.0,0.016487501859842286,0.014586758714466954,4146,47,Phillips,Montana,0.016487501859842286,both,1.4586758714466954,1.4586758714466954,1.6487501859842286,1.6487501859842286,0.0,0.0,0.0,0.0,0.70+,0.70+,0.57+,0.57+,True,True,0.0,0.0
30073,0.0,1528.0,0.0,4119.0,0.0,0.0,1528,0,Pondera,Montana,0.0,both,0.0,0.0,0.0,0.0,0.0,0.0,0.0,0.0,0-0.06,0-0.06,-0.12-0,-0.12-0,True,True,0.0,0.0
30075,0.006219864995178399,381.0,3.0,1373.0,-0.031578947368421054,0.006219864995178399,381,3,Powder River,Montana,-0.031578947368421054,both,0.6219864995178399,0.6219864995178399,-3.1578947368421053,-3.1578947368421053,0.0,0.0,0.0,0.0,0.37-0.70,0.37-0.70,<-0.12,<-0.12,True,True,0.0,0.0
30077,0.00105359477124183,1620.0,2.0,5489.0,-0.002136752136752137,0.00105359477124183,1620,2,Powell,Montana,-0.002136752136752137,both,0.105359477124183,0.105359477124183,-0.2136752136752137,-0.2136752136752137,0.0,0.0,0.0,0.0,0.06-0.14,0.06-0.14,<-0.12,<-0.12,True,True,0.0,0.0
30079,0.020192509905832514,6925.0,107.0,950.0,0.009172355254136361,0.020192509905832514,6925,107,Prairie,Montana,0.009172355254136361,both,2.0192509905832514,2.0192509905832514,0.9172355254136362,0.9172355254136362,0.0,0.0,0.0,0.0,0.70+,0.70+,0.57+,0.57+,True,True,0.0,0.0
30081,0.003476046659927625,10002.0,37.0,33694.0,0.004008139474469335,0.003476046659927625,10002,37,Ravalli,Montana,0.004008139474469335,both,0.3476046659927625,0.3476046659927625,0.40081394744693355,0.40081394744693355,0.0,0.0,0.0,0.0,0.23-0.37,0.23-0.37,0.24-0.57,0.24-0.57,True,True,0.0,0.0
30083,0.0036964081912279007,7680.0,28.0,7543.0,-0.006529995681958871,0.0036964081912279007,7680,28,Richland,Montana,-0.006529995681958871,both,0.36964081912279007,0.36964081912279007,-0.6529995681958871,-0.6529995681958871,0.0,0.0,0.0,0.0,0.23-0.37,0.23-0.37,<-0.12,<-0.12,True,True,0.0,0.0
30085,0.0011292488163380681,3510.0,3.0,6182.0,0.0,0.0011292488163380681,3510,3,Roosevelt,Montana,0.0,both,0.11292488163380682,0.11292488163380682,0.0,0.0,0.0,0.0,0.0,0.0,0.06-0.14,0.06-0.14,-0.12-0,-0.12-0,True,True,0.0,0.0
30087,0.0028538486507443442,2698.0,7.0,5134.0,0.0011016828684213406,0.0028538486507443442,2698,7,Rosebud,Montana,0.0011016828684213406,both,0.28538486507443445,0.28538486507443445,0.11016828684213406,0.11016828684213406,0.0,0.0,0.0,0.0,0.23-0.37,0.23-0.37,0.09-0.24,0.09-0.24,True,True,0.0,0.0
30089,0.0008071289831487217,3066.0,2.0,9732.0,-0.0010976948408342481,0.0008071289831487217,3066,2,Sanders,Montana,-0.0010976948408342481,both,0.08071289831487216,0.08071289831487216,-0.10976948408342481,-0.10976948408342481,0.0,0.0,0.0,0.0,0.06-0.14,0.06-0.14,-0.12-0,-0.12-0,True,True,0.0,0.0
30091,0.0,1252.0,0.0,2643.0,0.0,0.0,1252,0,Sheridan,Montana,0.0,both,0.0,0.0,0.0,0.0,0.0,0.0,0.0,0.0,0-0.06,0-0.06,-0.12-0,-0.12-0,True,True,0.0,0.0
30093,0.003217884751907094,21965.0,79.0,24314.0,0.00540036596947166,0.003217884751907094,21965,79,Silver Bow,Montana,0.00540036596947166,both,0.3217884751907094,0.3217884751907094,0.540036596947166,0.540036596947166,0.0,0.0,0.0,0.0,0.23-0.37,0.23-0.37,0.24-0.57,0.24-0.57,True,True,0.0,0.0
30095,0.0021929387829921487,3047.0,7.0,6538.0,0.004545454545454545,0.0021929387829921487,3047,7,Stillwater,Montana,0.004545454545454545,both,0.21929387829921487,0.21929387829921487,0.45454545454545453,0.45454545454545453,0.0,0.0,0.0,0.0,0.14-0.23,0.14-0.23,0.24-0.57,0.24-0.57,True,True,0.0,0.0
30097,0.001680672268907563,1187.0,2.0,2593.0,0.007751937984496124,0.001680672268907563,1187,2,Sweet Grass,Montana,0.007751937984496124,both,0.1680672268907563,0.1680672268907563,0.7751937984496124,0.7751937984496124,0.0,0.0,0.0,0.0,0.14-0.23,0.14-0.23,0.57+,0.57+,True,True,0.0,0.0
30099,0.0,1087.0,0.0,4253.0,0.0,0.0,1087,0,Teton,Montana,0.0,both,0.0,0.0,0.0,0.0,0.0,0.0,0.0,0.0,0-0.06,0-0.06,-0.12-0,-0.12-0,True,True,0.0,0.0
30101,0.0008032708032708034,2803.0,2.0,3554.0,0.0,0.0008032708032708034,2803,2,Toole,Montana,0.0,both,0.08032708032708034,0.08032708032708034,0.0,0.0,0.0,0.0,0.0,0.0,0.06-0.14,0.06-0.14,-0.12-0,-0.12-0,True,True,0.0,0.0
30103,0.0,135.0,0.0,538.0,0.0,0.0,135,0,Treasure,Montana,0.0,both,0.0,0.0,0.0,0.0,0.0,0.0,0.0,0.0,0-0.06,0-0.06,-0.12-0,-0.12-0,True,True,0.0,0.0
30105,0.0,2435.0,0.0,5374.0,0.0,0.0,2435,0,Valley,Montana,0.0,both,0.0,0.0,0.0,0.0,0.0,0.0,0.0,0.0,0-0.06,0-0.06,-0.12-0,-0.12-0,True,True,0.0,0.0
30107,0.0,555.0,0.0,1522.0,0.0,0.0,555,0,Wheatland,Montana,0.0,both,0.0,0.0,0.0,0.0,0.0,0.0,0.0,0.0,0-0.06,0-0.06,-0.12-0,-0.12-0,True,True,0.0,0.0
30109,0.0,107.0,0.0,773.0,0.0,0.0,107,0,Wibaux,Montana,0.0,both,0.0,0.0,0.0,0.0,0.0,0.0,0.0,0.0,0-0.06,0-0.06,-0.12-0,-0.12-0,True,True,0.0,0.0
30111,0.005509573591115698,170061.0,1158.0,113507.0,0.005231745643944286,0.005509573591115698,170061,1158,Yellowstone,Montana,0.005231745643944286,both,0.5509573591115698,0.5509573591115698,0.5231745643944287,0.5231745643944287,0.0,0.0,0.0,0.0,0.37-0.70,0.37-0.70,0.24-0.57,0.24-0.57,True,True,0.0,0.0
30999,,,,,,0.016236942882381096,7305,397,"[Montana, county not reported]",Montana,0.08000428199947694,right_only,,1.6236942882381096,,8.000428199947693,,,,,No data,0.70+,No data,0.57+,False,False,,
31001,0.0046252328102328755,14398.0,81.0,20343.0,0.00881427072402938,0.0046252328102328755,14398,81,Adams,Nebraska,0.00881427072402938,both,0.46252328102328755,0.46252328102328755,0.881427072402938,0.881427072402938,0.0,0.0,0.0,0.0,0.37-0.70,0.37-0.70,0.57+,0.57+,True,True,0.0,0.0
31003,0.0006535947712418301,1406.0,1.0,4288.0,0.0033222591362126247,0.0006535947712418301,1406,1,Antelope,Nebraska,0.0033222591362126247,both,0.06535947712418301,0.06535947712418301,0.33222591362126247,0.33222591362126247,0.0,0.0,0.0,0.0,0.06-0.14,0.06-0.14,0.24-0.57,0.24-0.57,True,True,0.0,0.0
31005,0.0,87.0,0.0,315.0,0.0,0.0,87,0,Arthur,Nebraska,0.0,both,0.0,0.0,0.0,0.0,0.0,0.0,0.0,0.0,0-0.06,0-0.06,-0.12-0,-0.12-0,True,True,0.0,0.0
31007,0.0,91.0,0.0,510.0,0.0,0.0,91,0,Banner,Nebraska,0.0,both,0.0,0.0,0.0,0.0,0.0,0.0,0.0,0.0,0-0.06,0-0.06,-0.12-0,-0.12-0,True,True,0.0,0.0
31009,0.0,119.0,0.0,322.0,0.0,0.0,119,0,Blaine,Nebraska,0.0,both,0.0,0.0,0.0,0.0,0.0,0.0,0.0,0.0,0-0.06,0-0.06,-0.12-0,-0.12-0,True,True,0.0,0.0
31011,0.0011446818963399656,2511.0,4.0,3747.0,0.0,0.0011446818963399656,2511,4,Boone,Nebraska,0.0,both,0.11446818963399656,0.11446818963399656,0.0,0.0,0.0,0.0,0.0,0.0,0.06-0.14,0.06-0.14,-0.12-0,-0.12-0,True,True,0.0,0.0
31013,0.0037024006298890374,8192.0,27.0,7434.0,0.005291005291005291,0.0037024006298890374,8192,27,Box Butte,Nebraska,0.005291005291005291,both,0.3702400629889037,0.3702400629889037,0.5291005291005291,0.5291005291005291,0.0,0.0,0.0,0.0,0.37-0.70,0.37-0.70,0.24-0.57,0.24-0.57,True,True,0.0,0.0
31015,0.006513624486748787,580.0,6.0,1343.0,0.037267080745341616,0.006513624486748787,580,6,Boyd,Nebraska,0.037267080745341616,both,0.6513624486748787,0.6513624486748787,3.7267080745341614,3.7267080745341614,0.0,0.0,0.0,0.0,0.37-0.70,0.37-0.70,0.57+,0.57+,True,True,0.0,0.0
31017,0.004126385486237475,1070.0,3.0,1988.0,0.0035211267605633804,0.004126385486237475,1070,3,Brown,Nebraska,0.0035211267605633804,both,0.41263854862374755,0.41263854862374755,0.35211267605633806,0.35211267605633806,0.0,0.0,0.0,0.0,0.37-0.70,0.37-0.70,0.24-0.57,0.24-0.57,True,True,0.0,0.0
31019,0.0028787014394023487,37642.0,106.0,31028.0,0.002236044730871494,0.0028787014394023487,37642,106,Buffalo,Nebraska,0.002236044730871494,both,0.28787014394023486,0.28787014394023486,0.2236044730871494,0.2236044730871494,0.0,0.0,0.0,0.0,0.23-0.37,0.23-0.37,0.09-0.24,0.09-0.24,True,True,0.0,0.0
31021,0.0011094566581997607,1664.0,2.0,4723.0,0.0036496350364963502,0.0011094566581997607,1664,2,Burt,Nebraska,0.0036496350364963502,both,0.11094566581997607,0.11094566581997607,0.36496350364963503,0.36496350364963503,0.0,0.0,0.0,0.0,0.06-0.14,0.06-0.14,0.24-0.57,0.24-0.57,True,True,0.0,0.0
31023,0.0012212800943627268,2233.0,4.0,5785.0,0.0022158187599364072,0.0012212800943627268,2233,4,Butler,Nebraska,0.0022158187599364072,both,0.12212800943627268,0.12212800943627268,0.22158187599364074,0.22158187599364074,0.0,0.0,0.0,0.0,0.06-0.14,0.06-0.14,0.09-0.24,0.09-0.24,True,True,0.0,0.0
31025,0.0025902857623859702,10580.0,32.0,18457.0,0.0014490842050790473,0.0025902857623859702,10580,32,Cass,Nebraska,0.0014490842050790473,both,0.25902857623859704,0.25902857623859704,0.14490842050790473,0.14490842050790473,0.0,0.0,0.0,0.0,0.23-0.37,0.23-0.37,0.09-0.24,0.09-0.24,True,True,0.0,0.0
31027,0.0004484304932735426,2245.0,1.0,5583.0,-0.0019880715705765406,0.0004484304932735426,2245,1,Cedar,Nebraska,-0.0019880715705765406,both,0.04484304932735426,0.04484304932735426,-0.19880715705765406,-0.19880715705765406,0.0,0.0,0.0,0.0,0-0.06,0-0.06,<-0.12,<-0.12,True,True,0.0,0.0
31029,0.01158682634730539,1264.0,24.0,2570.0,0.034055727554179564,0.01158682634730539,1264,24,Chase,Nebraska,0.034055727554179564,both,1.158682634730539,1.158682634730539,3.4055727554179565,3.4055727554179565,0.0,0.0,0.0,0.0,0.70+,0.70+,0.57+,0.57+,True,True,0.0,0.0
31031,0.00943439777604932,2111.0,17.0,3749.0,-0.003629764065335753,0.00943439777604932,2111,17,Cherry,Nebraska,-0.003629764065335753,both,0.9434397776049319,0.9434397776049319,-0.3629764065335753,-0.3629764065335753,0.0,0.0,0.0,0.0,0.70+,0.70+,<-0.12,<-0.12,True,True,0.0,0.0
31033,0.013603021667165488,6705.0,86.0,6642.0,-0.007387156233871563,0.013603021667165488,6705,86,Cheyenne,Nebraska,-0.007387156233871563,both,1.3603021667165487,1.3603021667165487,-0.7387156233871564,-0.7387156233871564,0.0,0.0,0.0,0.0,0.70+,0.70+,<-0.12,<-0.12,True,True,0.0,0.0
31035,0.0018867924528301887,1315.0,1.0,4181.0,0.0,0.0018867924528301887,1315,1,Clay,Nebraska,0.0,both,0.18867924528301888,0.18867924528301888,0.0,0.0,0.0,0.0,0.0,0.0,0.14-0.23,0.14-0.23,-0.12-0,-0.12-0,True,True,0.0,0.0
31037,0.0017269200544288489,3655.0,6.0,6596.0,1.4926798977812905e-05,0.0017269200544288489,3655,6,Colfax,Nebraska,1.4926798977812905e-05,both,0.17269200544288488,0.17269200544288488,0.0014926798977812905,0.0014926798977812905,0.0,0.0,0.0,0.0,0.14-0.23,0.14-0.23,0-0.09,0-0.09,True,True,0.0,0.0
31039,0.0,1984.0,0.0,6124.0,0.0,0.0,1984,0,Cuming,Nebraska,0.0,both,0.0,0.0,0.0,0.0,0.0,0.0,0.0,0.0,0-0.06,0-0.06,-0.12-0,-0.12-0,True,True,0.0,0.0
31041,0.0013583970798925996,4619.0,7.0,7313.0,-0.004359197907585004,0.0013583970798925996,4619,7,Custer,Nebraska,-0.004359197907585004,both,0.13583970798925996,0.13583970798925996,-0.4359197907585004,-0.4359197907585004,0.0,0.0,0.0,0.0,0.06-0.14,0.06-0.14,<-0.12,<-0.12,True,True,0.0,0.0
31043,0.0005736724045948781,9696.0,6.0,12896.0,0.0005351342952106997,0.0005736724045948781,9696,6,Dakota,Nebraska,0.0005351342952106997,both,0.05736724045948781,0.05736724045948781,0.053513429521069966,0.053513429521069966,0.0,0.0,0.0,0.0,0-0.06,0-0.06,0-0.09,0-0.09,True,True,0.0,0.0
31045,0.0,3842.0,0.0,5179.0,0.0,0.0,3842,0,Dawes,Nebraska,0.0,both,0.0,0.0,0.0,0.0,0.0,0.0,0.0,0.0,0-0.06,0-0.06,-0.12-0,-0.12-0,True,True,0.0,0.0
31047,0.006049324625186889,7225.0,43.0,15509.0,0.010475487731702966,0.006049324625186889,7225,43,Dawson,Nebraska,0.010475487731702966,both,0.6049324625186889,0.6049324625186889,1.0475487731702966,1.0475487731702966,0.0,0.0,0.0,0.0,0.37-0.70,0.37-0.70,0.57+,0.57+,True,True,0.0,0.0
31049,0.0013513513513513514,910.0,1.0,1423.0,0.006329113924050633,0.0013513513513513514,910,1,Deuel,Nebraska,0.006329113924050633,both,0.13513513513513514,0.13513513513513514,0.6329113924050633,0.6329113924050633,0.0,0.0,0.0,0.0,0.06-0.14,0.06-0.14,0.57+,0.57+,True,True,0.0,0.0
31051,0.0008595988538681948,3577.0,3.0,3735.0,0.0,0.0008595988538681948,3577,3,Dixon,Nebraska,0.0,both,0.08595988538681948,0.08595988538681948,0.0,0.0,0.0,0.0,0.0,0.0,0.06-0.14,0.06-0.14,-0.12-0,-0.12-0,True,True,0.0,0.0
31053,0.0007617932717469595,24499.0,23.0,24741.0,0.001080691642651297,0.0007617932717469595,24499,23,Dodge,Nebraska,0.001080691642651297,both,0.07617932717469596,0.07617932717469596,0.10806916426512969,0.10806916426512969,0.0,0.0,0.0,0.0,0.06-0.14,0.06-0.14,0.09-0.24,0.09-0.24,True,True,0.0,0.0
31055,0.01347149976051788,730443.0,10515.0,381023.0,0.0033275553695040205,0.01347149976051788,730443,10515,Douglas,Nebraska,0.0033275553695040205,both,1.347149976051788,1.347149976051788,0.33275553695040205,0.33275553695040205,0.0,0.0,0.0,0.0,0.70+,0.70+,0.24-0.57,0.24-0.57,True,True,0.0,0.0
31057,0.014559386973180077,241.0,2.0,1248.0,0.01282051282051282,0.014559386973180077,241,2,Dundy,Nebraska,0.01282051282051282,both,1.4559386973180077,1.4559386973180077,1.282051282051282,1.282051282051282,0.0,0.0,0.0,0.0,0.70+,0.70+,0.57+,0.57+,True,True,0.0,0.0
31059,0.0,1973.0,0.0,4136.0,0.0,0.0,1973,0,Fillmore,Nebraska,0.0,both,0.0,0.0,0.0,0.0,0.0,0.0,0.0,0.0,0-0.06,0-0.06,-0.12-0,-0.12-0,True,True,0.0,0.0
31061,0.00593517163443147,707.0,4.0,2167.0,-0.004098124098124099,0.00593517163443147,707,4,Franklin,Nebraska,-0.004098124098124099,both,0.5935171634431471,0.5935171634431471,-0.4098124098124099,-0.4098124098124099,0.0,0.0,0.0,0.0,0.37-0.70,0.37-0.70,<-0.12,<-0.12,True,True,0.0,0.0
31063,0.00196078431372549,374.0,1.0,1692.0,-0.007936507936507936,0.00196078431372549,374,1,Frontier,Nebraska,-0.007936507936507936,both,0.19607843137254902,0.19607843137254902,-0.7936507936507936,-0.7936507936507936,0.0,0.0,0.0,0.0,0.14-0.23,0.14-0.23,<-0.12,<-0.12,True,True,0.0,0.0
31065,0.0,1805.0,0.0,3285.0,0.0,0.0,1805,0,Furnas,Nebraska,0.0,both,0.0,0.0,0.0,0.0,0.0,0.0,0.0,0.0,0-0.06,0-0.06,-0.12-0,-0.12-0,True,True,0.0,0.0
31067,0.0016076925026138264,11387.0,21.0,15167.0,0.004059147579008408,0.0016076925026138264,11387,21,Gage,Nebraska,0.004059147579008408,both,0.16076925026138264,0.16076925026138264,0.4059147579008408,0.4059147579008408,0.0,0.0,0.0,0.0,0.14-0.23,0.14-0.23,0.24-0.57,0.24-0.57,True,True,0.0,0.0
31069,0.016644043436601724,800.0,36.0,1297.0,0.034129692832764506,0.016644043436601724,800,36,Garden,Nebraska,0.034129692832764506,both,1.6644043436601725,1.6644043436601725,3.4129692832764507,3.4129692832764507,0.0,0.0,0.0,0.0,0.70+,0.70+,0.57+,0.57+,True,True,0.0,0.0
31071,0.0,402.0,0.0,1346.0,0.0,0.0,402,0,Garfield,Nebraska,0.0,both,0.0,0.0,0.0,0.0,0.0,0.0,0.0,0.0,0-0.06,0-0.06,-0.12-0,-0.12-0,True,True,0.0,0.0
31073,0.0014492753623188406,415.0,1.0,1445.0,-0.005988023952095809,0.0014492753623188406,415,1,Gosper,Nebraska,-0.005988023952095809,both,0.14492753623188406,0.14492753623188406,-0.5988023952095809,-0.5988023952095809,0.0,0.0,0.0,0.0,0.14-0.23,0.14-0.23,<-0.12,<-0.12,True,True,0.0,0.0
31075,0.0,109.0,0.0,445.0,0.0,0.0,109,0,Grant,Nebraska,0.0,both,0.0,0.0,0.0,0.0,0.0,0.0,0.0,0.0,0-0.06,0-0.06,-0.12-0,-0.12-0,True,True,0.0,0.0
31077,0.014285714285714285,296.0,1.0,1535.0,0.0,0.014285714285714285,296,1,Greeley,Nebraska,0.0,both,1.4285714285714286,1.4285714285714286,0.0,0.0,0.0,0.0,0.0,0.0,0.70+,0.70+,-0.12-0,-0.12-0,True,True,0.0,0.0
31079,0.0024516586858925596,42746.0,109.0,40196.0,0.005069214271787873,0.0024516586858925596,42746,109,Hall,Nebraska,0.005069214271787873,both,0.24516586858925596,0.24516586858925596,0.5069214271787873,0.5069214271787873,0.0,0.0,0.0,0.0,0.23-0.37,0.23-0.37,0.24-0.57,0.24-0.57,True,True,0.0,0.0
31081,0.0015449069681872916,3127.0,5.0,6405.0,0.002288329519450801,0.0015449069681872916,3127,5,Hamilton,Nebraska,0.002288329519450801,both,0.15449069681872915,0.15449069681872915,0.2288329519450801,0.2288329519450801,0.0,0.0,0.0,0.0,0.14-0.23,0.14-0.23,0.09-0.24,0.09-0.24,True,True,0.0,0.0
31083,0.0006578947368421052,1190.0,1.0,2173.0,0.0022271714922048997,0.0006578947368421052,1190,1,Harlan,Nebraska,0.0022271714922048997,both,0.06578947368421052,0.06578947368421052,0.22271714922048996,0.22271714922048996,0.0,0.0,0.0,0.0,0.06-0.14,0.06-0.14,0.09-0.24,0.09-0.24,True,True,0.0,0.0
31085,0.00625,72.0,1.0,681.0,-0.030303030303030304,0.00625,72,1,Hayes,Nebraska,-0.030303030303030304,both,0.625,0.625,-3.0303030303030303,-3.0303030303030303,0.0,0.0,0.0,0.0,0.37-0.70,0.37-0.70,<-0.12,<-0.12,True,True,0.0,0.0
31087,0.0,327.0,0.0,1848.0,0.0,0.0,327,0,Hitchcock,Nebraska,0.0,both,0.0,0.0,0.0,0.0,0.0,0.0,0.0,0.0,0-0.06,0-0.06,-0.12-0,-0.12-0,True,True,0.0,0.0
31089,0.0002457002457002457,3606.0,1.0,6891.0,0.0012658227848101266,0.0002457002457002457,3606,1,Holt,Nebraska,0.0012658227848101266,both,0.02457002457002457,0.02457002457002457,0.12658227848101267,0.12658227848101267,0.0,0.0,0.0,0.0,0-0.06,0-0.06,0.09-0.24,0.09-0.24,True,True,0.0,0.0
31091,0.0,124.0,0.0,420.0,0.0,0.0,124,0,Hooker,Nebraska,0.0,both,0.0,0.0,0.0,0.0,0.0,0.0,0.0,0.0,0-0.06,0-0.06,-0.12-0,-0.12-0,True,True,0.0,0.0
31093,0.0,1063.0,0.0,4497.0,0.0,0.0,1063,0,Howard,Nebraska,0.0,both,0.0,0.0,0.0,0.0,0.0,0.0,0.0,0.0,0-0.06,0-0.06,-0.12-0,-0.12-0,True,True,0.0,0.0
31095,0.002037418891539073,2314.0,4.0,5169.0,-0.001763668430335097,0.002037418891539073,2314,4,Jefferson,Nebraska,-0.001763668430335097,both,0.2037418891539073,0.2037418891539073,-0.1763668430335097,-0.1763668430335097,0.0,0.0,0.0,0.0,0.14-0.23,0.14-0.23,<-0.12,<-0.12,True,True,0.0,0.0
31097,0.0,1929.0,0.0,3829.0,0.0,0.0,1929,0,Johnson,Nebraska,0.0,both,0.0,0.0,0.0,0.0,0.0,0.0,0.0,0.0,0-0.06,0-0.06,-0.12-0,-0.12-0,True,True,0.0,0.0
31099,0.005510653031320416,1805.0,10.0,4456.0,0.008605851979345954,0.005510653031320416,1805,10,Kearney,Nebraska,0.008605851979345954,both,0.5510653031320416,0.5510653031320416,0.8605851979345954,0.8605851979345954,0.0,0.0,0.0,0.0,0.37-0.70,0.37-0.70,0.57+,0.57+,True,True,0.0,0.0
31101,0.005327320463783562,5208.0,30.0,6130.0,0.009026632805020742,0.005327320463783562,5208,30,Keith,Nebraska,0.009026632805020742,both,0.5327320463783561,0.5327320463783561,0.9026632805020742,0.9026632805020742,0.0,0.0,0.0,0.0,0.37-0.70,0.37-0.70,0.57+,0.57+,True,True,0.0,0.0
31103,0.0,120.0,0.0,633.0,0.0,0.0,120,0,Keya Paha,Nebraska,0.0,both,0.0,0.0,0.0,0.0,0.0,0.0,0.0,0.0,0-0.06,0-0.06,-0.12-0,-0.12-0,True,True,0.0,0.0
31105,0.0034194173318036077,1813.0,5.0,2506.0,-0.00038556556756679547,0.0034194173318036077,1813,5,Kimball,Nebraska,-0.00038556556756679547,both,0.34194173318036075,0.34194173318036075,-0.038556556756679544,-0.038556556756679544,0.0,0.0,0.0,0.0,0.23-0.37,0.23-0.37,-0.12-0,-0.12-0,True,True,0.0,0.0
31107,0.017502167887878332,3720.0,53.0,5741.0,0.0495016884935343,0.017502167887878332,3720,53,Knox,Nebraska,0.0495016884935343,both,1.7502167887878333,1.7502167887878333,4.95016884935343,4.95016884935343,0.0,0.0,0.0,0.0,0.70+,0.70+,0.57+,0.57+,True,True,0.0,0.0
31109,0.010287555037236171,319298.0,3818.0,201049.0,0.004964895938676998,0.010287555037236171,319298,3818,Lancaster,Nebraska,0.004964895938676998,both,1.0287555037236171,1.0287555037236171,0.49648959386769975,0.49648959386769975,0.0,0.0,0.0,0.0,0.70+,0.70+,0.24-0.57,0.24-0.57,True,True,0.0,0.0
31111,0.0033865896452399875,19465.0,68.0,23882.0,0.00773649954271305,0.0033865896452399875,19465,68,Lincoln,Nebraska,0.00773649954271305,both,0.33865896452399874,0.33865896452399874,0.773649954271305,0.773649954271305,0.0,0.0,0.0,0.0,0.23-0.37,0.23-0.37,0.57+,0.57+,True,True,0.0,0.0
31113,0.0,153.0,0.0,558.0,0.0,0.0,153,0,Logan,Nebraska,0.0,both,0.0,0.0,0.0,0.0,0.0,0.0,0.0,0.0,0-0.06,0-0.06,-0.12-0,-0.12-0,True,True,0.0,0.0
31115,0.0,56.0,0.0,461.0,0.0,0.0,56,0,Loup,Nebraska,0.0,both,0.0,0.0,0.0,0.0,0.0,0.0,0.0,0.0,0-0.06,0-0.06,-0.12-0,-0.12-0,True,True,0.0,0.0
31117,0.0,78.0,0.0,339.0,0.0,0.0,78,0,McPherson,Nebraska,0.0,both,0.0,0.0,0.0,0.0,0.0,0.0,0.0,0.0,0-0.06,0-0.06,-0.12-0,-0.12-0,True,True,0.0,0.0
31119,0.0015745862431854947,21887.0,33.0,23257.0,0.001015572105619499,0.0015745862431854947,21887,33,Madison,Nebraska,0.001015572105619499,both,0.15745862431854948,0.15745862431854948,0.1015572105619499,0.1015572105619499,0.0,0.0,0.0,0.0,0.14-0.23,0.14-0.23,0.09-0.24,0.09-0.24,True,True,0.0,0.0
31121,0.00441834950475322,4006.0,26.0,5437.0,0.006826651774144684,0.00441834950475322,4006,26,Merrick,Nebraska,0.006826651774144684,both,0.44183495047532206,0.44183495047532206,0.6826651774144684,0.6826651774144684,0.0,0.0,0.0,0.0,0.37-0.70,0.37-0.70,0.57+,0.57+,True,True,0.0,0.0
31123,0.0013888888888888887,1070.0,1.0,3126.0,0.0,0.0013888888888888887,1070,1,Morrill,Nebraska,0.0,both,0.13888888888888887,0.13888888888888887,0.0,0.0,0.0,0.0,0.0,0.0,0.06-0.14,0.06-0.14,-0.12-0,-0.12-0,True,True,0.0,0.0
31125,0.0,616.0,0.0,2370.0,0.0,0.0,616,0,Nance,Nebraska,0.0,both,0.0,0.0,0.0,0.0,0.0,0.0,0.0,0.0,0-0.06,0-0.06,-0.12-0,-0.12-0,True,True,0.0,0.0
31127,0.0,2460.0,0.0,4607.0,0.0,0.0,2460,0,Nemaha,Nebraska,0.0,both,0.0,0.0,0.0,0.0,0.0,0.0,0.0,0.0,0-0.06,0-0.06,-0.12-0,-0.12-0,True,True,0.0,0.0
31129,0.0008,1482.0,1.0,3020.0,0.0,0.0008,1482,1,Nuckolls,Nebraska,0.0,both,0.08,0.08,0.0,0.0,0.0,0.0,0.0,0.0,0.06-0.14,0.06-0.14,-0.12-0,-0.12-0,True,True,0.0,0.0
31131,0.0017250063868194364,12227.0,27.0,10972.0,0.002934571772623897,0.0017250063868194364,12227,27,Otoe,Nebraska,0.002934571772623897,both,0.17250063868194362,0.17250063868194362,0.29345717726238973,0.29345717726238973,0.0,0.0,0.0,0.0,0.14-0.23,0.14-0.23,0.24-0.57,0.24-0.57,True,True,0.0,0.0
31133,0.0,832.0,0.0,1794.0,0.0,0.0,832,0,Pawnee,Nebraska,0.0,both,0.0,0.0,0.0,0.0,0.0,0.0,0.0,0.0,0-0.06,0-0.06,-0.12-0,-0.12-0,True,True,0.0,0.0
31135,0.0,497.0,0.0,1965.0,0.0,0.0,497,0,Perkins,Nebraska,0.0,both,0.0,0.0,0.0,0.0,0.0,0.0,0.0,0.0,0-0.06,0-0.06,-0.12-0,-0.12-0,True,True,0.0,0.0
31137,0.006024764314646583,6300.0,58.0,6092.0,0.009773936170212766,0.006024764314646583,6300,58,Phelps,Nebraska,0.009773936170212766,both,0.6024764314646583,0.6024764314646583,0.9773936170212766,0.9773936170212766,0.0,0.0,0.0,0.0,0.37-0.70,0.37-0.70,0.57+,0.57+,True,True,0.0,0.0
31139,0.008242074109908949,1767.0,16.0,4940.0,-0.010490674642363366,0.008242074109908949,1767,16,Pierce,Nebraska,-0.010490674642363366,both,0.8242074109908949,0.8242074109908949,-1.0490674642363367,-1.0490674642363367,0.0,0.0,0.0,0.0,0.70+,0.70+,<-0.12,<-0.12,True,True,0.0,0.0
31141,0.004550992862701182,22694.0,105.0,22403.0,0.0016422755790311203,0.004550992862701182,22694,105,Platte,Nebraska,0.0016422755790311203,both,0.45509928627011825,0.45509928627011825,0.16422755790311203,0.16422755790311203,0.0,0.0,0.0,0.0,0.37-0.70,0.37-0.70,0.09-0.24,0.09-0.24,True,True,0.0,0.0
31143,0.0017241379310344827,985.0,1.0,3598.0,0.0,0.0017241379310344827,985,1,Polk,Nebraska,0.0,both,0.1724137931034483,0.1724137931034483,0.0,0.0,0.0,0.0,0.0,0.0,0.14-0.23,0.14-0.23,-0.12-0,-0.12-0,True,True,0.0,0.0
31145,0.0010026745090517745,3553.0,3.0,7380.0,0.0,0.0010026745090517745,3553,3,Red Willow,Nebraska,0.0,both,0.10026745090517745,0.10026745090517745,0.0,0.0,0.0,0.0,0.0,0.0,0.06-0.14,0.06-0.14,-0.12-0,-0.12-0,True,True,0.0,0.0
31147,0.00028169014084507044,2210.0,1.0,5672.0,0.0,0.00028169014084507044,2210,1,Richardson,Nebraska,0.0,both,0.028169014084507043,0.028169014084507043,0.0,0.0,0.0,0.0,0.0,0.0,0-0.06,0-0.06,-0.12-0,-0.12-0,True,True,0.0,0.0
31149,0.0,119.0,0.0,925.0,0.0,0.0,119,0,Rock,Nebraska,0.0,both,0.0,0.0,0.0,0.0,0.0,0.0,0.0,0.0,0-0.06,0-0.06,-0.12-0,-0.12-0,True,True,0.0,0.0
31151,0.004940958734492212,11198.0,72.0,9320.0,0.007849621431254759,0.004940958734492212,11198,72,Saline,Nebraska,0.007849621431254759,both,0.49409587344922123,0.49409587344922123,0.7849621431254759,0.7849621431254759,0.0,0.0,0.0,0.0,0.37-0.70,0.37-0.70,0.57+,0.57+,True,True,0.0,0.0
31153,0.012863149314574083,142003.0,2036.0,123235.0,0.007084219983136776,0.012863149314574083,142003,2036,Sarpy,Nebraska,0.007084219983136776,both,1.2863149314574083,1.2863149314574083,0.7084219983136776,0.7084219983136776,0.0,0.0,0.0,0.0,0.70+,0.70+,0.57+,0.57+,True,True,0.0,0.0
31155,0.002152758892281228,8680.0,23.0,15336.0,0.0027416038382453737,0.002152758892281228,8680,23,Saunders,Nebraska,0.0027416038382453737,both,0.2152758892281228,0.2152758892281228,0.2741603838245374,0.2741603838245374,0.0,0.0,0.0,0.0,0.14-0.23,0.14-0.23,0.24-0.57,0.24-0.57,True,True,0.0,0.0
31157,0.002365508724713643,20899.0,55.0,24201.0,0.0024727158092131985,0.002365508724713643,20899,55,Scotts Bluff,Nebraska,0.0024727158092131985,both,0.2365508724713643,0.2365508724713643,0.24727158092131984,0.24727158092131984,0.0,0.0,0.0,0.0,0.23-0.37,0.23-0.37,0.24-0.57,0.24-0.57,True,True,0.0,0.0
31159,0.0021485866301946717,8361.0,16.0,11099.0,0.002258185923974407,0.0021485866301946717,8361,16,Seward,Nebraska,0.002258185923974407,both,0.21485866301946716,0.21485866301946716,0.22581859239744073,0.22581859239744073,0.0,0.0,0.0,0.0,0.14-0.23,0.14-0.23,0.09-0.24,0.09-0.24,True,True,0.0,0.0
31161,0.0003472222222222222,1718.0,1.0,3595.0,-0.0017452006980802793,0.0003472222222222222,1718,1,Sheridan,Nebraska,-0.0017452006980802793,both,0.03472222222222222,0.03472222222222222,-0.17452006980802792,-0.17452006980802792,0.0,0.0,0.0,0.0,0-0.06,0-0.06,<-0.12,<-0.12,True,True,0.0,0.0
31163,0.0,484.0,0.0,2158.0,0.0,0.0,484,0,Sherman,Nebraska,0.0,both,0.0,0.0,0.0,0.0,0.0,0.0,0.0,0.0,0-0.06,0-0.06,-0.12-0,-0.12-0,True,True,0.0,0.0
31165,0.0,101.0,0.0,783.0,0.0,0.0,101,0,Sioux,Nebraska,0.0,both,0.0,0.0,0.0,0.0,0.0,0.0,0.0,0.0,0-0.06,0-0.06,-0.12-0,-0.12-0,True,True,0.0,0.0
31167,0.0027730294396961066,490.0,2.0,3980.0,-0.0047169811320754715,0.0027730294396961066,490,2,Stanton,Nebraska,-0.0047169811320754715,both,0.27730294396961064,0.27730294396961064,-0.4716981132075472,-0.4716981132075472,0.0,0.0,0.0,0.0,0.23-0.37,0.23-0.37,<-0.12,<-0.12,True,True,0.0,0.0
31169,0.0026560232220609577,1568.0,2.0,3514.0,0.0,0.0026560232220609577,1568,2,Thayer,Nebraska,0.0,both,0.26560232220609575,0.26560232220609575,0.0,0.0,0.0,0.0,0.0,0.0,0.23-0.37,0.23-0.37,-0.12-0,-0.12-0,True,True,0.0,0.0
31171,0.0,259.0,0.0,496.0,0.0,0.0,259,0,Thomas,Nebraska,0.0,both,0.0,0.0,0.0,0.0,0.0,0.0,0.0,0.0,0-0.06,0-0.06,-0.12-0,-0.12-0,True,True,0.0,0.0
31173,0.0,2536.0,0.0,3660.0,0.0,0.0,2536,0,Thurston,Nebraska,0.0,both,0.0,0.0,0.0,0.0,0.0,0.0,0.0,0.0,0-0.06,0-0.06,-0.12-0,-0.12-0,True,True,0.0,0.0
31175,0.005715074457429527,1242.0,6.0,2868.0,-0.00510204081632653,0.005715074457429527,1242,6,Valley,Nebraska,-0.00510204081632653,both,0.5715074457429528,0.5715074457429528,-0.5102040816326531,-0.5102040816326531,0.0,0.0,0.0,0.0,0.37-0.70,0.37-0.70,<-0.12,<-0.12,True,True,0.0,0.0
31177,0.004297944649906812,14448.0,79.0,14264.0,-0.007470991715089893,0.004297944649906812,14448,79,Washington,Nebraska,-0.007470991715089893,both,0.4297944649906812,0.4297944649906812,-0.7470991715089893,-0.7470991715089893,0.0,0.0,0.0,0.0,0.37-0.70,0.37-0.70,<-0.12,<-0.12,True,True,0.0,0.0
31179,0.0005208333333333333,2740.0,2.0,5479.0,-0.0026702269692923898,0.0005208333333333333,2740,2,Wayne,Nebraska,-0.0026702269692923898,both,0.052083333333333336,0.052083333333333336,-0.26702269692923897,-0.26702269692923897,0.0,0.0,0.0,0.0,0-0.06,0-0.06,<-0.12,<-0.12,True,True,0.0,0.0
31181,0.002690166975881261,983.0,3.0,2401.0,0.003105590062111801,0.002690166975881261,983,3,Webster,Nebraska,0.003105590062111801,both,0.26901669758812613,0.26901669758812613,0.3105590062111801,0.3105590062111801,0.0,0.0,0.0,0.0,0.23-0.37,0.23-0.37,0.24-0.57,0.24-0.57,True,True,0.0,0.0
31183,0.0,125.0,0.0,611.0,0.0,0.0,125,0,Wheeler,Nebraska,0.0,both,0.0,0.0,0.0,0.0,0.0,0.0,0.0,0.0,0-0.06,0-0.06,-0.12-0,-0.12-0,True,True,0.0,0.0
31185,0.003993304888128833,9330.0,37.0,9553.0,0.0044231478068558795,0.003993304888128833,9330,37,York,Nebraska,0.0044231478068558795,both,0.3993304888128833,0.3993304888128833,0.44231478068558794,0.44231478068558794,0.0,0.0,0.0,0.0,0.37-0.70,0.37-0.70,0.24-0.57,0.24-0.57,True,True,0.0,0.0
31999,,,,,,0.018048028713203722,77276,2890,"[Nebraska, county not reported]",Nebraska,0.053779182289231835,right_only,,1.8048028713203723,,5.377918228923184,,,,,No data,0.70+,No data,0.57+,False,False,,
32001,0.003981084730590352,11853.0,51.0,17516.0,0.008226455079968317,0.003981084730590352,11853,51,Churchill,Nevada,0.008226455079968317,both,0.39810847305903524,0.39810847305903524,0.8226455079968318,0.8226455079968318,0.0,0.0,0.0,0.0,0.37-0.70,0.37-0.70,0.57+,0.57+,True,True,0.0,0.0
32003,0.007627073969359242,1736178.0,15686.0,1560375.0,0.009067848256015821,0.007627073969359242,1736178,15686,Clark,Nevada,0.009067848256015821,both,0.7627073969359242,0.7627073969359242,0.9067848256015821,0.9067848256015821,0.0,0.0,0.0,0.0,0.70+,0.70+,0.57+,0.57+,True,True,0.0,0.0
32005,0.008690184325344063,26176.0,220.0,38843.0,-0.0007616706805020105,0.008690184325344063,26176,220,Douglas,Nevada,-0.0007616706805020105,both,0.8690184325344062,0.8690184325344062,-0.07616706805020106,-0.07616706805020106,0.0,0.0,0.0,0.0,0.70+,0.70+,-0.12-0,-0.12-0,True,True,0.0,0.0
32007,0.003917767015619193,33630.0,140.0,34678.0,0.008134120447197012,0.003917767015619193,33630,140,Elko,Nevada,0.008134120447197012,both,0.39177670156191935,0.39177670156191935,0.8134120447197012,0.8134120447197012,0.0,0.0,0.0,0.0,0.37-0.70,0.37-0.70,0.57+,0.57+,True,True,0.0,0.0
32009,0.0,646.0,0.0,873.0,0.0,0.0,646,0,Esmeralda,Nevada,0.0,both,0.0,0.0,0.0,0.0,0.0,0.0,0.0,0.0,0-0.06,0-0.06,-0.12-0,-0.12-0,True,True,0.0,0.0
32011,0.0,1162.0,0.0,1111.0,0.0,0.0,1162,0,Eureka,Nevada,0.0,both,0.0,0.0,0.0,0.0,0.0,0.0,0.0,0.0,0-0.06,0-0.06,-0.12-0,-0.12-0,True,True,0.0,0.0
32013,0.0009396731795555787,8085.0,7.0,11339.0,0.0013309671694764862,0.0009396731795555787,8085,7,Humboldt,Nevada,0.0013309671694764862,both,0.09396731795555786,0.09396731795555786,0.13309671694764863,0.13309671694764863,0.0,0.0,0.0,0.0,0.06-0.14,0.06-0.14,0.09-0.24,0.09-0.24,True,True,0.0,0.0
32015,0.004732418402671241,2327.0,12.0,3854.0,-0.011382113821138212,0.004732418402671241,2327,12,Lander,Nevada,-0.011382113821138212,both,0.4732418402671241,0.4732418402671241,-1.1382113821138211,-1.1382113821138211,0.0,0.0,0.0,0.0,0.37-0.70,0.37-0.70,<-0.12,<-0.12,True,True,0.0,0.0
32017,0.0,1387.0,0.0,3187.0,0.0,0.0,1387,0,Lincoln,Nevada,0.0,both,0.0,0.0,0.0,0.0,0.0,0.0,0.0,0.0,0-0.06,0-0.06,-0.12-0,-0.12-0,True,True,0.0,0.0
32019,0.0018284577969039165,18673.0,41.0,43054.0,0.0019217330538085255,0.0018284577969039165,18673,41,Lyon,Nevada,0.0019217330538085255,both,0.18284577969039165,0.18284577969039165,0.19217330538085253,0.19217330538085253,0.0,0.0,0.0,0.0,0.14-0.23,0.14-0.23,0.09-0.24,0.09-0.24,True,True,0.0,0.0
32021,0.0006993006993006993,2380.0,1.0,3263.0,0.0,0.0006993006993006993,2380,1,Mineral,Nevada,0.0,both,0.06993006993006994,0.06993006993006994,0.0,0.0,0.0,0.0,0.0,0.0,0.06-0.14,0.06-0.14,-0.12-0,-0.12-0,True,True,0.0,0.0
32023,0.0012479266050597249,15430.0,18.0,40380.0,-0.0021918515035651274,0.0012479266050597249,15430,18,Nye,Nevada,-0.0021918515035651274,both,0.12479266050597249,0.12479266050597249,-0.21918515035651273,-0.21918515035651273,0.0,0.0,0.0,0.0,0.06-0.14,0.06-0.14,<-0.12,<-0.12,True,True,0.0,0.0
32027,0.0002777777777777778,2303.0,1.0,5013.0,0.0012376237623762376,0.0002777777777777778,2303,1,Pershing,Nevada,0.0012376237623762376,both,0.027777777777777776,0.027777777777777776,0.12376237623762376,0.12376237623762376,0.0,0.0,0.0,0.0,0-0.06,0-0.06,0.09-0.24,0.09-0.24,True,True,0.0,0.0
32029,0.004845282893556386,4013.0,28.0,3113.0,0.00917232220909825,0.004845282893556386,4013,28,Storey,Nevada,0.00917232220909825,both,0.48452828935563863,0.48452828935563863,0.9172322209098249,0.9172322209098249,0.0,0.0,0.0,0.0,0.37-0.70,0.37-0.70,0.57+,0.57+,True,True,0.0,0.0
32031,0.005995262205153046,516065.0,3559.0,339174.0,0.003653612630367519,0.005995262205153046,516065,3559,Washoe,Nevada,0.003653612630367519,both,0.5995262205153046,0.5995262205153046,0.3653612630367519,0.3653612630367519,0.0,0.0,0.0,0.0,0.37-0.70,0.37-0.70,0.24-0.57,0.24-0.57,True,True,0.0,0.0
32033,0.0013143768162516966,4680.0,5.0,6727.0,0.002973240832507433,0.0013143768162516966,4680,5,White Pine,Nevada,0.002973240832507433,both,0.13143768162516967,0.13143768162516967,0.29732408325074333,0.29732408325074333,0.0,0.0,0.0,0.0,0.06-0.14,0.06-0.14,0.24-0.57,0.24-0.57,True,True,0.0,0.0
32510,0.022441428247616503,72052.0,2018.0,41987.0,0.02371728853386784,0.022441428247616503,72052,2018,Carson City,Nevada,0.02371728853386784,both,2.24414282476165,2.24414282476165,2.371728853386784,2.371728853386784,0.0,0.0,0.0,0.0,0.70+,0.70+,0.57+,0.57+,True,True,0.0,0.0
32999,,,,,,0.02438103079899463,38198,2646,"[Nevada, county not reported]",Nevada,0.07390789208029158,right_only,,2.438103079899463,,7.390789208029158,,,,,No data,0.70+,No data,0.57+,False,False,,
33001,0.0012454711181658622,32860.0,43.0,47981.0,0.001479312665753344,0.0012454711181658622,32860,43,Belknap,New Hampshire,0.001479312665753344,both,0.12454711181658623,0.12454711181658623,0.1479312665753344,0.1479312665753344,0.0,0.0,0.0,0.0,0.06-0.14,0.06-0.14,0.09-0.24,0.09-0.24,True,True,0.0,0.0
33003,0.00115603937402982,22987.0,26.0,39992.0,-8.228398114997414e-05,0.00115603937402982,22987,26,Carroll,New Hampshire,-8.228398114997414e-05,both,0.11560393740298198,0.11560393740298198,-0.008228398114997414,-0.008228398114997414,0.0,0.0,0.0,0.0,0.06-0.14,0.06-0.14,-0.12-0,-0.12-0,True,True,0.0,0.0
33005,0.0060582683881324605,52113.0,353.0,54560.0,0.0033175547939061096,0.0060582683881324605,52113,353,Cheshire,New Hampshire,0.0033175547939061096,both,0.6058268388132461,0.6058268388132461,0.33175547939061095,0.33175547939061095,0.0,0.0,0.0,0.0,0.37-0.70,0.37-0.70,0.24-0.57,0.24-0.57,True,True,0.0,0.0
33007,0.0015025493446135538,19247.0,28.0,24511.0,-0.002239570114560269,0.0015025493446135538,19247,28,Coos,New Hampshire,-0.002239570114560269,both,0.15025493446135538,0.15025493446135538,-0.2239570114560269,-0.2239570114560269,0.0,0.0,0.0,0.0,0.14-0.23,0.14-0.23,<-0.12,<-0.12,True,True,0.0,0.0
33009,0.00537122641366207,97575.0,543.0,65142.0,0.0034885844329940368,0.00537122641366207,97575,543,Grafton,New Hampshire,0.0034885844329940368,both,0.5371226413662069,0.5371226413662069,0.3488584432994037,0.3488584432994037,0.0,0.0,0.0,0.0,0.37-0.70,0.37-0.70,0.24-0.57,0.24-0.57,True,True,0.0,0.0
33011,0.01676860659927319,412494.0,7477.0,301873.0,0.009994944396864705,0.01676860659927319,412494,7477,Hillsborough,New Hampshire,0.009994944396864705,both,1.6768606599273188,1.6768606599273188,0.9994944396864704,0.9994944396864704,0.0,0.0,0.0,0.0,0.70+,0.70+,0.57+,0.57+,True,True,0.0,0.0
33013,0.01529661262785793,139606.0,2535.0,110798.0,0.013905886570401902,0.01529661262785793,139606,2535,Merrimack,New Hampshire,0.013905886570401902,both,1.529661262785793,1.529661262785793,1.3905886570401902,1.3905886570401902,0.0,0.0,0.0,0.0,0.70+,0.70+,0.57+,0.57+,True,True,0.0,0.0
33015,0.00792789856510046,282993.0,2344.0,231996.0,0.005397853869102166,0.00792789856510046,282993,2344,Rockingham,New Hampshire,0.005397853869102166,both,0.7927898565100461,0.7927898565100461,0.5397853869102166,0.5397853869102166,0.0,0.0,0.0,0.0,0.70+,0.70+,0.24-0.57,0.24-0.57,True,True,0.0,0.0
33017,0.012118791673614755,76401.0,909.0,87852.0,-0.0031133232894596293,0.012118791673614755,76401,909,Strafford,New Hampshire,-0.0031133232894596293,both,1.2118791673614755,1.2118791673614755,-0.3113323289459629,-0.3113323289459629,0.0,0.0,0.0,0.0,0.70+,0.70+,<-0.12,<-0.12,True,True,0.0,0.0
33019,0.0010259907937307854,17710.0,20.0,32648.0,0.0013454556199819462,0.0010259907937307854,17710,20,Sullivan,New Hampshire,0.0013454556199819462,both,0.10259907937307854,0.10259907937307854,0.13454556199819462,0.13454556199819462,0.0,0.0,0.0,0.0,0.06-0.14,0.06-0.14,0.09-0.24,0.09-0.24,True,True,0.0,0.0
33999,,,,,,0.02561212719929217,27959,1725,"[New Hampshire, county not reported]",New Hampshire,0.06673587578167076,right_only,,2.561212719929217,,6.6735875781670755,,,,,No data,0.70+,No data,0.57+,False,False,,
34001,0.0057381009169862485,121189.0,718.0,191583.0,0.0038056163526989277,0.0057381009169862485,121189,718,Atlantic,New Jersey,0.0038056163526989277,both,0.5738100916986248,0.5738100916986248,0.3805616352698928,0.3805616352698928,0.0,0.0,0.0,0.0,0.37-0.70,0.37-0.70,0.24-0.57,0.24-0.57,True,True,0.0,0.0
34003,0.013390426394258057,724159.0,10279.0,674596.0,0.0033289294503429587,0.013390426394258057,724159,10279,Bergen,New Jersey,0.0033289294503429587,both,1.3390426394258057,1.3390426394258057,0.3328929450342959,0.3328929450342959,0.0,0.0,0.0,0.0,0.70+,0.70+,0.24-0.57,0.24-0.57,True,True,0.0,0.0
34005,0.01608821497729022,348479.0,5931.0,329081.0,0.0068256513735677135,0.01608821497729022,348479,5931,Burlington,New Jersey,0.0068256513735677135,both,1.608821497729022,1.608821497729022,0.6825651373567714,0.6825651373567714,0.0,0.0,0.0,0.0,0.70+,0.70+,0.57+,0.57+,True,True,0.0,0.0
34007,0.007036410874250799,349280.0,2602.0,360582.0,0.005127455132176542,0.007036410874250799,349280,2602,Camden,New Jersey,0.005127455132176542,both,0.7036410874250799,0.7036410874250799,0.5127455132176542,0.5127455132176542,0.0,0.0,0.0,0.0,0.70+,0.70+,0.24-0.57,0.24-0.57,True,True,0.0,0.0
34009,0.00349996575989991,27462.0,100.0,72532.0,0.006809624484043089,0.00349996575989991,27462,100,Cape May,New Jersey,0.006809624484043089,both,0.349996575989991,0.349996575989991,0.6809624484043089,0.6809624484043089,0.0,0.0,0.0,0.0,0.23-0.37,0.23-0.37,0.57+,0.57+,True,True,0.0,0.0
34011,0.0023716533446780097,53952.0,136.0,103984.0,0.002826490205294974,0.0023716533446780097,53952,136,Cumberland,New Jersey,0.002826490205294974,both,0.23716533446780097,0.23716533446780097,0.28264902052949736,0.28264902052949736,0.0,0.0,0.0,0.0,0.23-0.37,0.23-0.37,0.24-0.57,0.24-0.57,True,True,0.0,0.0
34013,0.01767241100216854,609011.0,11915.0,573215.0,0.012498083415221047,0.01767241100216854,609011,11915,Essex,New Jersey,0.012498083415221047,both,1.7672411002168538,1.7672411002168538,1.2498083415221046,1.2498083415221046,0.0,0.0,0.0,0.0,0.70+,0.70+,0.57+,0.57+,True,True,0.0,0.0
34015,0.0024478977025805195,155755.0,444.0,207727.0,0.005241753769745647,0.0024478977025805195,155755,444,Gloucester,New Jersey,0.005241753769745647,both,0.24478977025805196,0.24478977025805196,0.5241753769745646,0.5241753769745646,0.0,0.0,0.0,0.0,0.23-0.37,0.23-0.37,0.24-0.57,0.24-0.57,True,True,0.0,0.0
34017,0.061649144212981975,650056.0,43796.0,512195.0,0.02852057446089734,0.061649144212981975,650056,43796,Hudson,New Jersey,0.02852057446089734,both,6.164914421298198,6.164914421298198,2.8520574460897343,2.8520574460897343,0.0,0.0,0.0,0.0,0.70+,0.70+,0.57+,0.57+,True,True,0.0,0.0
34019,0.019122909174525467,66504.0,1401.0,93742.0,0.005995347355449203,0.019122909174525467,66504,1401,Hunterdon,New Jersey,0.005995347355449203,both,1.9122909174525466,1.9122909174525466,0.5995347355449203,0.5995347355449203,0.0,0.0,0.0,0.0,0.70+,0.70+,0.57+,0.57+,True,True,0.0,0.0
34021,0.03666600148368794,523484.0,20058.0,259959.0,0.01903475411396384,0.03666600148368794,523484,20058,Mercer,New Jersey,0.01903475411396384,both,3.666600148368794,3.666600148368794,1.9034754113963839,1.9034754113963839,0.0,0.0,0.0,0.0,0.70+,0.70+,0.57+,0.57+,True,True,0.0,0.0
34023,0.0191416137140724,784844.0,15937.0,591318.0,0.002463771920587079,0.0191416137140724,784844,15937,Middlesex,New Jersey,0.002463771920587079,both,1.91416137140724,1.91416137140724,0.2463771920587079,0.2463771920587079,0.0,0.0,0.0,0.0,0.70+,0.70+,0.24-0.57,0.24-0.57,True,True,0.0,0.0
34025,0.011311899078692785,375070.0,4325.0,454185.0,-0.0016897740389331273,0.011311899078692785,375070,4325,Monmouth,New Jersey,-0.0016897740389331273,both,1.1311899078692784,1.1311899078692784,-0.16897740389331273,-0.16897740389331273,0.0,0.0,0.0,0.0,0.70+,0.70+,<-0.12,<-0.12,True,True,0.0,0.0
34027,0.02456570319691516,602501.0,15297.0,359811.0,0.010287499268076306,0.02456570319691516,602501,15297,Morris,New Jersey,0.010287499268076306,both,2.456570319691516,2.456570319691516,1.0287499268076306,1.0287499268076306,0.0,0.0,0.0,0.0,0.70+,0.70+,0.57+,0.57+,True,True,0.0,0.0
34029,0.0030145359852330033,173734.0,568.0,434506.0,0.004761501986038969,0.0030145359852330033,173734,568,Ocean,New Jersey,0.004761501986038969,both,0.30145359852330034,0.30145359852330034,0.4761501986038969,0.4761501986038969,0.0,0.0,0.0,0.0,0.23-0.37,0.23-0.37,0.24-0.57,0.24-0.57,True,True,0.0,0.0
34031,0.007835739923766872,246002.0,2167.0,346430.0,0.005129400312922126,0.007835739923766872,246002,2167,Passaic,New Jersey,0.005129400312922126,both,0.7835739923766871,0.7835739923766871,0.5129400312922126,0.5129400312922126,0.0,0.0,0.0,0.0,0.70+,0.70+,0.24-0.57,0.24-0.57,True,True,0.0,0.0
34033,0.002814843746718874,27678.0,94.0,45316.0,0.0079121630623112,0.002814843746718874,27678,94,Salem,New Jersey,0.0079121630623112,both,0.28148437467188736,0.28148437467188736,0.7912163062311199,0.7912163062311199,0.0,0.0,0.0,0.0,0.23-0.37,0.23-0.37,0.57+,0.57+,True,True,0.0,0.0
34035,0.04570548037114399,388335.0,18104.0,242607.0,0.007197109528253566,0.04570548037114399,388335,18104,Somerset,New Jersey,0.007197109528253566,both,4.570548037114399,4.570548037114399,0.7197109528253566,0.7197109528253566,0.0,0.0,0.0,0.0,0.70+,0.70+,0.57+,0.57+,True,True,0.0,0.0
34037,0.012435381333312068,112099.0,1484.0,105082.0,0.004424409279826342,0.012435381333312068,112099,1484,Sussex,New Jersey,0.004424409279826342,both,1.2435381333312068,1.2435381333312068,0.4424409279826342,0.4424409279826342,0.0,0.0,0.0,0.0,0.70+,0.70+,0.24-0.57,0.24-0.57,True,True,0.0,0.0
34039,0.018960754470854095,400325.0,8600.0,389288.0,0.012933078669693527,0.018960754470854095,400325,8600,Union,New Jersey,0.012933078669693527,both,1.8960754470854095,1.8960754470854095,1.2933078669693527,1.2933078669693527,0.0,0.0,0.0,0.0,0.70+,0.70+,0.57+,0.57+,True,True,0.0,0.0
34041,0.0034652328787280326,45426.0,177.0,79264.0,0.005526901831362603,0.0034652328787280326,45426,177,Warren,New Jersey,0.005526901831362603,both,0.34652328787280323,0.34652328787280323,0.5526901831362603,0.5526901831362603,0.0,0.0,0.0,0.0,0.23-0.37,0.23-0.37,0.24-0.57,0.24-0.57,True,True,0.0,0.0
34999,,,,,,0.025957181779286253,36176,1259,"[New Jersey, county not reported]",New Jersey,0.060970296484753474,right_only,,2.5957181779286254,,6.097029648475347,,,,,No data,0.70+,No data,0.57+,False,False,,
35001,0.012109745982195712,681958.0,8901.0,469743.0,0.005706122694156391,0.012109745982195712,681958,8901,Bernalillo,New Mexico,0.005706122694156391,both,1.2109745982195712,1.2109745982195712,0.5706122694156391,0.5706122694156391,0.0,0.0,0.0,0.0,0.70+,0.70+,0.57+,0.57+,True,True,0.0,0.0
35003,0.003896103896103896,520.0,3.0,2925.0,0.0,0.003896103896103896,520,3,Catron,New Mexico,0.0,both,0.38961038961038963,0.38961038961038963,0.0,0.0,0.0,0.0,0.0,0.0,0.37-0.70,0.37-0.70,-0.12-0,-0.12-0,True,True,0.0,0.0
35005,0.0031907727875507596,31034.0,99.0,41749.0,0.006719526945303051,0.0031907727875507596,31034,99,Chaves,New Mexico,0.006719526945303051,both,0.31907727875507597,0.31907727875507597,0.6719526945303052,0.6719526945303052,0.0,0.0,0.0,0.0,0.23-0.37,0.23-0.37,0.57+,0.57+,True,True,0.0,0.0
35006,0.004598479325576806,8774.0,41.0,18386.0,0.006176619651652608,0.004598479325576806,8774,41,Cibola,New Mexico,0.006176619651652608,both,0.4598479325576806,0.4598479325576806,0.6176619651652608,0.6176619651652608,0.0,0.0,0.0,0.0,0.37-0.70,0.37-0.70,0.57+,0.57+,True,True,0.0,0.0
35007,0.0018887959136429469,4451.0,8.0,9233.0,0.0030737704918032786,0.0018887959136429469,4451,8,Colfax,New Mexico,0.0030737704918032786,both,0.1888795913642947,0.1888795913642947,0.3073770491803279,0.3073770491803279,0.0,0.0,0.0,0.0,0.14-0.23,0.14-0.23,0.24-0.57,0.24-0.57,True,True,0.0,0.0
35009,0.0026191239972890986,20738.0,54.0,29818.0,0.004177830156786531,0.0026191239972890986,20738,54,Curry,New Mexico,0.004177830156786531,both,0.26191239972890984,0.26191239972890984,0.4177830156786531,0.4177830156786531,0.0,0.0,0.0,0.0,0.23-0.37,0.23-0.37,0.24-0.57,0.24-0.57,True,True,0.0,0.0
35011,0.0,413.0,0.0,1139.0,0.0,0.0,413,0,De Baca,New Mexico,0.0,both,0.0,0.0,0.0,0.0,0.0,0.0,0.0,0.0,0-0.06,0-0.06,-0.12-0,-0.12-0,True,True,0.0,0.0
35013,0.005529625963592673,119504.0,795.0,134344.0,0.006238071324880709,0.005529625963592673,119504,795,Doña Ana,New Mexico,0.006238071324880709,both,0.5529625963592674,0.5529625963592674,0.6238071324880708,0.6238071324880708,0.0,0.0,0.0,0.0,0.37-0.70,0.37-0.70,0.57+,0.57+,True,True,0.0,0.0
35015,0.0039826953907051675,38143.0,150.0,39653.0,0.0005048317508680169,0.0039826953907051675,38143,150,Eddy,New Mexico,0.0005048317508680169,both,0.39826953907051676,0.39826953907051676,0.050483175086801696,0.050483175086801696,0.0,0.0,0.0,0.0,0.37-0.70,0.37-0.70,0-0.09,0-0.09,True,True,0.0,0.0
35017,0.003270398585383711,13285.0,52.0,20381.0,0.012152777777777778,0.003270398585383711,13285,52,Grant,New Mexico,0.012152777777777778,both,0.3270398585383711,0.3270398585383711,1.215277777777778,1.215277777777778,0.0,0.0,0.0,0.0,0.23-0.37,0.23-0.37,0.57+,0.57+,True,True,0.0,0.0
35019,0.0,2038.0,0.0,3398.0,0.0,0.0,2038,0,Guadalupe,New Mexico,0.0,both,0.0,0.0,0.0,0.0,0.0,0.0,0.0,0.0,0-0.06,0-0.06,-0.12-0,-0.12-0,True,True,0.0,0.0
35021,0.008333333333333333,124.0,1.0,471.0,0.0,0.008333333333333333,124,1,Harding,New Mexico,0.0,both,0.8333333333333334,0.8333333333333334,0.0,0.0,0.0,0.0,0.0,0.0,0.70+,0.70+,-0.12-0,-0.12-0,True,True,0.0,0.0
35023,0.0004854368932038835,1690.0,1.0,2908.0,-0.0022675736961451248,0.0004854368932038835,1690,1,Hidalgo,New Mexico,-0.0022675736961451248,both,0.04854368932038835,0.04854368932038835,-0.22675736961451248,-0.22675736961451248,0.0,0.0,0.0,0.0,0-0.06,0-0.06,<-0.12,<-0.12,True,True,0.0,0.0
35025,0.0030794584782695414,31060.0,89.0,43412.0,0.0033424931322003273,0.0030794584782695414,31060,89,Lea,New Mexico,0.0033424931322003273,both,0.3079458478269541,0.3079458478269541,0.3342493132200327,0.3342493132200327,0.0,0.0,0.0,0.0,0.23-0.37,0.23-0.37,0.24-0.57,0.24-0.57,True,True,0.0,0.0
35027,0.0014843547595375694,8312.0,14.0,15369.0,0.0013198416190057193,0.0014843547595375694,8312,14,Lincoln,New Mexico,0.0013198416190057193,both,0.14843547595375695,0.14843547595375695,0.13198416190057194,0.13198416190057194,0.0,0.0,0.0,0.0,0.14-0.23,0.14-0.23,0.09-0.24,0.09-0.24,True,True,0.0,0.0
35028,0.040300539024637864,29454.0,1269.0,13886.0,0.004088292313294037,0.040300539024637864,29454,1269,Los Alamos,New Mexico,0.004088292313294037,both,4.030053902463786,4.030053902463786,0.4088292313294037,0.4088292313294037,0.0,0.0,0.0,0.0,0.70+,0.70+,0.24-0.57,0.24-0.57,True,True,0.0,0.0
35029,0.0010806492286492319,7543.0,7.0,16460.0,0.0005159958720330237,0.0010806492286492319,7543,7,Luna,New Mexico,0.0005159958720330237,both,0.10806492286492318,0.10806492286492318,0.05159958720330237,0.05159958720330237,0.0,0.0,0.0,0.0,0.06-0.14,0.06-0.14,0-0.09,0-0.09,True,True,0.0,0.0
35031,0.000765579954221336,17940.0,14.0,45143.0,0.0018617640214102862,0.000765579954221336,17940,14,McKinley,New Mexico,0.0018617640214102862,both,0.0765579954221336,0.0765579954221336,0.18617640214102862,0.18617640214102862,0.0,0.0,0.0,0.0,0.06-0.14,0.06-0.14,0.09-0.24,0.09-0.24,True,True,0.0,0.0
35033,0.014893617021276595,561.0,7.0,3394.0,0.0,0.014893617021276595,561,7,Mora,New Mexico,0.0,both,1.4893617021276595,1.4893617021276595,0.0,0.0,0.0,0.0,0.0,0.0,0.70+,0.70+,-0.12-0,-0.12-0,True,True,0.0,0.0
35035,0.003194252850567191,23612.0,81.0,44772.0,0.010126111082888458,0.003194252850567191,23612,81,Otero,New Mexico,0.010126111082888458,both,0.31942528505671913,0.31942528505671913,1.0126111082888458,1.0126111082888458,0.0,0.0,0.0,0.0,0.23-0.37,0.23-0.37,0.57+,0.57+,True,True,0.0,0.0
35037,0.005081596014100918,3728.0,17.0,6380.0,0.004273504273504274,0.005081596014100918,3728,17,Quay,New Mexico,0.004273504273504274,both,0.5081596014100919,0.5081596014100919,0.4273504273504274,0.4273504273504274,0.0,0.0,0.0,0.0,0.37-0.70,0.37-0.70,0.24-0.57,0.24-0.57,True,True,0.0,0.0
35039,0.0009263503360013373,13649.0,15.0,27682.0,0.0011433564633031657,0.0009263503360013373,13649,15,Rio Arriba,New Mexico,0.0011433564633031657,both,0.09263503360013373,0.09263503360013373,0.11433564633031656,0.11433564633031656,0.0,0.0,0.0,0.0,0.06-0.14,0.06-0.14,0.09-0.24,0.09-0.24,True,True,0.0,0.0
35041,0.0026329523381450506,5697.0,15.0,11171.0,-0.0021380191478669545,0.0026329523381450506,5697,15,Roosevelt,New Mexico,-0.0021380191478669545,both,0.26329523381450504,0.26329523381450504,-0.21380191478669544,-0.21380191478669544,0.0,0.0,0.0,0.0,0.23-0.37,0.23-0.37,<-0.12,<-0.12,True,True,0.0,0.0
35043,0.002987146450952715,68080.0,206.0,103937.0,0.002930150806714258,0.002987146450952715,68080,206,Sandoval,New Mexico,0.002930150806714258,both,0.29871464509527146,0.29871464509527146,0.29301508067142584,0.29301508067142584,0.0,0.0,0.0,0.0,0.23-0.37,0.23-0.37,0.24-0.57,0.24-0.57,True,True,0.0,0.0
35045,0.0026618772666161324,48567.0,127.0,79736.0,0.0030560786367910876,0.0026618772666161324,48567,127,San Juan,New Mexico,0.0030560786367910876,both,0.2661877266616132,0.2661877266616132,0.30560786367910875,0.30560786367910875,0.0,0.0,0.0,0.0,0.23-0.37,0.23-0.37,0.24-0.57,0.24-0.57,True,True,0.0,0.0
35047,0.002904259395040378,8696.0,25.0,19765.0,0.004188643490423444,0.002904259395040378,8696,25,San Miguel,New Mexico,0.004188643490423444,both,0.29042593950403783,0.29042593950403783,0.4188643490423444,0.4188643490423444,0.0,0.0,0.0,0.0,0.23-0.37,0.23-0.37,0.24-0.57,0.24-0.57,True,True,0.0,0.0
35049,0.01670310986745504,97852.0,1950.0,116573.0,0.017727498795579937,0.01670310986745504,97852,1950,Santa Fe,New Mexico,0.017727498795579937,both,1.670310986745504,1.670310986745504,1.7727498795579937,1.7727498795579937,0.0,0.0,0.0,0.0,0.70+,0.70+,0.57+,0.57+,True,True,0.0,0.0
35051,0.0013426209983036777,3389.0,8.0,9168.0,0.0038745103859139556,0.0013426209983036777,3389,8,Sierra,New Mexico,0.0038745103859139556,both,0.13426209983036777,0.13426209983036777,0.38745103859139557,0.38745103859139557,0.0,0.0,0.0,0.0,0.06-0.14,0.06-0.14,0.24-0.57,0.24-0.57,True,True,0.0,0.0
35053,0.007429114772900371,7706.0,74.0,10697.0,0.008923970933120761,0.007429114772900371,7706,74,Socorro,New Mexico,0.008923970933120761,both,0.7429114772900371,0.7429114772900371,0.8923970933120761,0.8923970933120761,0.0,0.0,0.0,0.0,0.70+,0.70+,0.57+,0.57+,True,True,0.0,0.0
35055,0.000871284670577659,10646.0,9.0,26461.0,-0.0009157259766609022,0.000871284670577659,10646,9,Taos,New Mexico,-0.0009157259766609022,both,0.0871284670577659,0.0871284670577659,-0.09157259766609022,-0.09157259766609022,0.0,0.0,0.0,0.0,0.06-0.14,0.06-0.14,-0.12-0,-0.12-0,True,True,0.0,0.0
35057,0.0013245033112582781,4717.0,6.0,10624.0,0.0,0.0013245033112582781,4717,6,Torrance,New Mexico,0.0,both,0.13245033112582782,0.13245033112582782,0.0,0.0,0.0,0.0,0.0,0.0,0.06-0.14,0.06-0.14,-0.12-0,-0.12-0,True,True,0.0,0.0
35059,0.006989007724301842,1765.0,12.0,2860.0,0.006944444444444444,0.006989007724301842,1765,12,Union,New Mexico,0.006944444444444444,both,0.6989007724301842,0.6989007724301842,0.6944444444444444,0.6944444444444444,0.0,0.0,0.0,0.0,0.37-0.70,0.37-0.70,0.57+,0.57+,True,True,0.0,0.0
35061,0.0016188508896679249,23286.0,47.0,52270.0,0.004269180821447395,0.0016188508896679249,23286,47,Valencia,New Mexico,0.004269180821447395,both,0.1618850889667925,0.1618850889667925,0.42691808214473953,0.42691808214473953,0.0,0.0,0.0,0.0,0.14-0.23,0.14-0.23,0.24-0.57,0.24-0.57,True,True,0.0,0.0
35999,,,,,,0.006526292055213746,8817,44,"[New Mexico, county not reported]",New Mexico,0.0166595880864504,right_only,,0.6526292055213746,,1.6659588086450399,,,,,No data,0.37-0.70,No data,0.57+,False,False,,
36001,0.017648126710163747,349010.0,6173.0,211845.0,0.00043082682162423613,0.017648126710163747,349010,6173,Albany,New York,0.00043082682162423613,both,1.7648126710163747,1.7648126710163747,0.04308268216242361,0.04308268216242361,0.0,0.0,0.0,0.0,0.70+,0.70+,0-0.09,0-0.09,True,True,0.0,0.0
36003,0.0037758943517481824,10370.0,51.0,29967.0,0.006248970393320204,0.0037758943517481824,10370,51,Allegany,New York,0.006248970393320204,both,0.37758943517481824,0.37758943517481824,0.6248970393320205,0.6248970393320205,0.0,0.0,0.0,0.0,0.37-0.70,0.37-0.70,0.57+,0.57+,True,True,0.0,0.0
36005,0.002721221192228517,201817.0,601.0,943981.0,0.0011022182987390472,0.002721221192228517,201817,601,Bronx,New York,0.0011022182987390472,both,0.27212211922285173,0.27212211922285173,0.11022182987390472,0.11022182987390472,0.0,0.0,0.0,0.0,0.23-0.37,0.23-0.37,0.09-0.24,0.09-0.24,True,True,0.0,0.0
36007,0.00449849116383753,97398.0,449.0,131196.0,0.004347667146647685,0.00449849116383753,97398,449,Broome,New York,0.004347667146647685,both,0.44984911638375297,0.44984911638375297,0.43476671466476846,0.43476671466476846,0.0,0.0,0.0,0.0,0.37-0.70,0.37-0.70,0.24-0.57,0.24-0.57,True,True,0.0,0.0
36009,0.0025270813701716117,20694.0,57.0,53128.0,0.006485260732968497,0.0025270813701716117,20694,57,Cattaraugus,New York,0.006485260732968497,both,0.25270813701716116,0.25270813701716116,0.6485260732968497,0.6485260732968497,0.0,0.0,0.0,0.0,0.23-0.37,0.23-0.37,0.57+,0.57+,True,True,0.0,0.0
36011,0.0037521734338559222,32301.0,143.0,55374.0,0.005590944334226137,0.0037521734338559222,32301,143,Cayuga,New York,0.005590944334226137,both,0.3752173433855922,0.3752173433855922,0.5590944334226137,0.5590944334226137,0.0,0.0,0.0,0.0,0.37-0.70,0.37-0.70,0.24-0.57,0.24-0.57,True,True,0.0,0.0
36013,0.003231922873150742,45226.0,149.0,89404.0,0.004168628049258156,0.003231922873150742,45226,149,Chautauqua,New York,0.004168628049258156,both,0.3231922873150742,0.3231922873150742,0.4168628049258156,0.4168628049258156,0.0,0.0,0.0,0.0,0.23-0.37,0.23-0.37,0.24-0.57,0.24-0.57,True,True,0.0,0.0
36015,0.003584117142152639,39054.0,143.0,58945.0,-0.004205302135880648,0.003584117142152639,39054,143,Chemung,New York,-0.004205302135880648,both,0.3584117142152639,0.3584117142152639,-0.4205302135880648,-0.4205302135880648,0.0,0.0,0.0,0.0,0.23-0.37,0.23-0.37,<-0.12,<-0.12,True,True,0.0,0.0
36017,0.00979828221111935,21976.0,251.0,33959.0,0.010565644800096433,0.00979828221111935,21976,251,Chenango,New York,0.010565644800096433,both,0.9798282211119349,0.9798282211119349,1.0565644800096432,1.0565644800096432,0.0,0.0,0.0,0.0,0.70+,0.70+,0.57+,0.57+,True,True,0.0,0.0
36019,0.0014835195354312735,29598.0,46.0,55243.0,-0.0007558097025901571,0.0014835195354312735,29598,46,Clinton,New York,-0.0007558097025901571,both,0.14835195354312736,0.14835195354312736,-0.07558097025901571,-0.07558097025901571,0.0,0.0,0.0,0.0,0.14-0.23,0.14-0.23,-0.12-0,-0.12-0,True,True,0.0,0.0
36021,0.0031051517905883266,27274.0,96.0,47307.0,0.0012828856920749274,0.0031051517905883266,27274,96,Columbia,New York,0.0012828856920749274,both,0.31051517905883264,0.31051517905883264,0.12828856920749274,0.12828856920749274,0.0,0.0,0.0,0.0,0.23-0.37,0.23-0.37,0.09-0.24,0.09-0.24,True,True,0.0,0.0
36023,0.002225490153752196,24053.0,74.0,29274.0,0.004431383344803854,0.002225490153752196,24053,74,Cortland,New York,0.004431383344803854,both,0.2225490153752196,0.2225490153752196,0.4431383344803854,0.4431383344803854,0.0,0.0,0.0,0.0,0.14-0.23,0.14-0.23,0.24-0.57,0.24-0.57,True,True,0.0,0.0
36025,0.010592920916798015,14104.0,176.0,33158.0,0.015899843827059015,0.010592920916798015,14104,176,Delaware,New York,0.015899843827059015,both,1.0592920916798014,1.0592920916798014,1.5899843827059015,1.5899843827059015,0.0,0.0,0.0,0.0,0.70+,0.70+,0.57+,0.57+,True,True,0.0,0.0
36027,0.005311494529528419,108821.0,594.0,210886.0,0.0026311435889961555,0.005311494529528419,108821,594,Dutchess,New York,0.0026311435889961555,both,0.5311494529528419,0.5311494529528419,0.26311435889961554,0.26311435889961554,0.0,0.0,0.0,0.0,0.37-0.70,0.37-0.70,0.24-0.57,0.24-0.57,True,True,0.0,0.0
36029,0.00849492401416974,784670.0,7445.0,671368.0,0.003409218589148972,0.00849492401416974,784670,7445,Erie,New York,0.003409218589148972,both,0.8494924014169739,0.8494924014169739,0.34092185891489724,0.34092185891489724,0.0,0.0,0.0,0.0,0.70+,0.70+,0.24-0.57,0.24-0.57,True,True,0.0,0.0
36031,0.002634166987293326,12660.0,33.0,28930.0,-0.001142339543677736,0.002634166987293326,12660,33,Essex,New York,-0.001142339543677736,both,0.2634166987293326,0.2634166987293326,-0.11423395436777362,-0.11423395436777362,0.0,0.0,0.0,0.0,0.23-0.37,0.23-0.37,-0.12-0,-0.12-0,True,True,0.0,0.0
36033,0.006799556543028368,11532.0,80.0,33832.0,0.002660764212488351,0.006799556543028368,11532,80,Franklin,New York,0.002660764212488351,both,0.6799556543028368,0.6799556543028368,0.2660764212488351,0.2660764212488351,0.0,0.0,0.0,0.0,0.37-0.70,0.37-0.70,0.24-0.57,0.24-0.57,True,True,0.0,0.0
36035,0.002247539040633707,10963.0,22.0,38665.0,0.0020905947105209098,0.002247539040633707,10963,22,Fulton,New York,0.0020905947105209098,both,0.2247539040633707,0.2247539040633707,0.20905947105209097,0.20905947105209097,0.0,0.0,0.0,0.0,0.14-0.23,0.14-0.23,0.09-0.24,0.09-0.24,True,True,0.0,0.0
36037,0.002536895798579402,33181.0,83.0,41797.0,0.00020008692965930433,0.002536895798579402,33181,83,Genesee,New York,0.00020008692965930433,both,0.2536895798579402,0.2536895798579402,0.020008692965930434,0.020008692965930434,0.0,0.0,0.0,0.0,0.23-0.37,0.23-0.37,0-0.09,0-0.09,True,True,0.0,0.0
36039,0.007704149598625866,18192.0,133.0,36429.0,0.0028423075440634758,0.007704149598625866,18192,133,Greene,New York,0.0028423075440634758,both,0.7704149598625867,0.7704149598625867,0.2842307544063476,0.2842307544063476,0.0,0.0,0.0,0.0,0.70+,0.70+,0.24-0.57,0.24-0.57,True,True,0.0,0.0
36041,0.004153898535921008,623.0,3.0,4107.0,0.0,0.004153898535921008,623,3,Hamilton,New York,0.0,both,0.4153898535921008,0.4153898535921008,0.0,0.0,0.0,0.0,0.0,0.0,0.37-0.70,0.37-0.70,-0.12-0,-0.12-0,True,True,0.0,0.0
36043,0.019246792643172694,12272.0,307.0,43013.0,0.024315156933248778,0.019246792643172694,12272,307,Herkimer,New York,0.024315156933248778,both,1.9246792643172694,1.9246792643172694,2.4315156933248776,2.4315156933248776,0.0,0.0,0.0,0.0,0.70+,0.70+,0.57+,0.57+,True,True,0.0,0.0
36045,0.0030512116118526756,47118.0,135.0,74585.0,0.0032163076943901667,0.0030512116118526756,47118,135,Jefferson,New York,0.0032163076943901667,both,0.30512116118526755,0.30512116118526755,0.3216307694390167,0.3216307694390167,0.0,0.0,0.0,0.0,0.23-0.37,0.23-0.37,0.24-0.57,0.24-0.57,True,True,0.0,0.0
36047,0.013524952125292523,362736.0,4856.0,1860601.0,-0.005650324962783223,0.013524952125292523,362736,4856,Kings,New York,-0.005650324962783223,both,1.3524952125292522,1.3524952125292522,-0.5650324962783223,-0.5650324962783223,0.0,0.0,0.0,0.0,0.70+,0.70+,<-0.12,<-0.12,True,True,0.0,0.0
36049,0.004202455292332699,3840.0,17.0,18480.0,0.013365735115431349,0.004202455292332699,3840,17,Lewis,New York,0.013365735115431349,both,0.42024552923326985,0.42024552923326985,1.336573511543135,1.336573511543135,0.0,0.0,0.0,0.0,0.37-0.70,0.37-0.70,0.57+,0.57+,True,True,0.0,0.0
36051,0.02143837616986137,24484.0,593.0,41890.0,0.006994259465992072,0.02143837616986137,24484,593,Livingston,New York,0.006994259465992072,both,2.143837616986137,2.143837616986137,0.6994259465992072,0.6994259465992072,0.0,0.0,0.0,0.0,0.70+,0.70+,0.57+,0.57+,True,True,0.0,0.0
36053,0.004390967728843004,30053.0,149.0,46161.0,0.004780898012320388,0.004390967728843004,30053,149,Madison,New York,0.004780898012320388,both,0.43909677288430043,0.43909677288430043,0.4780898012320388,0.4780898012320388,0.0,0.0,0.0,0.0,0.37-0.70,0.37-0.70,0.24-0.57,0.24-0.57,True,True,0.0,0.0
36055,0.011765134409663165,593037.0,7296.0,525640.0,0.0025440816463657995,0.011765134409663165,593037,7296,Monroe,New York,0.0025440816463657995,both,1.1765134409663165,1.1765134409663165,0.25440816463657995,0.25440816463657995,0.0,0.0,0.0,0.0,0.70+,0.70+,0.24-0.57,0.24-0.57,True,True,0.0,0.0
36057,0.004857040516285295,19423.0,113.0,34309.0,-0.006089522815744911,0.004857040516285295,19423,113,Montgomery,New York,-0.006089522815744911,both,0.4857040516285295,0.4857040516285295,-0.6089522815744911,-0.6089522815744911,0.0,0.0,0.0,0.0,0.37-0.70,0.37-0.70,<-0.12,<-0.12,True,True,0.0,0.0
36059,0.006709755488495761,674968.0,4763.0,969981.0,0.0033201165273414315,0.006709755488495761,674968,4763,Nassau,New York,0.0033201165273414315,both,0.6709755488495761,0.6709755488495761,0.3320116527341431,0.3320116527341431,0.0,0.0,0.0,0.0,0.37-0.70,0.37-0.70,0.24-0.57,0.24-0.57,True,True,0.0,0.0
36061,0.043421048038300054,4778150.0,215194.0,1267630.0,0.014306540308383332,0.043421048038300054,4778150,215194,New York,New York,0.014306540308383332,both,4.342104803830005,4.342104803830005,1.4306540308383333,1.4306540308383333,0.0,0.0,0.0,0.0,0.70+,0.70+,0.57+,0.57+,True,True,0.0,0.0
36063,0.0026166644039122464,90420.0,255.0,152567.0,0.0026509702113480674,0.0026166644039122464,90420,255,Niagara,New York,0.0026509702113480674,both,0.26166644039122466,0.26166644039122466,0.26509702113480677,0.26509702113480677,0.0,0.0,0.0,0.0,0.23-0.37,0.23-0.37,0.24-0.57,0.24-0.57,True,True,0.0,0.0
36065,0.010787093229850886,125306.0,1344.0,159897.0,-0.0018113428844012923,0.010787093229850886,125306,1344,Oneida,New York,-0.0018113428844012923,both,1.0787093229850886,1.0787093229850886,-0.18113428844012924,-0.18113428844012924,0.0,0.0,0.0,0.0,0.70+,0.70+,<-0.12,<-0.12,True,True,0.0,0.0
36067,0.008838825158624136,450634.0,4348.0,324436.0,0.004985545636476315,0.008838825158624136,450634,4348,Onondaga,New York,0.004985545636476315,both,0.8838825158624136,0.8838825158624136,0.4985545636476315,0.4985545636476315,0.0,0.0,0.0,0.0,0.70+,0.70+,0.24-0.57,0.24-0.57,True,True,0.0,0.0
36069,0.004271490856307222,80391.0,371.0,80008.0,0.0025162950311747377,0.004271490856307222,80391,371,Ontario,New York,0.0025162950311747377,both,0.42714908563072224,0.42714908563072224,0.2516295031174738,0.2516295031174738,0.0,0.0,0.0,0.0,0.37-0.70,0.37-0.70,0.24-0.57,0.24-0.57,True,True,0.0,0.0
36071,0.003638972702388611,158461.0,593.0,256375.0,0.0010291289551428028,0.003638972702388611,158461,593,Orange,New York,0.0010291289551428028,both,0.3638972702388611,0.3638972702388611,0.10291289551428028,0.10291289551428028,0.0,0.0,0.0,0.0,0.23-0.37,0.23-0.37,0.09-0.24,0.09-0.24,True,True,0.0,0.0
36073,0.002549917929655109,11676.0,35.0,29333.0,0.007645273070003307,0.002549917929655109,11676,35,Orleans,New York,0.007645273070003307,both,0.2549917929655109,0.2549917929655109,0.7645273070003307,0.7645273070003307,0.0,0.0,0.0,0.0,0.23-0.37,0.23-0.37,0.57+,0.57+,True,True,0.0,0.0
36075,0.010477049630673417,39852.0,515.0,80294.0,0.0020286515916627286,0.010477049630673417,39852,515,Oswego,New York,0.0020286515916627286,both,1.0477049630673416,1.0477049630673416,0.20286515916627285,0.20286515916627285,0.0,0.0,0.0,0.0,0.70+,0.70+,0.09-0.24,0.09-0.24,True,True,0.0,0.0
36077,0.002864736273091224,32431.0,97.0,39352.0,0.004399732735549326,0.002864736273091224,32431,97,Otsego,New York,0.004399732735549326,both,0.2864736273091224,0.2864736273091224,0.43997327355493265,0.43997327355493265,0.0,0.0,0.0,0.0,0.23-0.37,0.23-0.37,0.24-0.57,0.24-0.57,True,True,0.0,0.0
36079,0.002365786990715382,23567.0,55.0,70716.0,-0.0016218381753629798,0.002365786990715382,23567,55,Putnam,New York,-0.0016218381753629798,both,0.2365786990715382,0.2365786990715382,-0.162183817536298,-0.162183817536298,0.0,0.0,0.0,0.0,0.23-0.37,0.23-0.37,<-0.12,<-0.12,True,True,0.0,0.0
36081,0.006914375353888886,307645.0,2241.0,1709759.0,0.0024785656038487152,0.006914375353888886,307645,2241,Queens,New York,0.0024785656038487152,both,0.6914375353888885,0.6914375353888885,0.24785656038487153,0.24785656038487153,0.0,0.0,0.0,0.0,0.37-0.70,0.37-0.70,0.24-0.57,0.24-0.57,True,True,0.0,0.0
36083,0.010783339837119784,74562.0,797.0,113385.0,0.0014906773812638184,0.010783339837119784,74562,797,Rensselaer,New York,0.0014906773812638184,both,1.0783339837119785,1.0783339837119785,0.14906773812638185,0.14906773812638185,0.0,0.0,0.0,0.0,0.70+,0.70+,0.09-0.24,0.09-0.24,True,True,0.0,0.0
36085,0.0013848959502357177,66577.0,97.0,344639.0,0.0007080957259245255,0.0013848959502357177,66577,97,Richmond,New York,0.0007080957259245255,both,0.13848959502357178,0.13848959502357178,0.07080957259245255,0.07080957259245255,0.0,0.0,0.0,0.0,0.06-0.14,0.06-0.14,0-0.09,0-0.09,True,True,0.0,0.0
36087,0.00770484971606295,131074.0,1038.0,208539.0,0.0001421729658730303,0.00770484971606295,131074,1038,Rockland,New York,0.0001421729658730303,both,0.770484971606295,0.770484971606295,0.01421729658730303,0.01421729658730303,0.0,0.0,0.0,0.0,0.70+,0.70+,0-0.09,0-0.09,True,True,0.0,0.0
36089,0.004010122226503256,35555.0,152.0,71483.0,0.002572769814149124,0.004010122226503256,35555,152,St. Lawrence,New York,0.002572769814149124,both,0.4010122226503256,0.4010122226503256,0.2572769814149124,0.2572769814149124,0.0,0.0,0.0,0.0,0.37-0.70,0.37-0.70,0.24-0.57,0.24-0.57,True,True,0.0,0.0
36091,0.008334439472819203,85623.0,718.0,170815.0,-0.0006115950076673767,0.008334439472819203,85623,718,Saratoga,New York,-0.0006115950076673767,both,0.8334439472819203,0.8334439472819203,-0.061159500766737665,-0.061159500766737665,0.0,0.0,0.0,0.0,0.70+,0.70+,-0.12-0,-0.12-0,True,True,0.0,0.0
36093,0.01567701903838913,65751.0,1043.0,109680.0,0.008860182118486505,0.01567701903838913,65751,1043,Schenectady,New York,0.008860182118486505,both,1.5677019038389128,1.5677019038389128,0.8860182118486505,0.8860182118486505,0.0,0.0,0.0,0.0,0.70+,0.70+,0.57+,0.57+,True,True,0.0,0.0
36095,0.007979706650725287,11690.0,94.0,21509.0,0.0037090485174718583,0.007979706650725287,11690,94,Schoharie,New York,0.0037090485174718583,both,0.7979706650725288,0.7979706650725288,0.37090485174718585,0.37090485174718585,0.0,0.0,0.0,0.0,0.70+,0.70+,0.24-0.57,0.24-0.57,True,True,0.0,0.0
36097,0.002876685704493155,4918.0,24.0,13283.0,0.01292517006802721,0.002876685704493155,4918,24,Schuyler,New York,0.01292517006802721,both,0.2876685704493155,0.2876685704493155,1.292517006802721,1.292517006802721,0.0,0.0,0.0,0.0,0.23-0.37,0.23-0.37,0.57+,0.57+,True,True,0.0,0.0
36099,0.004760433609534173,15018.0,65.0,24400.0,0.00032669928857157436,0.004760433609534173,15018,65,Seneca,New York,0.00032669928857157436,both,0.47604336095341726,0.47604336095341726,0.032669928857157436,0.032669928857157436,0.0,0.0,0.0,0.0,0.37-0.70,0.37-0.70,0-0.09,0-0.09,True,True,0.0,0.0
36101,0.022466333596610044,48143.0,1129.0,66493.0,-0.005642450009384084,0.022466333596610044,48143,1129,Steuben,New York,-0.005642450009384084,both,2.246633359661004,2.246633359661004,-0.5642450009384083,-0.5642450009384083,0.0,0.0,0.0,0.0,0.70+,0.70+,<-0.12,<-0.12,True,True,0.0,0.0
36103,0.007068298497776781,659766.0,4783.0,1067104.0,0.0012565765384674752,0.007068298497776781,659766,4783,Suffolk,New York,0.0012565765384674752,both,0.7068298497776782,0.7068298497776782,0.1256576538467475,0.1256576538467475,0.0,0.0,0.0,0.0,0.70+,0.70+,0.09-0.24,0.09-0.24,True,True,0.0,0.0
36105,0.0016425462716859927,19029.0,40.0,55556.0,0.0011525317976853863,0.0016425462716859927,19029,40,Sullivan,New York,0.0011525317976853863,both,0.16425462716859926,0.16425462716859926,0.11525317976853863,0.11525317976853863,0.0,0.0,0.0,0.0,0.14-0.23,0.14-0.23,0.09-0.24,0.09-0.24,True,True,0.0,0.0
36107,0.018401592627884687,19065.0,350.0,34747.0,0.005670012205371538,0.018401592627884687,19065,350,Tioga,New York,0.005670012205371538,both,1.8401592627884686,1.8401592627884686,0.5670012205371537,0.5670012205371537,0.0,0.0,0.0,0.0,0.70+,0.70+,0.24-0.57,0.24-0.57,True,True,0.0,0.0
36109,0.01613050948458617,74602.0,1283.0,61156.0,0.01048413728090372,0.01613050948458617,74602,1283,Tompkins,New York,0.01048413728090372,both,1.613050948458617,1.613050948458617,1.048413728090372,1.048413728090372,0.0,0.0,0.0,0.0,0.70+,0.70+,0.57+,0.57+,True,True,0.0,0.0
36111,0.0024254925484789537,47400.0,118.0,134090.0,-0.0010937292776504364,0.0024254925484789537,47400,118,Ulster,New York,-0.0010937292776504364,both,0.24254925484789536,0.24254925484789536,-0.10937292776504363,-0.10937292776504363,0.0,0.0,0.0,0.0,0.23-0.37,0.23-0.37,-0.12-0,-0.12-0,True,True,0.0,0.0
36113,0.002304605822712437,38815.0,83.0,49282.0,0.0037342798937033007,0.002304605822712437,38815,83,Warren,New York,0.0037342798937033007,both,0.23046058227124372,0.23046058227124372,0.37342798937033006,0.37342798937033006,0.0,0.0,0.0,0.0,0.23-0.37,0.23-0.37,0.24-0.57,0.24-0.57,True,True,0.0,0.0
36115,0.008549219711405789,16634.0,159.0,45270.0,0.0033973394398787863,0.008549219711405789,16634,159,Washington,New York,0.0033973394398787863,both,0.8549219711405789,0.8549219711405789,0.33973394398787865,0.33973394398787865,0.0,0.0,0.0,0.0,0.70+,0.70+,0.24-0.57,0.24-0.57,True,True,0.0,0.0
36117,0.004561173418972194,35933.0,185.0,65234.0,0.003330591552226482,0.004561173418972194,35933,185,Wayne,New York,0.003330591552226482,both,0.45611734189721936,0.45611734189721936,0.3330591552226482,0.3330591552226482,0.0,0.0,0.0,0.0,0.37-0.70,0.37-0.70,0.24-0.57,0.24-0.57,True,True,0.0,0.0
36119,0.015344429646586773,697505.0,11038.0,695064.0,0.002199677114662882,0.015344429646586773,697505,11038,Westchester,New York,0.002199677114662882,both,1.5344429646586772,1.5344429646586772,0.2199677114662882,0.2199677114662882,0.0,0.0,0.0,0.0,0.70+,0.70+,0.09-0.24,0.09-0.24,True,True,0.0,0.0
36121,0.0031258482892070937,10797.0,36.0,29511.0,0.0018091494064034108,0.0031258482892070937,10797,36,Wyoming,New York,0.0018091494064034108,both,0.3125848289207094,0.3125848289207094,0.18091494064034108,0.18091494064034108,0.0,0.0,0.0,0.0,0.23-0.37,0.23-0.37,0.09-0.24,0.09-0.24,True,True,0.0,0.0
36123,0.001639052957045179,7669.0,13.0,16746.0,0.001827318410232983,0.001639052957045179,7669,13,Yates,New York,0.001827318410232983,both,0.1639052957045179,0.1639052957045179,0.1827318410232983,0.1827318410232983,0.0,0.0,0.0,0.0,0.14-0.23,0.14-0.23,0.09-0.24,0.09-0.24,True,True,0.0,0.0
36999,,,,,,0.00912794916392334,24572,241,"[New York, county not reported]",New York,0.0007426981786206634,right_only,,0.912794916392334,,0.07426981786206634,,,,,No data,0.70+,No data,0-0.09,False,False,,
37001,0.007237786962442721,124830.0,970.0,115744.0,-9.80833790168896e-05,0.007237786962442721,124830,970,Alamance,North Carolina,-9.80833790168896e-05,both,0.7237786962442722,0.7237786962442722,-0.00980833790168896,-0.00980833790168896,0.0,0.0,0.0,0.0,0.70+,0.70+,-0.12-0,-0.12-0,True,True,0.0,0.0
37003,0.0,4828.0,0.0,26366.0,0.0,0.0,4828,0,Alexander,North Carolina,0.0,both,0.0,0.0,0.0,0.0,0.0,0.0,0.0,0.0,0-0.06,0-0.06,-0.12-0,-0.12-0,True,True,0.0,0.0
37005,0.0,2131.0,0.0,8508.0,0.0,0.0,2131,0,Alleghany,North Carolina,0.0,both,0.0,0.0,0.0,0.0,0.0,0.0,0.0,0.0,0-0.06,0-0.06,-0.12-0,-0.12-0,True,True,0.0,0.0
37007,0.00015432098765432098,5513.0,1.0,15790.0,0.0,0.00015432098765432098,5513,1,Anson,North Carolina,0.0,both,0.015432098765432098,0.015432098765432098,0.0,0.0,0.0,0.0,0.0,0.0,0-0.06,0-0.06,-0.12-0,-0.12-0,True,True,0.0,0.0
37009,0.0009406329266819665,4358.0,4.0,20539.0,0.001713796058269066,0.0009406329266819665,4358,4,Ashe,North Carolina,0.001713796058269066,both,0.09406329266819664,0.09406329266819664,0.17137960582690662,0.17137960582690662,0.0,0.0,0.0,0.0,0.06-0.14,0.06-0.14,0.09-0.24,0.09-0.24,True,True,0.0,0.0
37011,0.00337267026175861,5557.0,22.0,13603.0,0.003519714300040671,0.00337267026175861,5557,22,Avery,North Carolina,0.003519714300040671,both,0.337267026175861,0.337267026175861,0.3519714300040671,0.3519714300040671,0.0,0.0,0.0,0.0,0.23-0.37,0.23-0.37,0.24-0.57,0.24-0.57,True,True,0.0,0.0
37013,0.0019445380491477245,11066.0,24.0,32694.0,0.004391874273338303,0.0019445380491477245,11066,24,Beaufort,North Carolina,0.004391874273338303,both,0.19445380491477246,0.19445380491477246,0.4391874273338303,0.4391874273338303,0.0,0.0,0.0,0.0,0.14-0.23,0.14-0.23,0.24-0.57,0.24-0.57,True,True,0.0,0.0
37015,0.0,3551.0,0.0,13425.0,0.0,0.0,3551,0,Bertie,North Carolina,0.0,both,0.0,0.0,0.0,0.0,0.0,0.0,0.0,0.0,0-0.06,0-0.06,-0.12-0,-0.12-0,True,True,0.0,0.0
37017,0.001175450153558963,10483.0,16.0,21347.0,0.002904754360543716,0.001175450153558963,10483,16,Bladen,North Carolina,0.002904754360543716,both,0.1175450153558963,0.1175450153558963,0.2904754360543716,0.2904754360543716,0.0,0.0,0.0,0.0,0.06-0.14,0.06-0.14,0.24-0.57,0.24-0.57,True,True,0.0,0.0
37019,0.0055761903780795034,43725.0,316.0,111828.0,0.006270579578336998,0.0055761903780795034,43725,316,Brunswick,North Carolina,0.006270579578336998,both,0.5576190378079503,0.5576190378079503,0.6270579578336998,0.6270579578336998,0.0,0.0,0.0,0.0,0.37-0.70,0.37-0.70,0.57+,0.57+,True,True,0.0,0.0
37021,0.00371059367670961,168567.0,670.0,200084.0,0.0009016226911490199,0.00371059367670961,168567,670,Buncombe,North Carolina,0.0009016226911490199,both,0.37105936767096104,0.37105936767096104,0.090162269114902,0.090162269114902,0.0,0.0,0.0,0.0,0.37-0.70,0.37-0.70,0.09-0.24,0.09-0.24,True,True,0.0,0.0
37023,0.0044594939788009874,64740.0,327.0,64552.0,0.004410177858259123,0.0044594939788009874,64740,327,Burke,North Carolina,0.004410177858259123,both,0.44594939788009874,0.44594939788009874,0.4410177858259123,0.4410177858259123,0.0,0.0,0.0,0.0,0.37-0.70,0.37-0.70,0.24-0.57,0.24-0.57,True,True,0.0,0.0
37025,0.003230416953242022,143903.0,568.0,150268.0,0.004379414201455142,0.003230416953242022,143903,568,Cabarrus,North Carolina,0.004379414201455142,both,0.3230416953242022,0.3230416953242022,0.43794142014551424,0.43794142014551424,0.0,0.0,0.0,0.0,0.23-0.37,0.23-0.37,0.24-0.57,0.24-0.57,True,True,0.0,0.0
37027,0.0009098605445548011,17084.0,16.0,58269.0,0.00011258521066145628,0.0009098605445548011,17084,16,Caldwell,North Carolina,0.00011258521066145628,both,0.09098605445548011,0.09098605445548011,0.011258521066145628,0.011258521066145628,0.0,0.0,0.0,0.0,0.06-0.14,0.06-0.14,0-0.09,0-0.09,True,True,0.0,0.0
37029,0.006342231216875316,1275.0,13.0,7290.0,0.01327798095614642,0.006342231216875316,1275,13,Camden,North Carolina,0.01327798095614642,both,0.6342231216875316,0.6342231216875316,1.327798095614642,1.327798095614642,0.0,0.0,0.0,0.0,0.37-0.70,0.37-0.70,0.57+,0.57+,True,True,0.0,0.0
37031,0.0016778311398744686,16803.0,28.0,52162.0,1.7930802000636027e-05,0.0016778311398744686,16803,28,Carteret,North Carolina,1.7930802000636027e-05,both,0.16778311398744686,0.16778311398744686,0.0017930802000636027,0.0017930802000636027,0.0,0.0,0.0,0.0,0.14-0.23,0.14-0.23,0-0.09,0-0.09,True,True,0.0,0.0
37033,0.00019801980198019803,3623.0,1.0,16679.0,0.0009267840593141798,0.00019801980198019803,3623,1,Caswell,North Carolina,0.0009267840593141798,both,0.019801980198019802,0.019801980198019802,0.09267840593141798,0.09267840593141798,0.0,0.0,0.0,0.0,0-0.06,0-0.06,0.09-0.24,0.09-0.24,True,True,0.0,0.0
37035,0.0038058855063543146,106823.0,426.0,112106.0,-0.0013337744413010645,0.0038058855063543146,106823,426,Catawba,North Carolina,-0.0013337744413010645,both,0.38058855063543146,0.38058855063543146,-0.13337744413010644,-0.13337744413010644,0.0,0.0,0.0,0.0,0.37-0.70,0.37-0.70,<-0.12,<-0.12,True,True,0.0,0.0
37037,0.003437610541165304,20497.0,125.0,56742.0,0.010892347837500076,0.003437610541165304,20497,125,Chatham,North Carolina,0.010892347837500076,both,0.3437610541165304,0.3437610541165304,1.0892347837500076,1.0892347837500076,0.0,0.0,0.0,0.0,0.23-0.37,0.23-0.37,0.57+,0.57+,True,True,0.0,0.0
37039,0.0018456180193689743,6036.0,11.0,22423.0,0.0030959752321981426,0.0018456180193689743,6036,11,Cherokee,North Carolina,0.0030959752321981426,both,0.18456180193689745,0.18456180193689745,0.30959752321981426,0.30959752321981426,0.0,0.0,0.0,0.0,0.14-0.23,0.14-0.23,0.24-0.57,0.24-0.57,True,True,0.0,0.0
37041,0.0007614649955545357,3402.0,2.0,10603.0,0.0,0.0007614649955545357,3402,2,Chowan,North Carolina,0.0,both,0.07614649955545358,0.07614649955545358,0.0,0.0,0.0,0.0,0.0,0.0,0.06-0.14,0.06-0.14,-0.12-0,-0.12-0,True,True,0.0,0.0
37043,0.002124735710839146,1371.0,3.0,8551.0,0.0030211480362537764,0.002124735710839146,1371,3,Clay,North Carolina,0.0030211480362537764,both,0.21247357108391457,0.21247357108391457,0.3021148036253776,0.3021148036253776,0.0,0.0,0.0,0.0,0.14-0.23,0.14-0.23,0.24-0.57,0.24-0.57,True,True,0.0,0.0
37045,0.001451748846999711,40260.0,64.0,68628.0,0.0008280387732693773,0.001451748846999711,40260,64,Cleveland,North Carolina,0.0008280387732693773,both,0.14517488469997109,0.14517488469997109,0.08280387732693772,0.08280387732693772,0.0,0.0,0.0,0.0,0.14-0.23,0.14-0.23,0-0.09,0-0.09,True,True,0.0,0.0
37047,0.0013899074084685933,12552.0,19.0,35890.0,0.002682926829268293,0.0013899074084685933,12552,19,Columbus,North Carolina,0.002682926829268293,both,0.13899074084685933,0.13899074084685933,0.2682926829268293,0.2682926829268293,0.0,0.0,0.0,0.0,0.06-0.14,0.06-0.14,0.24-0.57,0.24-0.57,True,True,0.0,0.0
37049,0.003726645246361811,33326.0,123.0,68006.0,-0.001948162009024818,0.003726645246361811,33326,123,Craven,North Carolina,-0.001948162009024818,both,0.3726645246361811,0.3726645246361811,-0.1948162009024818,-0.1948162009024818,0.0,0.0,0.0,0.0,0.37-0.70,0.37-0.70,<-0.12,<-0.12,True,True,0.0,0.0
37051,0.008605698220758526,220561.0,2236.0,208267.0,0.0028603867485162277,0.008605698220758526,220561,2236,Cumberland,North Carolina,0.0028603867485162277,both,0.8605698220758526,0.8605698220758526,0.28603867485162277,0.28603867485162277,0.0,0.0,0.0,0.0,0.70+,0.70+,0.24-0.57,0.24-0.57,True,True,0.0,0.0
37053,0.0014665035803283824,8478.0,18.0,20448.0,0.00510204081632653,0.0014665035803283824,8478,18,Currituck,North Carolina,0.00510204081632653,both,0.14665035803283824,0.14665035803283824,0.5102040816326531,0.5102040816326531,0.0,0.0,0.0,0.0,0.14-0.23,0.14-0.23,0.24-0.57,0.24-0.57,True,True,0.0,0.0
37055,0.0008991933949033361,14493.0,13.0,27944.0,-0.001253764481612742,0.0008991933949033361,14493,13,Dare,North Carolina,-0.001253764481612742,both,0.08991933949033361,0.08991933949033361,-0.1253764481612742,-0.1253764481612742,0.0,0.0,0.0,0.0,0.06-0.14,0.06-0.14,<-0.12,<-0.12,True,True,0.0,0.0
37057,0.002603289132298011,59580.0,194.0,119381.0,0.0009467728850325974,0.002603289132298011,59580,194,Davidson,North Carolina,0.0009467728850325974,both,0.2603289132298011,0.2603289132298011,0.09467728850325974,0.09467728850325974,0.0,0.0,0.0,0.0,0.23-0.37,0.23-0.37,0.09-0.24,0.09-0.24,True,True,0.0,0.0
37059,0.0015969604304749945,21898.0,44.0,30752.0,0.0010365085757755915,0.0015969604304749945,21898,44,Davie,North Carolina,0.0010365085757755915,both,0.15969604304749946,0.15969604304749946,0.10365085757755915,0.10365085757755915,0.0,0.0,0.0,0.0,0.14-0.23,0.14-0.23,0.09-0.24,0.09-0.24,True,True,0.0,0.0
37061,0.003294383523408012,13318.0,54.0,33381.0,0.005698655117392295,0.003294383523408012,13318,54,Duplin,North Carolina,0.005698655117392295,both,0.3294383523408012,0.3294383523408012,0.5698655117392295,0.5698655117392295,0.0,0.0,0.0,0.0,0.23-0.37,0.23-0.37,0.24-0.57,0.24-0.57,True,True,0.0,0.0
37063,0.046082159652126684,596296.0,30341.0,225746.0,0.0019656191464529765,0.046082159652126684,596296,30341,Durham,North Carolina,0.0019656191464529765,both,4.608215965212668,4.608215965212668,0.19656191464529765,0.19656191464529765,0.0,0.0,0.0,0.0,0.70+,0.70+,0.09-0.24,0.09-0.24,True,True,0.0,0.0
37065,0.002134279443214311,17649.0,39.0,34110.0,0.0030707264062531155,0.002134279443214311,17649,39,Edgecombe,North Carolina,0.0030707264062531155,both,0.21342794432143108,0.21342794432143108,0.30707264062531153,0.30707264062531153,0.0,0.0,0.0,0.0,0.14-0.23,0.14-0.23,0.24-0.57,0.24-0.57,True,True,0.0,0.0
37067,0.007504938796145414,365029.0,3084.0,257771.0,0.003606371255720545,0.007504938796145414,365029,3084,Forsyth,North Carolina,0.003606371255720545,both,0.7504938796145414,0.7504938796145414,0.3606371255720545,0.3606371255720545,0.0,0.0,0.0,0.0,0.70+,0.70+,0.24-0.57,0.24-0.57,True,True,0.0,0.0
37069,0.0027284544470493545,18601.0,71.0,48583.0,0.0056028519333631635,0.0027284544470493545,18601,71,Franklin,North Carolina,0.0056028519333631635,both,0.27284544470493544,0.27284544470493544,0.5602851933363163,0.5602851933363163,0.0,0.0,0.0,0.0,0.23-0.37,0.23-0.37,0.24-0.57,0.24-0.57,True,True,0.0,0.0
37071,0.003469249434177477,109935.0,496.0,158986.0,0.00603672202077117,0.003469249434177477,109935,496,Gaston,North Carolina,0.00603672202077117,both,0.3469249434177477,0.3469249434177477,0.603672202077117,0.603672202077117,0.0,0.0,0.0,0.0,0.23-0.37,0.23-0.37,0.57+,0.57+,True,True,0.0,0.0
37073,0.0017681159420289856,1426.0,3.0,7757.0,0.0020161290322580645,0.0017681159420289856,1426,3,Gates,North Carolina,0.0020161290322580645,both,0.17681159420289858,0.17681159420289858,0.20161290322580644,0.20161290322580644,0.0,0.0,0.0,0.0,0.14-0.23,0.14-0.23,0.09-0.24,0.09-0.24,True,True,0.0,0.0
37075,0.0020512820512820517,1274.0,4.0,5809.0,0.004705882352941176,0.0020512820512820517,1274,4,Graham,North Carolina,0.004705882352941176,both,0.20512820512820518,0.20512820512820518,0.4705882352941176,0.4705882352941176,0.0,0.0,0.0,0.0,0.14-0.23,0.14-0.23,0.24-0.57,0.24-0.57,True,True,0.0,0.0
37077,0.00389030087151523,26014.0,160.0,43383.0,0.01233060033309591,0.00389030087151523,26014,160,Granville,North Carolina,0.01233060033309591,both,0.389030087151523,0.389030087151523,1.2330600333095911,1.2330600333095911,0.0,0.0,0.0,0.0,0.37-0.70,0.37-0.70,0.57+,0.57+,True,True,0.0,0.0
37079,0.0015384615384615385,2029.0,4.0,14601.0,0.006956521739130435,0.0015384615384615385,2029,4,Greene,North Carolina,0.006956521739130435,both,0.15384615384615385,0.15384615384615385,0.6956521739130435,0.6956521739130435,0.0,0.0,0.0,0.0,0.14-0.23,0.14-0.23,0.57+,0.57+,True,True,0.0,0.0
37081,0.008234223429012774,567949.0,4976.0,357540.0,0.002991670610726335,0.008234223429012774,567949,4976,Guilford,North Carolina,0.002991670610726335,both,0.8234223429012774,0.8234223429012774,0.2991670610726335,0.2991670610726335,0.0,0.0,0.0,0.0,0.70+,0.70+,0.24-0.57,0.24-0.57,True,True,0.0,0.0
37083,0.002366652717522385,13804.0,30.0,34748.0,0.000739103983191697,0.002366652717522385,13804,30,Halifax,North Carolina,0.000739103983191697,both,0.2366652717522385,0.2366652717522385,0.07391039831916969,0.07391039831916969,0.0,0.0,0.0,0.0,0.23-0.37,0.23-0.37,0-0.09,0-0.09,True,True,0.0,0.0
37085,0.0007873648742958775,35059.0,42.0,88532.0,0.0014879354573127674,0.0007873648742958775,35059,42,Harnett,North Carolina,0.0014879354573127674,both,0.07873648742958775,0.07873648742958775,0.14879354573127673,0.14879354573127673,0.0,0.0,0.0,0.0,0.06-0.14,0.06-0.14,0.09-0.24,0.09-0.24,True,True,0.0,0.0
37087,0.001229771211217861,24478.0,31.0,46815.0,-0.00010013200859270344,0.001229771211217861,24478,31,Haywood,North Carolina,-0.00010013200859270344,both,0.1229771211217861,0.1229771211217861,-0.010013200859270344,-0.010013200859270344,0.0,0.0,0.0,0.0,0.06-0.14,0.06-0.14,-0.12-0,-0.12-0,True,True,0.0,0.0
37089,0.0013739164976212387,41972.0,55.0,87179.0,-0.0005615534552486908,0.0013739164976212387,41972,55,Henderson,North Carolina,-0.0005615534552486908,both,0.13739164976212387,0.13739164976212387,-0.056155345524869074,-0.056155345524869074,0.0,0.0,0.0,0.0,0.06-0.14,0.06-0.14,-0.12-0,-0.12-0,True,True,0.0,0.0
37091,0.0011512980982586528,8587.0,10.0,15136.0,0.000838134956306459,0.0011512980982586528,8587,10,Hertford,North Carolina,0.000838134956306459,both,0.11512980982586528,0.11512980982586528,0.0838134956306459,0.0838134956306459,0.0,0.0,0.0,0.0,0.06-0.14,0.06-0.14,0-0.09,0-0.09,True,True,0.0,0.0
37093,0.0018128706957220493,9116.0,20.0,33996.0,0.002527646129541864,0.0018128706957220493,9116,20,Hoke,North Carolina,0.002527646129541864,both,0.18128706957220492,0.18128706957220492,0.2527646129541864,0.2527646129541864,0.0,0.0,0.0,0.0,0.14-0.23,0.14-0.23,0.24-0.57,0.24-0.57,True,True,0.0,0.0
37095,0.0,414.0,0.0,3706.0,0.0,0.0,414,0,Hyde,North Carolina,0.0,both,0.0,0.0,0.0,0.0,0.0,0.0,0.0,0.0,0-0.06,0-0.06,-0.12-0,-0.12-0,True,True,0.0,0.0
37097,0.013354358998416554,133123.0,1895.0,130349.0,-0.004876638372142534,0.013354358998416554,133123,1895,Iredell,North Carolina,-0.004876638372142534,both,1.3354358998416553,1.3354358998416553,-0.4876638372142534,-0.4876638372142534,0.0,0.0,0.0,0.0,0.70+,0.70+,<-0.12,<-0.12,True,True,0.0,0.0
37099,0.0007632588616629697,18764.0,16.0,27605.0,0.001554907677356657,0.0007632588616629697,18764,16,Jackson,North Carolina,0.001554907677356657,both,0.07632588616629697,0.07632588616629697,0.1554907677356657,0.1554907677356657,0.0,0.0,0.0,0.0,0.06-0.14,0.06-0.14,0.09-0.24,0.09-0.24,True,True,0.0,0.0
37101,0.004589620994562249,72485.0,345.0,146407.0,0.0031604344413697256,0.004589620994562249,72485,345,Johnston,North Carolina,0.0031604344413697256,both,0.45896209945622496,0.45896209945622496,0.31604344413697255,0.31604344413697255,0.0,0.0,0.0,0.0,0.37-0.70,0.37-0.70,0.24-0.57,0.24-0.57,True,True,0.0,0.0
37103,0.0,1940.0,0.0,6848.0,0.0,0.0,1940,0,Jones,North Carolina,0.0,both,0.0,0.0,0.0,0.0,0.0,0.0,0.0,0.0,0-0.06,0-0.06,-0.12-0,-0.12-0,True,True,0.0,0.0
37105,0.003386578982155725,44113.0,173.0,43222.0,0.003932116030960909,0.003386578982155725,44113,173,Lee,North Carolina,0.003932116030960909,both,0.3386578982155725,0.3386578982155725,0.3932116030960909,0.3932116030960909,0.0,0.0,0.0,0.0,0.23-0.37,0.23-0.37,0.24-0.57,0.24-0.57,True,True,0.0,0.0
37107,0.000759781884248918,20854.0,17.0,38258.0,-0.0001695917351257157,0.000759781884248918,20854,17,Lenoir,North Carolina,-0.0001695917351257157,both,0.07597818842489179,0.07597818842489179,-0.01695917351257157,-0.01695917351257157,0.0,0.0,0.0,0.0,0.06-0.14,0.06-0.14,-0.12-0,-0.12-0,True,True,0.0,0.0
37109,0.0025602883959092238,33068.0,117.0,63079.0,0.0072676350997394595,0.0025602883959092238,33068,117,Lincoln,North Carolina,0.0072676350997394595,both,0.2560288395909224,0.2560288395909224,0.7267635099739459,0.7267635099739459,0.0,0.0,0.0,0.0,0.23-0.37,0.23-0.37,0.57+,0.57+,True,True,0.0,0.0
37111,0.0016558671227774706,15278.0,24.0,32612.0,0.0013201320132013201,0.0016558671227774706,15278,24,McDowell,North Carolina,0.0013201320132013201,both,0.16558671227774707,0.16558671227774707,0.132013201320132,0.132013201320132,0.0,0.0,0.0,0.0,0.14-0.23,0.14-0.23,0.09-0.24,0.09-0.24,True,True,0.0,0.0
37113,0.0009607693922496135,10773.0,11.0,27929.0,0.0010252904989747095,0.0009607693922496135,10773,11,Macon,North Carolina,0.0010252904989747095,both,0.09607693922496136,0.09607693922496136,0.10252904989747096,0.10252904989747096,0.0,0.0,0.0,0.0,0.06-0.14,0.06-0.14,0.09-0.24,0.09-0.24,True,True,0.0,0.0
37115,0.00033112582781456954,2932.0,1.0,15610.0,0.0,0.00033112582781456954,2932,1,Madison,North Carolina,0.0,both,0.033112582781456956,0.033112582781456956,0.0,0.0,0.0,0.0,0.0,0.0,0-0.06,0-0.06,-0.12-0,-0.12-0,True,True,0.0,0.0
37117,0.0007281305898740541,5291.0,4.0,16019.0,-0.000784313725490196,0.0007281305898740541,5291,4,Martin,North Carolina,-0.000784313725490196,both,0.07281305898740541,0.07281305898740541,-0.0784313725490196,-0.0784313725490196,0.0,0.0,0.0,0.0,0.06-0.14,0.06-0.14,-0.12-0,-0.12-0,True,True,0.0,0.0
37119,0.035261068302167964,2019356.0,79766.0,755037.0,0.016070633490016056,0.035261068302167964,2019356,79766,Mecklenburg,North Carolina,0.016070633490016056,both,3.526106830216796,3.526106830216796,1.6070633490016055,1.6070633490016055,0.0,0.0,0.0,0.0,0.70+,0.70+,0.57+,0.57+,True,True,0.0,0.0
37121,0.007501046761933014,4316.0,49.0,11148.0,0.025974025974025976,0.007501046761933014,4316,49,Mitchell,North Carolina,0.025974025974025976,both,0.7501046761933015,0.7501046761933015,2.5974025974025974,2.5974025974025974,0.0,0.0,0.0,0.0,0.70+,0.70+,0.57+,0.57+,True,True,0.0,0.0
37123,0.0024660565261142094,7376.0,23.0,18303.0,0.005146702576379389,0.0024660565261142094,7376,23,Montgomery,North Carolina,0.005146702576379389,both,0.24660565261142095,0.24660565261142095,0.5146702576379389,0.5146702576379389,0.0,0.0,0.0,0.0,0.23-0.37,0.23-0.37,0.24-0.57,0.24-0.57,True,True,0.0,0.0
37125,0.0022136896646450153,45403.0,114.0,72283.0,0.002337021222069877,0.0022136896646450153,45403,114,Moore,North Carolina,0.002337021222069877,both,0.22136896646450152,0.22136896646450152,0.23370212220698772,0.23370212220698772,0.0,0.0,0.0,0.0,0.14-0.23,0.14-0.23,0.09-0.24,0.09-0.24,True,True,0.0,0.0
37127,0.0030727953929943195,38493.0,125.0,66173.0,0.002699207771254398,0.0030727953929943195,38493,125,Nash,North Carolina,0.002699207771254398,both,0.30727953929943197,0.30727953929943197,0.26992077712543977,0.26992077712543977,0.0,0.0,0.0,0.0,0.23-0.37,0.23-0.37,0.24-0.57,0.24-0.57,True,True,0.0,0.0
37129,0.0056992645656110145,185887.0,1217.0,158599.0,0.0031256961696965197,0.0056992645656110145,185887,1217,New Hanover,North Carolina,0.0031256961696965197,both,0.5699264565611014,0.5699264565611014,0.31256961696965196,0.31256961696965196,0.0,0.0,0.0,0.0,0.37-0.70,0.37-0.70,0.24-0.57,0.24-0.57,True,True,0.0,0.0
37131,0.005953848073437048,4326.0,29.0,13261.0,-0.0007511849534387813,0.005953848073437048,4326,29,Northampton,North Carolina,-0.0007511849534387813,both,0.5953848073437048,0.5953848073437048,-0.07511849534387813,-0.07511849534387813,0.0,0.0,0.0,0.0,0.37-0.70,0.37-0.70,-0.12-0,-0.12-0,True,True,0.0,0.0
37133,0.001668654655295345,63253.0,126.0,110214.0,0.0026346059160709838,0.001668654655295345,63253,126,Onslow,North Carolina,0.0026346059160709838,both,0.1668654655295345,0.1668654655295345,0.2634605916070984,0.2634605916070984,0.0,0.0,0.0,0.0,0.14-0.23,0.14-0.23,0.24-0.57,0.24-0.57,True,True,0.0,0.0
37135,0.009122255288872307,150022.0,1528.0,92484.0,0.004538634358996439,0.009122255288872307,150022,1528,Orange,North Carolina,0.004538634358996439,both,0.9122255288872307,0.9122255288872307,0.4538634358996439,0.4538634358996439,0.0,0.0,0.0,0.0,0.70+,0.70+,0.24-0.57,0.24-0.57,True,True,0.0,0.0
37137,0.002929532150676974,2415.0,4.0,9769.0,-0.002770083102493075,0.002929532150676974,2415,4,Pamlico,North Carolina,-0.002770083102493075,both,0.2929532150676974,0.2929532150676974,-0.2770083102493075,-0.2770083102493075,0.0,0.0,0.0,0.0,0.23-0.37,0.23-0.37,<-0.12,<-0.12,True,True,0.0,0.0
37139,0.0006281564399139583,21264.0,16.0,27830.0,0.0006596116751099631,0.0006281564399139583,21264,16,Pasquotank,North Carolina,0.0006596116751099631,both,0.06281564399139583,0.06281564399139583,0.06596116751099632,0.06596116751099632,0.0,0.0,0.0,0.0,0.06-0.14,0.06-0.14,0-0.09,0-0.09,True,True,0.0,0.0
37141,0.0017583282386236653,12462.0,36.0,43541.0,0.005277601857715854,0.0017583282386236653,12462,36,Pender,North Carolina,0.005277601857715854,both,0.17583282386236654,0.17583282386236654,0.5277601857715853,0.5277601857715853,0.0,0.0,0.0,0.0,0.14-0.23,0.14-0.23,0.24-0.57,0.24-0.57,True,True,0.0,0.0
37143,0.0006558609349307024,2321.0,2.0,9828.0,0.0013333333333333333,0.0006558609349307024,2321,2,Perquimans,North Carolina,0.0013333333333333333,both,0.06558609349307024,0.06558609349307024,0.13333333333333333,0.13333333333333333,0.0,0.0,0.0,0.0,0.06-0.14,0.06-0.14,0.09-0.24,0.09-0.24,True,True,0.0,0.0
37145,0.00862593273065371,16799.0,156.0,27970.0,-0.004801852769367943,0.00862593273065371,16799,156,Person,North Carolina,-0.004801852769367943,both,0.862593273065371,0.862593273065371,-0.4801852769367943,-0.4801852769367943,0.0,0.0,0.0,0.0,0.70+,0.70+,<-0.12,<-0.12,True,True,0.0,0.0
37147,0.0024674117209778994,92439.0,227.0,105366.0,0.0017748727662155637,0.0024674117209778994,92439,227,Pitt,North Carolina,0.0017748727662155637,both,0.24674117209778995,0.24674117209778995,0.17748727662155636,0.17748727662155636,0.0,0.0,0.0,0.0,0.23-0.37,0.23-0.37,0.09-0.24,0.09-0.24,True,True,0.0,0.0
37149,0.004492498421048221,6737.0,38.0,15320.0,0.0009472609505586029,0.004492498421048221,6737,38,Polk,North Carolina,0.0009472609505586029,both,0.44924984210482205,0.44924984210482205,0.09472609505586028,0.09472609505586028,0.0,0.0,0.0,0.0,0.37-0.70,0.37-0.70,0.09-0.24,0.09-0.24,True,True,0.0,0.0
37151,0.0017896176226653408,41709.0,101.0,100308.0,0.0013972078158646783,0.0017896176226653408,41709,101,Randolph,North Carolina,0.0013972078158646783,both,0.17896176226653407,0.17896176226653407,0.13972078158646783,0.13972078158646783,0.0,0.0,0.0,0.0,0.14-0.23,0.14-0.23,0.09-0.24,0.09-0.24,True,True,0.0,0.0
37153,0.0004898968524433241,13109.0,6.0,29335.0,0.0003403675970047651,0.0004898968524433241,13109,6,Richmond,North Carolina,0.0003403675970047651,both,0.048989685244332414,0.048989685244332414,0.03403675970047651,0.03403675970047651,0.0,0.0,0.0,0.0,0-0.06,0-0.06,0-0.09,0-0.09,True,True,0.0,0.0
37155,0.001581786949805179,38545.0,69.0,75885.0,0.0018807486497308791,0.001581786949805179,38545,69,Robeson,North Carolina,0.0018807486497308791,both,0.1581786949805179,0.1581786949805179,0.18807486497308792,0.18807486497308792,0.0,0.0,0.0,0.0,0.14-0.23,0.14-0.23,0.09-0.24,0.09-0.24,True,True,0.0,0.0
37157,0.0021498220405777096,32873.0,81.0,66036.0,0.002732875650646144,0.0021498220405777096,32873,81,Rockingham,North Carolina,0.002732875650646144,both,0.21498220405777096,0.21498220405777096,0.2732875650646144,0.2732875650646144,0.0,0.0,0.0,0.0,0.14-0.23,0.14-0.23,0.24-0.57,0.24-0.57,True,True,0.0,0.0
37159,0.004261780950120787,57225.0,301.0,101628.0,0.0042809089230582496,0.004261780950120787,57225,301,Rowan,North Carolina,0.0042809089230582496,both,0.4261780950120787,0.4261780950120787,0.428090892305825,0.428090892305825,0.0,0.0,0.0,0.0,0.37-0.70,0.37-0.70,0.24-0.57,0.24-0.57,True,True,0.0,0.0
37161,0.0007616576838837056,20370.0,17.0,46748.0,0.00011568661255669335,0.0007616576838837056,20370,17,Rutherford,North Carolina,0.00011568661255669335,both,0.07616576838837057,0.07616576838837057,0.011568661255669334,0.011568661255669334,0.0,0.0,0.0,0.0,0.06-0.14,0.06-0.14,0-0.09,0-0.09,True,True,0.0,0.0
37163,0.0016571856717869614,17365.0,36.0,39775.0,0.0022048265774043253,0.0016571856717869614,17365,36,Sampson,North Carolina,0.0022048265774043253,both,0.16571856717869615,0.16571856717869615,0.22048265774043252,0.22048265774043252,0.0,0.0,0.0,0.0,0.14-0.23,0.14-0.23,0.09-0.24,0.09-0.24,True,True,0.0,0.0
37165,0.0001620717589568035,13454.0,2.0,23188.0,0.00022583559168925022,0.0001620717589568035,13454,2,Scotland,North Carolina,0.00022583559168925022,both,0.01620717589568035,0.01620717589568035,0.022583559168925023,0.022583559168925023,0.0,0.0,0.0,0.0,0-0.06,0-0.06,0-0.09,0-0.09,True,True,0.0,0.0
37167,0.0028008549127679925,23629.0,82.0,44097.0,0.006042379292829312,0.0028008549127679925,23629,82,Stanly,North Carolina,0.006042379292829312,both,0.28008549127679927,0.28008549127679927,0.6042379292829312,0.6042379292829312,0.0,0.0,0.0,0.0,0.23-0.37,0.23-0.37,0.57+,0.57+,True,True,0.0,0.0
37169,0.008047937040053988,11498.0,119.0,32996.0,0.0017316017316017316,0.008047937040053988,11498,119,Stokes,North Carolina,0.0017316017316017316,both,0.8047937040053987,0.8047937040053987,0.17316017316017315,0.17316017316017315,0.0,0.0,0.0,0.0,0.70+,0.70+,0.09-0.24,0.09-0.24,True,True,0.0,0.0
37171,0.0009165785193180406,25979.0,27.0,50638.0,0.0008107395125632031,0.0009165785193180406,25979,27,Surry,North Carolina,0.0008107395125632031,both,0.09165785193180406,0.09165785193180406,0.08107395125632032,0.08107395125632032,0.0,0.0,0.0,0.0,0.06-0.14,0.06-0.14,0-0.09,0-0.09,True,True,0.0,0.0
37173,0.0008678308385251576,7132.0,8.0,9664.0,-6.613756613756626e-05,0.0008678308385251576,7132,8,Swain,North Carolina,-6.613756613756626e-05,both,0.08678308385251576,0.08678308385251576,-0.006613756613756626,-0.006613756613756626,0.0,0.0,0.0,0.0,0.06-0.14,0.06-0.14,-0.12-0,-0.12-0,True,True,0.0,0.0
37175,0.0006114608222337059,11703.0,12.0,25529.0,0.002144542140253056,0.0006114608222337059,11703,12,Transylvania,North Carolina,0.002144542140253056,both,0.06114608222337059,0.06114608222337059,0.2144542140253056,0.2144542140253056,0.0,0.0,0.0,0.0,0.06-0.14,0.06-0.14,0.09-0.24,0.09-0.24,True,True,0.0,0.0
37177,0.011971163940283597,2287.0,24.0,2542.0,0.018792856469278058,0.011971163940283597,2287,24,Tyrrell,North Carolina,0.018792856469278058,both,1.1971163940283598,1.1971163940283598,1.8792856469278059,1.8792856469278059,0.0,0.0,0.0,0.0,0.70+,0.70+,0.57+,0.57+,True,True,0.0,0.0
37179,0.0030094479131929763,92066.0,332.0,154639.0,0.002070302530356168,0.0030094479131929763,92066,332,Union,North Carolina,0.002070302530356168,both,0.30094479131929763,0.30094479131929763,0.20703025303561678,0.20703025303561678,0.0,0.0,0.0,0.0,0.23-0.37,0.23-0.37,0.09-0.24,0.09-0.24,True,True,0.0,0.0
37181,0.0006240095528057364,22583.0,16.0,28800.0,0.0018117683612072868,0.0006240095528057364,22583,16,Vance,North Carolina,0.0018117683612072868,both,0.06240095528057364,0.06240095528057364,0.18117683612072868,0.18117683612072868,0.0,0.0,0.0,0.0,0.06-0.14,0.06-0.14,0.09-0.24,0.09-0.24,True,True,0.0,0.0
37183,0.035243982039026414,1474942.0,56599.0,764919.0,-0.001445862704647534,0.035243982039026414,1474942,56599,Wake,North Carolina,-0.001445862704647534,both,3.5243982039026416,3.5243982039026416,-0.1445862704647534,-0.1445862704647534,0.0,0.0,0.0,0.0,0.70+,0.70+,<-0.12,<-0.12,True,True,0.0,0.0
37185,0.0007263922518159807,1686.0,3.0,14047.0,0.005076142131979695,0.0007263922518159807,1686,3,Warren,North Carolina,0.005076142131979695,both,0.07263922518159807,0.07263922518159807,0.5076142131979695,0.5076142131979695,0.0,0.0,0.0,0.0,0.06-0.14,0.06-0.14,0.24-0.57,0.24-0.57,True,True,0.0,0.0
37187,0.0,2405.0,0.0,7927.0,0.0,0.0,2405,0,Washington,North Carolina,0.0,both,0.0,0.0,0.0,0.0,0.0,0.0,0.0,0.0,0-0.06,0-0.06,-0.12-0,-0.12-0,True,True,0.0,0.0
37189,0.0029387705809137228,17616.0,60.0,31195.0,0.006480754124116261,0.0029387705809137228,17616,60,Watauga,North Carolina,0.006480754124116261,both,0.29387705809137227,0.29387705809137227,0.648075412411626,0.648075412411626,0.0,0.0,0.0,0.0,0.23-0.37,0.23-0.37,0.57+,0.57+,True,True,0.0,0.0
37191,0.0017382073014852774,39169.0,74.0,78268.0,0.00217831928626479,0.0017382073014852774,39169,74,Wayne,North Carolina,0.00217831928626479,both,0.17382073014852772,0.17382073014852772,0.217831928626479,0.217831928626479,0.0,0.0,0.0,0.0,0.14-0.23,0.14-0.23,0.09-0.24,0.09-0.24,True,True,0.0,0.0
37193,0.00405324173378553,19639.0,79.0,47754.0,0.0020966362458570867,0.00405324173378553,19639,79,Wilkes,North Carolina,0.0020966362458570867,both,0.405324173378553,0.405324173378553,0.20966362458570867,0.20966362458570867,0.0,0.0,0.0,0.0,0.37-0.70,0.37-0.70,0.09-0.24,0.09-0.24,True,True,0.0,0.0
37195,0.005016361726169048,45381.0,223.0,54088.0,0.0034260606545379064,0.005016361726169048,45381,223,Wilson,North Carolina,0.0034260606545379064,both,0.5016361726169049,0.5016361726169049,0.34260606545379063,0.34260606545379063,0.0,0.0,0.0,0.0,0.37-0.70,0.37-0.70,0.24-0.57,0.24-0.57,True,True,0.0,0.0
37197,0.0012936264697412144,10247.0,19.0,26525.0,0.0019940179461615153,0.0012936264697412144,10247,19,Yadkin,North Carolina,0.0019940179461615153,both,0.12936264697412145,0.12936264697412145,0.19940179461615154,0.19940179461615154,0.0,0.0,0.0,0.0,0.06-0.14,0.06-0.14,0.09-0.24,0.09-0.24,True,True,0.0,0.0
37199,0.000968092820884699,2241.0,3.0,13849.0,0.004451038575667656,0.000968092820884699,2241,3,Yancey,North Carolina,0.004451038575667656,both,0.0968092820884699,0.0968092820884699,0.44510385756676557,0.44510385756676557,0.0,0.0,0.0,0.0,0.06-0.14,0.06-0.14,0.24-0.57,0.24-0.57,True,True,0.0,0.0
37999,,,,,,0.03624551627840257,121338,5807,"[North Carolina, county not reported]",North Carolina,0.041050734880530744,right_only,,3.624551627840257,,4.105073488053074,,,,,No data,0.70+,No data,0.57+,False,False,,
38001,0.0,956.0,0.0,1576.0,0.0,0.0,956,0,Adams,North Dakota,0.0,both,0.0,0.0,0.0,0.0,0.0,0.0,0.0,0.0,0-0.06,0-0.06,-0.12-0,-0.12-0,True,True,0.0,0.0
38003,0.0028802602970379406,6049.0,19.0,7518.0,0.004780876494023904,0.0028802602970379406,6049,19,Barnes,North Dakota,0.004780876494023904,both,0.28802602970379404,0.28802602970379404,0.4780876494023904,0.4780876494023904,0.0,0.0,0.0,0.0,0.23-0.37,0.23-0.37,0.24-0.57,0.24-0.57,True,True,0.0,0.0
38005,0.0017391304347826088,745.0,2.0,3366.0,0.0,0.0017391304347826088,745,2,Benson,North Dakota,0.0,both,0.17391304347826086,0.17391304347826086,0.0,0.0,0.0,0.0,0.0,0.0,0.14-0.23,0.14-0.23,-0.12-0,-0.12-0,True,True,0.0,0.0
38007,0.0,190.0,0.0,608.0,0.0,0.0,190,0,Billings,North Dakota,0.0,both,0.0,0.0,0.0,0.0,0.0,0.0,0.0,0.0,0-0.06,0-0.06,-0.12-0,-0.12-0,True,True,0.0,0.0
38009,0.00029069767441860465,1956.0,1.0,4468.0,0.0017730496453900709,0.00029069767441860465,1956,1,Bottineau,North Dakota,0.0017730496453900709,both,0.029069767441860465,0.029069767441860465,0.1773049645390071,0.1773049645390071,0.0,0.0,0.0,0.0,0-0.06,0-0.06,0.09-0.24,0.09-0.24,True,True,0.0,0.0
38011,0.0,920.0,0.0,2027.0,0.0,0.0,920,0,Bowman,North Dakota,0.0,both,0.0,0.0,0.0,0.0,0.0,0.0,0.0,0.0,0-0.06,0-0.06,-0.12-0,-0.12-0,True,True,0.0,0.0
38013,0.0,500.0,0.0,1545.0,0.0,0.0,500,0,Burke,North Dakota,0.0,both,0.0,0.0,0.0,0.0,0.0,0.0,0.0,0.0,0-0.06,0-0.06,-0.12-0,-0.12-0,True,True,0.0,0.0
38015,0.01809666454918863,99823.0,2227.0,66365.0,0.031197754012745462,0.01809666454918863,99823,2227,Burleigh,North Dakota,0.031197754012745462,both,1.809666454918863,1.809666454918863,3.1197754012745462,3.1197754012745462,0.0,0.0,0.0,0.0,0.70+,0.70+,0.57+,0.57+,True,True,0.0,0.0
38017,0.007255474032598855,259116.0,2060.0,117253.0,0.00025087123953057046,0.007255474032598855,259116,2060,Cass,North Dakota,0.00025087123953057046,both,0.7255474032598854,0.7255474032598854,0.025087123953057046,0.025087123953057046,0.0,0.0,0.0,0.0,0.70+,0.70+,0-0.09,0-0.09,True,True,0.0,0.0
38019,0.03675144521320319,1929.0,87.0,2643.0,0.0483467221803599,0.03675144521320319,1929,87,Cavalier,North Dakota,0.0483467221803599,both,3.6751445213203193,3.6751445213203193,4.8346722180359905,4.8346722180359905,0.0,0.0,0.0,0.0,0.70+,0.70+,0.57+,0.57+,True,True,0.0,0.0
38021,0.0016354531507800966,2465.0,3.0,3194.0,0.0,0.0016354531507800966,2465,3,Dickey,North Dakota,0.0,both,0.16354531507800965,0.16354531507800965,0.0,0.0,0.0,0.0,0.0,0.0,0.14-0.23,0.14-0.23,-0.12-0,-0.12-0,True,True,0.0,0.0
38023,0.0,479.0,0.0,1547.0,0.0,0.0,479,0,Divide,North Dakota,0.0,both,0.0,0.0,0.0,0.0,0.0,0.0,0.0,0.0,0-0.06,0-0.06,-0.12-0,-0.12-0,True,True,0.0,0.0
38025,0.012474774636749396,1663.0,22.0,2918.0,0.00025361216179006774,0.012474774636749396,1663,22,Dunn,North Dakota,0.00025361216179006774,both,1.2474774636749395,1.2474774636749395,0.025361216179006774,0.025361216179006774,0.0,0.0,0.0,0.0,0.70+,0.70+,0-0.09,0-0.09,True,True,0.0,0.0
38027,0.0,368.0,0.0,1710.0,0.0,0.0,368,0,Eddy,North Dakota,0.0,both,0.0,0.0,0.0,0.0,0.0,0.0,0.0,0.0,0-0.06,0-0.06,-0.12-0,-0.12-0,True,True,0.0,0.0
38029,0.0,722.0,0.0,2454.0,0.0,0.0,722,0,Emmons,North Dakota,0.0,both,0.0,0.0,0.0,0.0,0.0,0.0,0.0,0.0,0-0.06,0-0.06,-0.12-0,-0.12-0,True,True,0.0,0.0
38031,0.006830345060998899,2494.0,17.0,2448.0,-0.007270118634631034,0.006830345060998899,2494,17,Foster,North Dakota,-0.007270118634631034,both,0.6830345060998899,0.6830345060998899,-0.7270118634631034,-0.7270118634631034,0.0,0.0,0.0,0.0,0.37-0.70,0.37-0.70,<-0.12,<-0.12,True,True,0.0,0.0
38033,0.003828016643550624,985.0,3.0,1278.0,-0.0034602076124567475,0.003828016643550624,985,3,Golden Valley,North Dakota,-0.0034602076124567475,both,0.3828016643550624,0.3828016643550624,-0.34602076124567477,-0.34602076124567477,0.0,0.0,0.0,0.0,0.37-0.70,0.37-0.70,<-0.12,<-0.12,True,True,0.0,0.0
38035,0.003650925792504641,53261.0,223.0,43156.0,0.006184248071686668,0.003650925792504641,53261,223,Grand Forks,North Dakota,0.006184248071686668,both,0.3650925792504641,0.3650925792504641,0.6184248071686668,0.6184248071686668,0.0,0.0,0.0,0.0,0.23-0.37,0.23-0.37,0.57+,0.57+,True,True,0.0,0.0
38037,0.01287237581966923,626.0,9.0,1733.0,0.03676470588235294,0.01287237581966923,626,9,Grant,North Dakota,0.03676470588235294,both,1.287237581966923,1.287237581966923,3.6764705882352944,3.6764705882352944,0.0,0.0,0.0,0.0,0.70+,0.70+,0.57+,0.57+,True,True,0.0,0.0
38039,0.001639344262295082,618.0,1.0,1688.0,0.0,0.001639344262295082,618,1,Griggs,North Dakota,0.0,both,0.16393442622950818,0.16393442622950818,0.0,0.0,0.0,0.0,0.0,0.0,0.14-0.23,0.14-0.23,-0.12-0,-0.12-0,True,True,0.0,0.0
38041,0.00823739266039284,1014.0,9.0,1839.0,-0.009584664536741214,0.00823739266039284,1014,9,Hettinger,North Dakota,-0.009584664536741214,both,0.823739266039284,0.823739266039284,-0.9584664536741214,-0.9584664536741214,0.0,0.0,0.0,0.0,0.70+,0.70+,<-0.12,<-0.12,True,True,0.0,0.0
38043,0.0,574.0,0.0,1664.0,0.0,0.0,574,0,Kidder,North Dakota,0.0,both,0.0,0.0,0.0,0.0,0.0,0.0,0.0,0.0,0-0.06,0-0.06,-0.12-0,-0.12-0,True,True,0.0,0.0
38045,0.0013296227581941866,1398.0,2.0,2956.0,0.006644518272425249,0.0013296227581941866,1398,2,LaMoure,North Dakota,0.006644518272425249,both,0.13296227581941866,0.13296227581941866,0.6644518272425249,0.6644518272425249,0.0,0.0,0.0,0.0,0.06-0.14,0.06-0.14,0.57+,0.57+,True,True,0.0,0.0
38047,0.0,431.0,0.0,1360.0,0.0,0.0,431,0,Logan,North Dakota,0.0,both,0.0,0.0,0.0,0.0,0.0,0.0,0.0,0.0,0-0.06,0-0.06,-0.12-0,-0.12-0,True,True,0.0,0.0
38049,0.005049470435245824,1521.0,8.0,3755.0,0.02287581699346405,0.005049470435245824,1521,8,McHenry,North Dakota,0.02287581699346405,both,0.5049470435245824,0.5049470435245824,2.287581699346405,2.287581699346405,0.0,0.0,0.0,0.0,0.37-0.70,0.37-0.70,0.57+,0.57+,True,True,0.0,0.0
38051,0.0,769.0,0.0,1969.0,0.0,0.0,769,0,McIntosh,North Dakota,0.0,both,0.0,0.0,0.0,0.0,0.0,0.0,0.0,0.0,0-0.06,0-0.06,-0.12-0,-0.12-0,True,True,0.0,0.0
38053,0.01115914471303422,9554.0,109.0,8610.0,0.002552785263453974,0.01115914471303422,9554,109,McKenzie,North Dakota,0.002552785263453974,both,1.115914471303422,1.115914471303422,0.2552785263453974,0.2552785263453974,0.0,0.0,0.0,0.0,0.70+,0.70+,0.24-0.57,0.24-0.57,True,True,0.0,0.0
38055,0.0003333333333333334,3418.0,1.0,7093.0,0.0,0.0003333333333333334,3418,1,McLean,North Dakota,0.0,both,0.03333333333333334,0.03333333333333334,0.0,0.0,0.0,0.0,0.0,0.0,0-0.06,0-0.06,-0.12-0,-0.12-0,True,True,0.0,0.0
38057,0.0003447952613354738,3433.0,2.0,5913.0,0.0,0.0003447952613354738,3433,2,Mercer,North Dakota,0.0,both,0.03447952613354738,0.03447952613354738,0.0,0.0,0.0,0.0,0.0,0.0,0-0.06,0-0.06,-0.12-0,-0.12-0,True,True,0.0,0.0
38059,0.0014881494641022861,8716.0,13.0,22764.0,-0.0016354796030725353,0.0014881494641022861,8716,13,Morton,North Dakota,-0.0016354796030725353,both,0.1488149464102286,0.1488149464102286,-0.16354796030725352,-0.16354796030725352,0.0,0.0,0.0,0.0,0.14-0.23,0.14-0.23,<-0.12,<-0.12,True,True,0.0,0.0
38061,0.005053149379627251,4643.0,25.0,6150.0,0.001959647627166808,0.005053149379627251,4643,25,Mountrail,North Dakota,0.001959647627166808,both,0.5053149379627251,0.5053149379627251,0.1959647627166808,0.1959647627166808,0.0,0.0,0.0,0.0,0.37-0.70,0.37-0.70,0.09-0.24,0.09-0.24,True,True,0.0,0.0
38063,0.00822184987371322,1296.0,15.0,2207.0,0.020128131573914708,0.00822184987371322,1296,15,Nelson,North Dakota,0.020128131573914708,both,0.822184987371322,0.822184987371322,2.012813157391471,2.012813157391471,0.0,0.0,0.0,0.0,0.70+,0.70+,0.57+,0.57+,True,True,0.0,0.0
38065,0.00724886585654042,769.0,4.0,1285.0,0.0036238660806134845,0.00724886585654042,769,4,Oliver,North Dakota,0.0036238660806134845,both,0.7248865856540421,0.7248865856540421,0.3623866080613485,0.3623866080613485,0.0,0.0,0.0,0.0,0.70+,0.70+,0.24-0.57,0.24-0.57,True,True,0.0,0.0
38067,0.014666839529079689,2557.0,38.0,4956.0,0.048531019645187454,0.014666839529079689,2557,38,Pembina,North Dakota,0.048531019645187454,both,1.466683952907969,1.466683952907969,4.853101964518745,4.853101964518745,0.0,0.0,0.0,0.0,0.70+,0.70+,0.57+,0.57+,True,True,0.0,0.0
38069,0.0018865469685141814,1209.0,3.0,2855.0,0.005319148936170213,0.0018865469685141814,1209,3,Pierce,North Dakota,0.005319148936170213,both,0.18865469685141814,0.18865469685141814,0.5319148936170213,0.5319148936170213,0.0,0.0,0.0,0.0,0.14-0.23,0.14-0.23,0.24-0.57,0.24-0.57,True,True,0.0,0.0
38071,0.001862796253592903,7806.0,15.0,7912.0,0.001937046004842615,0.001862796253592903,7806,15,Ramsey,North Dakota,0.001937046004842615,both,0.1862796253592903,0.1862796253592903,0.1937046004842615,0.1937046004842615,0.0,0.0,0.0,0.0,0.14-0.23,0.14-0.23,0.09-0.24,0.09-0.24,True,True,0.0,0.0
38073,0.0,2533.0,0.0,3927.0,0.0,0.0,2533,0,Ransom,North Dakota,0.0,both,0.0,0.0,0.0,0.0,0.0,0.0,0.0,0.0,0-0.06,0-0.06,-0.12-0,-0.12-0,True,True,0.0,0.0
38075,0.0,973.0,0.0,1520.0,0.0,0.0,973,0,Renville,North Dakota,0.0,both,0.0,0.0,0.0,0.0,0.0,0.0,0.0,0.0,0-0.06,0-0.06,-0.12-0,-0.12-0,True,True,0.0,0.0
38077,0.001274147450834088,9625.0,14.0,10689.0,0.0032534566405059582,0.001274147450834088,9625,14,Richland,North Dakota,0.0032534566405059582,both,0.1274147450834088,0.1274147450834088,0.32534566405059584,0.32534566405059584,0.0,0.0,0.0,0.0,0.06-0.14,0.06-0.14,0.24-0.57,0.24-0.57,True,True,0.0,0.0
38079,0.0019146987764009041,2214.0,3.0,7156.0,0.0,0.0019146987764009041,2214,3,Rolette,North Dakota,0.0,both,0.1914698776400904,0.1914698776400904,0.0,0.0,0.0,0.0,0.0,0.0,0.14-0.23,0.14-0.23,-0.12-0,-0.12-0,True,True,0.0,0.0
38081,0.0,2113.0,0.0,2755.0,0.0,0.0,2113,0,Sargent,North Dakota,0.0,both,0.0,0.0,0.0,0.0,0.0,0.0,0.0,0.0,0-0.06,0-0.06,-0.12-0,-0.12-0,True,True,0.0,0.0
38083,0.0,239.0,0.0,1054.0,0.0,0.0,239,0,Sheridan,North Dakota,0.0,both,0.0,0.0,0.0,0.0,0.0,0.0,0.0,0.0,0-0.06,0-0.06,-0.12-0,-0.12-0,True,True,0.0,0.0
38085,0.007555703557454788,1224.0,7.0,2058.0,-0.003401360544217687,0.007555703557454788,1224,7,Sioux,North Dakota,-0.003401360544217687,both,0.7555703557454787,0.7555703557454787,-0.3401360544217687,-0.3401360544217687,0.0,0.0,0.0,0.0,0.70+,0.70+,<-0.12,<-0.12,True,True,0.0,0.0
38087,0.1,130.0,2.0,645.0,0.03389830508474576,0.1,130,2,Slope,North Dakota,0.03389830508474576,both,10.0,10.0,3.389830508474576,3.389830508474576,0.0,0.0,0.0,0.0,0.70+,0.70+,0.57+,0.57+,True,True,0.0,0.0
38089,0.0019634380195303293,24370.0,49.0,21339.0,-0.0004982814511683782,0.0019634380195303293,24370,49,Stark,North Dakota,-0.0004982814511683782,both,0.19634380195303291,0.19634380195303291,-0.04982814511683782,-0.04982814511683782,0.0,0.0,0.0,0.0,0.14-0.23,0.14-0.23,-0.12-0,-0.12-0,True,True,0.0,0.0
38091,0.0,416.0,0.0,1274.0,0.0,0.0,416,0,Steele,North Dakota,0.0,both,0.0,0.0,0.0,0.0,0.0,0.0,0.0,0.0,0-0.06,0-0.06,-0.12-0,-0.12-0,True,True,0.0,0.0
38093,0.004250658108657281,12612.0,53.0,15007.0,0.003620409598606762,0.004250658108657281,12612,53,Stutsman,North Dakota,0.003620409598606762,both,0.4250658108657281,0.4250658108657281,0.3620409598606762,0.3620409598606762,0.0,0.0,0.0,0.0,0.37-0.70,0.37-0.70,0.24-0.57,0.24-0.57,True,True,0.0,0.0
38095,0.004355716878402903,541.0,2.0,1565.0,0.009900990099009901,0.004355716878402903,541,2,Towner,North Dakota,0.009900990099009901,both,0.4355716878402903,0.4355716878402903,0.9900990099009901,0.9900990099009901,0.0,0.0,0.0,0.0,0.37-0.70,0.37-0.70,0.57+,0.57+,True,True,0.0,0.0
38097,0.0001976284584980237,4493.0,1.0,5433.0,-0.0008857395925597874,0.0001976284584980237,4493,1,Traill,North Dakota,-0.0008857395925597874,both,0.019762845849802372,0.019762845849802372,-0.08857395925597875,-0.08857395925597875,0.0,0.0,0.0,0.0,0-0.06,0-0.06,-0.12-0,-0.12-0,True,True,0.0,0.0
38099,0.0007675681558585683,4072.0,3.0,7374.0,0.0021598272138228943,0.0007675681558585683,4072,3,Walsh,North Dakota,0.0021598272138228943,both,0.07675681558585683,0.07675681558585683,0.21598272138228944,0.21598272138228944,0.0,0.0,0.0,0.0,0.06-0.14,0.06-0.14,0.09-0.24,0.09-0.24,True,True,0.0,0.0
38101,0.002522477767924501,41625.0,98.0,44411.0,0.0012642070457768882,0.002522477767924501,41625,98,Ward,North Dakota,0.0012642070457768882,both,0.2522477767924501,0.2522477767924501,0.1264207045776888,0.1264207045776888,0.0,0.0,0.0,0.0,0.23-0.37,0.23-0.37,0.09-0.24,0.09-0.24,True,True,0.0,0.0
38103,0.0008620689655172414,777.0,1.0,2869.0,-0.00390625,0.0008620689655172414,777,1,Wells,North Dakota,-0.00390625,both,0.08620689655172414,0.08620689655172414,-0.390625,-0.390625,0.0,0.0,0.0,0.0,0.06-0.14,0.06-0.14,<-0.12,<-0.12,True,True,0.0,0.0
38105,0.0021426794013019454,36015.0,77.0,24397.0,0.0008347377168669945,0.0021426794013019454,36015,77,Williams,North Dakota,0.0008347377168669945,both,0.21426794013019454,0.21426794013019454,0.08347377168669945,0.08347377168669945,0.0,0.0,0.0,0.0,0.14-0.23,0.14-0.23,0-0.09,0-0.09,True,True,0.0,0.0
38999,,,,,,0.00327594339705098,5649,15,"[North Dakota, county not reported]",North Dakota,0.005228414741810039,right_only,,0.327594339705098,,0.5228414741810039,,,,,No data,0.23-0.37,No data,0.24-0.57,False,False,,
39001,0.00262290523894642,4222.0,9.0,18788.0,-0.0062266500622665,0.00262290523894642,4222,9,Adams,Ohio,-0.0062266500622665,both,0.262290523894642,0.262290523894642,-0.62266500622665,-0.62266500622665,0.0,0.0,0.0,0.0,0.23-0.37,0.23-0.37,<-0.12,<-0.12,True,True,0.0,0.0
39003,0.002549991141839941,59319.0,162.0,68467.0,0.0013867820473640563,0.002549991141839941,59319,162,Allen,Ohio,0.0013867820473640563,both,0.2549991141839941,0.2549991141839941,0.13867820473640563,0.13867820473640563,0.0,0.0,0.0,0.0,0.23-0.37,0.23-0.37,0.09-0.24,0.09-0.24,True,True,0.0,0.0
39005,0.0016522864146028195,19900.0,43.0,35796.0,0.001968370270329562,0.0016522864146028195,19900,43,Ashland,Ohio,0.001968370270329562,both,0.16522864146028196,0.16522864146028196,0.1968370270329562,0.1968370270329562,0.0,0.0,0.0,0.0,0.14-0.23,0.14-0.23,0.09-0.24,0.09-0.24,True,True,0.0,0.0
39007,0.0008858813204564274,26563.0,23.0,68664.0,-8.467687678204085e-05,0.0008858813204564274,26563,23,Ashtabula,Ohio,-8.467687678204085e-05,both,0.08858813204564274,0.08858813204564274,-0.008467687678204085,-0.008467687678204085,0.0,0.0,0.0,0.0,0.06-0.14,0.06-0.14,-0.12-0,-0.12-0,True,True,0.0,0.0
39009,0.004476313283345791,24964.0,129.0,36121.0,0.008778924111793335,0.004476313283345791,24964,129,Athens,Ohio,0.008778924111793335,both,0.44763132833457914,0.44763132833457914,0.8778924111793336,0.8778924111793336,0.0,0.0,0.0,0.0,0.37-0.70,0.37-0.70,0.57+,0.57+,True,True,0.0,0.0
39011,0.006801036601789598,19151.0,138.0,31516.0,0.005450454728293266,0.006801036601789598,19151,138,Auglaize,Ohio,0.005450454728293266,both,0.6801036601789598,0.6801036601789598,0.5450454728293266,0.5450454728293266,0.0,0.0,0.0,0.0,0.37-0.70,0.37-0.70,0.24-0.57,0.24-0.57,True,True,0.0,0.0
39013,0.0009034412684582589,22258.0,25.0,48858.0,0.0025111714532955244,0.0009034412684582589,22258,25,Belmont,Ohio,0.0025111714532955244,both,0.09034412684582589,0.09034412684582589,0.2511171453295524,0.2511171453295524,0.0,0.0,0.0,0.0,0.06-0.14,0.06-0.14,0.24-0.57,0.24-0.57,True,True,0.0,0.0
39015,0.001078346205281719,7954.0,9.0,30495.0,0.0013895639506465215,0.001078346205281719,7954,9,Brown,Ohio,0.0013895639506465215,both,0.10783462052817189,0.10783462052817189,0.13895639506465216,0.13895639506465216,0.0,0.0,0.0,0.0,0.06-0.14,0.06-0.14,0.09-0.24,0.09-0.24,True,True,0.0,0.0
39017,0.0037217214487253398,275060.0,1119.0,250309.0,0.0011981209040111771,0.0037217214487253398,275060,1119,Butler,Ohio,0.0011981209040111771,both,0.37217214487253397,0.37217214487253397,0.1198120904011177,0.1198120904011177,0.0,0.0,0.0,0.0,0.37-0.70,0.37-0.70,0.09-0.24,0.09-0.24,True,True,0.0,0.0
39019,0.0076680759722913255,3719.0,25.0,19215.0,-0.002883241477852623,0.0076680759722913255,3719,25,Carroll,Ohio,-0.002883241477852623,both,0.7668075972291325,0.7668075972291325,-0.2883241477852623,-0.2883241477852623,0.0,0.0,0.0,0.0,0.70+,0.70+,<-0.12,<-0.12,True,True,0.0,0.0
39021,0.0011941062637783305,14051.0,20.0,27213.0,0.0020509815411661296,0.0011941062637783305,14051,20,Champaign,Ohio,0.0020509815411661296,both,0.11941062637783305,0.11941062637783305,0.20509815411661297,0.20509815411661297,0.0,0.0,0.0,0.0,0.06-0.14,0.06-0.14,0.09-0.24,0.09-0.24,True,True,0.0,0.0
39023,0.003032457799688483,71501.0,242.0,93613.0,0.004093559859958065,0.003032457799688483,71501,242,Clark,Ohio,0.004093559859958065,both,0.30324577996884833,0.30324577996884833,0.40935598599580647,0.40935598599580647,0.0,0.0,0.0,0.0,0.23-0.37,0.23-0.37,0.24-0.57,0.24-0.57,True,True,0.0,0.0
39025,0.00976259524680598,110391.0,1088.0,145158.0,-0.0012249230114510321,0.00976259524680598,110391,1088,Clermont,Ohio,-0.0012249230114510321,both,0.9762595246805981,0.9762595246805981,-0.1224923011451032,-0.1224923011451032,0.0,0.0,0.0,0.0,0.70+,0.70+,<-0.12,<-0.12,True,True,0.0,0.0
39027,0.005199441522319459,28064.0,146.0,28281.0,-0.0008180401014156553,0.005199441522319459,28064,146,Clinton,Ohio,-0.0008180401014156553,both,0.5199441522319459,0.5199441522319459,-0.08180401014156553,-0.08180401014156553,0.0,0.0,0.0,0.0,0.37-0.70,0.37-0.70,-0.12-0,-0.12-0,True,True,0.0,0.0
39029,0.00047512271263422737,25925.0,13.0,73589.0,0.0003544004725339634,0.00047512271263422737,25925,13,Columbiana,Ohio,0.0003544004725339634,both,0.04751227126342274,0.04751227126342274,0.03544004725339634,0.03544004725339634,0.0,0.0,0.0,0.0,0-0.06,0-0.06,0-0.09,0-0.09,True,True,0.0,0.0
39031,0.000638587931405611,8720.0,5.0,25230.0,0.0003795066413662239,0.000638587931405611,8720,5,Coshocton,Ohio,0.0003795066413662239,both,0.0638587931405611,0.0638587931405611,0.03795066413662239,0.03795066413662239,0.0,0.0,0.0,0.0,0.06-0.14,0.06-0.14,0-0.09,0-0.09,True,True,0.0,0.0
39033,0.001589108204010426,10734.0,16.0,29418.0,-0.0006808370956009099,0.001589108204010426,10734,16,Crawford,Ohio,-0.0006808370956009099,both,0.1589108204010426,0.1589108204010426,-0.068083709560091,-0.068083709560091,0.0,0.0,0.0,0.0,0.14-0.23,0.14-0.23,-0.12-0,-0.12-0,True,True,0.0,0.0
39035,0.012947816997450654,1481722.0,20584.0,889511.0,0.006157251939092298,0.012947816997450654,1481722,20584,Cuyahoga,Ohio,0.006157251939092298,both,1.2947816997450654,1.2947816997450654,0.6157251939092298,0.6157251939092298,0.0,0.0,0.0,0.0,0.70+,0.70+,0.57+,0.57+,True,True,0.0,0.0
39037,0.003848864299003932,18358.0,73.0,35316.0,0.0005494904860073105,0.003848864299003932,18358,73,Darke,Ohio,0.0005494904860073105,both,0.3848864299003932,0.3848864299003932,0.05494904860073105,0.05494904860073105,0.0,0.0,0.0,0.0,0.37-0.70,0.37-0.70,0-0.09,0-0.09,True,True,0.0,0.0
39039,0.000538684617444883,21203.0,12.0,26294.0,0.00029374614329648373,0.000538684617444883,21203,12,Defiance,Ohio,0.00029374614329648373,both,0.0538684617444883,0.0538684617444883,0.02937461432964837,0.02937461432964837,0.0,0.0,0.0,0.0,0-0.06,0-0.06,0-0.09,0-0.09,True,True,0.0,0.0
39041,0.011179938441256384,139410.0,1703.0,143354.0,0.0007150682372717466,0.011179938441256384,139410,1703,Delaware,Ohio,0.0007150682372717466,both,1.1179938441256385,1.1179938441256385,0.07150682372717466,0.07150682372717466,0.0,0.0,0.0,0.0,0.70+,0.70+,0-0.09,0-0.09,True,True,0.0,0.0
39043,0.001256137218133448,44688.0,64.0,54257.0,0.0033536760739858295,0.001256137218133448,44688,64,Erie,Ohio,0.0033536760739858295,both,0.1256137218133448,0.1256137218133448,0.33536760739858296,0.33536760739858296,0.0,0.0,0.0,0.0,0.06-0.14,0.06-0.14,0.24-0.57,0.24-0.57,True,True,0.0,0.0
39045,0.000881648788449501,54355.0,62.0,107962.0,0.0023788547380615217,0.000881648788449501,54355,62,Fairfield,Ohio,0.0023788547380615217,both,0.0881648788449501,0.0881648788449501,0.2378854738061522,0.2378854738061522,0.0,0.0,0.0,0.0,0.06-0.14,0.06-0.14,0.09-0.24,0.09-0.24,True,True,0.0,0.0
39047,0.0018466598117471312,19891.0,51.0,19802.0,0.0023150947380968867,0.0018466598117471312,19891,51,Fayette,Ohio,0.0023150947380968867,both,0.1846659811747131,0.1846659811747131,0.23150947380968867,0.23150947380968867,0.0,0.0,0.0,0.0,0.14-0.23,0.14-0.23,0.09-0.24,0.09-0.24,True,True,0.0,0.0
39049,0.02387515075875658,1728683.0,43905.0,884031.0,-0.001868762693851618,0.02387515075875658,1728683,43905,Franklin,Ohio,-0.001868762693851618,both,2.387515075875658,2.387515075875658,-0.1868762693851618,-0.1868762693851618,0.0,0.0,0.0,0.0,0.70+,0.70+,<-0.12,<-0.12,True,True,0.0,0.0
39051,0.0009737575830207201,16960.0,20.0,29212.0,0.0025524156791248863,0.0009737575830207201,16960,20,Fulton,Ohio,0.0025524156791248863,both,0.09737575830207201,0.09737575830207201,0.25524156791248864,0.25524156791248864,0.0,0.0,0.0,0.0,0.06-0.14,0.06-0.14,0.24-0.57,0.24-0.57,True,True,0.0,0.0
39053,0.0,10499.0,0.0,19986.0,0.0,0.0,10499,0,Gallia,Ohio,0.0,both,0.0,0.0,0.0,0.0,0.0,0.0,0.0,0.0,0-0.06,0-0.06,-0.12-0,-0.12-0,True,True,0.0,0.0
39055,0.0014845538083295238,41473.0,59.0,66126.0,0.0006792051303828266,0.0014845538083295238,41473,59,Geauga,Ohio,0.0006792051303828266,both,0.14845538083295237,0.14845538083295237,0.06792051303828266,0.06792051303828266,0.0,0.0,0.0,0.0,0.14-0.23,0.14-0.23,0-0.09,0-0.09,True,True,0.0,0.0
39057,0.01532340306903053,101674.0,1874.0,113708.0,0.02125379759343818,0.01532340306903053,101674,1874,Greene,Ohio,0.02125379759343818,both,1.532340306903053,1.532340306903053,2.1253797593438177,2.1253797593438177,0.0,0.0,0.0,0.0,0.70+,0.70+,0.57+,0.57+,True,True,0.0,0.0
39059,0.0026810284696145766,23320.0,52.0,26855.0,0.0024431624430362757,0.0026810284696145766,23320,52,Guernsey,Ohio,0.0024431624430362757,both,0.26810284696145764,0.26810284696145764,0.24431624430362756,0.24431624430362756,0.0,0.0,0.0,0.0,0.23-0.37,0.23-0.37,0.24-0.57,0.24-0.57,True,True,0.0,0.0
39061,0.01718896561354887,1177962.0,21566.0,560476.0,0.0017327800998865293,0.01718896561354887,1177962,21566,Hamilton,Ohio,0.0017327800998865293,both,1.7188965613548868,1.7188965613548868,0.17327800998865295,0.17327800998865295,0.0,0.0,0.0,0.0,0.70+,0.70+,0.09-0.24,0.09-0.24,True,True,0.0,0.0
39063,0.00306411711840327,57786.0,175.0,51383.0,0.0011894138453243147,0.00306411711840327,57786,175,Hancock,Ohio,0.0011894138453243147,both,0.306411711840327,0.306411711840327,0.11894138453243147,0.11894138453243147,0.0,0.0,0.0,0.0,0.23-0.37,0.23-0.37,0.09-0.24,0.09-0.24,True,True,0.0,0.0
39065,0.010088917924118021,11570.0,141.0,18602.0,0.03207096554077107,0.010088917924118021,11570,141,Hardin,Ohio,0.03207096554077107,both,1.0088917924118022,1.0088917924118022,3.207096554077107,3.207096554077107,0.0,0.0,0.0,0.0,0.70+,0.70+,0.57+,0.57+,True,True,0.0,0.0
39067,0.0,4084.0,0.0,10528.0,0.0,0.0,4084,0,Harrison,Ohio,0.0,both,0.0,0.0,0.0,0.0,0.0,0.0,0.0,0.0,0-0.06,0-0.06,-0.12-0,-0.12-0,True,True,0.0,0.0
39069,0.0018390127871414177,9663.0,17.0,19085.0,0.0011751648495136125,0.0018390127871414177,9663,17,Henry,Ohio,0.0011751648495136125,both,0.18390127871414177,0.18390127871414177,0.11751648495136124,0.11751648495136124,0.0,0.0,0.0,0.0,0.14-0.23,0.14-0.23,0.09-0.24,0.09-0.24,True,True,0.0,0.0
39071,0.004746716908523227,12962.0,52.0,29583.0,-0.00017097535630932262,0.004746716908523227,12962,52,Highland,Ohio,-0.00017097535630932262,both,0.4746716908523227,0.4746716908523227,-0.017097535630932262,-0.017097535630932262,0.0,0.0,0.0,0.0,0.37-0.70,0.37-0.70,-0.12-0,-0.12-0,True,True,0.0,0.0
39073,0.000570230607966457,4820.0,4.0,19886.0,0.0007604562737642585,0.000570230607966457,4820,4,Hocking,Ohio,0.0007604562737642585,both,0.0570230607966457,0.0570230607966457,0.07604562737642585,0.07604562737642585,0.0,0.0,0.0,0.0,0-0.06,0-0.06,0-0.09,0-0.09,True,True,0.0,0.0
39075,0.0013385955777330736,8658.0,19.0,26321.0,0.0044876350461620015,0.0013385955777330736,8658,19,Holmes,Ohio,0.0044876350461620015,both,0.13385955777330735,0.13385955777330735,0.4487635046162002,0.4487635046162002,0.0,0.0,0.0,0.0,0.06-0.14,0.06-0.14,0.24-0.57,0.24-0.57,True,True,0.0,0.0
39077,0.0009074987483823849,26303.0,33.0,39929.0,0.002321825156470826,0.0009074987483823849,26303,33,Huron,Ohio,0.002321825156470826,both,0.09074987483823849,0.09074987483823849,0.2321825156470826,0.2321825156470826,0.0,0.0,0.0,0.0,0.06-0.14,0.06-0.14,0.09-0.24,0.09-0.24,True,True,0.0,0.0
39079,0.00207252216897881,6733.0,13.0,22338.0,-0.002331002331002331,0.00207252216897881,6733,13,Jackson,Ohio,-0.002331002331002331,both,0.20725221689788098,0.20725221689788098,-0.2331002331002331,-0.2331002331002331,0.0,0.0,0.0,0.0,0.14-0.23,0.14-0.23,<-0.12,<-0.12,True,True,0.0,0.0
39081,0.010071431804422984,27605.0,329.0,46261.0,0.011440640317292097,0.010071431804422984,27605,329,Jefferson,Ohio,0.011440640317292097,both,1.0071431804422983,1.0071431804422983,1.1440640317292097,1.1440640317292097,0.0,0.0,0.0,0.0,0.70+,0.70+,0.57+,0.57+,True,True,0.0,0.0
39083,0.0007745958134952016,19039.0,17.0,41172.0,0.0016136929251800733,0.0007745958134952016,19039,17,Knox,Ohio,0.0016136929251800733,both,0.07745958134952016,0.07745958134952016,0.16136929251800733,0.16136929251800733,0.0,0.0,0.0,0.0,0.06-0.14,0.06-0.14,0.09-0.24,0.09-0.24,True,True,0.0,0.0
39085,0.003571916311108159,150410.0,537.0,168448.0,-0.0006387422340173232,0.003571916311108159,150410,537,Lake,Ohio,-0.0006387422340173232,both,0.35719163111081587,0.35719163111081587,-0.06387422340173232,-0.06387422340173232,0.0,0.0,0.0,0.0,0.23-0.37,0.23-0.37,-0.12-0,-0.12-0,True,True,0.0,0.0
39087,0.0004902719047494393,10617.0,6.0,40878.0,0.0,0.0004902719047494393,10617,6,Lawrence,Ohio,0.0,both,0.04902719047494394,0.04902719047494394,0.0,0.0,0.0,0.0,0.0,0.0,0-0.06,0-0.06,-0.12-0,-0.12-0,True,True,0.0,0.0
39089,0.003569416241993858,87917.0,342.0,121399.0,0.0007231719828124277,0.003569416241993858,87917,342,Licking,Ohio,0.0007231719828124277,both,0.3569416241993858,0.3569416241993858,0.07231719828124276,0.07231719828124276,0.0,0.0,0.0,0.0,0.23-0.37,0.23-0.37,0-0.09,0-0.09,True,True,0.0,0.0
39091,0.003187458760401821,22258.0,74.0,32033.0,0.004674658621439705,0.003187458760401821,22258,74,Logan,Ohio,0.004674658621439705,both,0.3187458760401821,0.3187458760401821,0.4674658621439705,0.4674658621439705,0.0,0.0,0.0,0.0,0.23-0.37,0.23-0.37,0.24-0.57,0.24-0.57,True,True,0.0,0.0
39093,0.0021628481556902057,156170.0,365.0,218104.0,0.0018962431056710465,0.0021628481556902057,156170,365,Lorain,Ohio,0.0018962431056710465,both,0.21628481556902057,0.21628481556902057,0.18962431056710466,0.18962431056710466,0.0,0.0,0.0,0.0,0.14-0.23,0.14-0.23,0.09-0.24,0.09-0.24,True,True,0.0,0.0
39095,0.003151068490769064,419345.0,1484.0,291940.0,0.0021477457835890105,0.003151068490769064,419345,1484,Lucas,Ohio,0.0021477457835890105,both,0.31510684907690645,0.31510684907690645,0.21477457835890104,0.21477457835890104,0.0,0.0,0.0,0.0,0.23-0.37,0.23-0.37,0.09-0.24,0.09-0.24,True,True,0.0,0.0
39097,0.010435101398750788,41571.0,572.0,31763.0,0.02515739568000956,0.010435101398750788,41571,572,Madison,Ohio,0.02515739568000956,both,1.0435101398750788,1.0435101398750788,2.515739568000956,2.515739568000956,0.0,0.0,0.0,0.0,0.70+,0.70+,0.57+,0.57+,True,True,0.0,0.0
39099,0.003818883550080385,116878.0,428.0,162714.0,1.9872371985330765e-05,0.003818883550080385,116878,428,Mahoning,Ohio,1.9872371985330765e-05,both,0.38188835500803847,0.38188835500803847,0.0019872371985330765,0.0019872371985330765,0.0,0.0,0.0,0.0,0.37-0.70,0.37-0.70,0-0.09,0-0.09,True,True,0.0,0.0
39101,0.0016298233193346705,28857.0,46.0,46136.0,-0.002236736638258032,0.0016298233193346705,28857,46,Marion,Ohio,-0.002236736638258032,both,0.16298233193346706,0.16298233193346706,-0.2236736638258032,-0.2236736638258032,0.0,0.0,0.0,0.0,0.14-0.23,0.14-0.23,<-0.12,<-0.12,True,True,0.0,0.0
39103,0.003987645958743303,106891.0,436.0,128630.0,0.00106680693143818,0.003987645958743303,106891,436,Medina,Ohio,0.00106680693143818,both,0.39876459587433033,0.39876459587433033,0.106680693143818,0.106680693143818,0.0,0.0,0.0,0.0,0.37-0.70,0.37-0.70,0.09-0.24,0.09-0.24,True,True,0.0,0.0
39105,0.0027151437709559663,3821.0,10.0,15814.0,0.003952569169960474,0.0027151437709559663,3821,10,Meigs,Ohio,0.003952569169960474,both,0.2715143770955966,0.2715143770955966,0.3952569169960474,0.3952569169960474,0.0,0.0,0.0,0.0,0.23-0.37,0.23-0.37,0.24-0.57,0.24-0.57,True,True,0.0,0.0
39107,0.0008428555265362662,11556.0,10.0,28029.0,0.0008817718578708049,0.0008428555265362662,11556,10,Mercer,Ohio,0.0008817718578708049,both,0.08428555265362662,0.08428555265362662,0.08817718578708049,0.08817718578708049,0.0,0.0,0.0,0.0,0.06-0.14,0.06-0.14,0-0.09,0-0.09,True,True,0.0,0.0
39109,0.002143167833055027,55722.0,124.0,75367.0,0.0009659623679320203,0.002143167833055027,55722,124,Miami,Ohio,0.0009659623679320203,both,0.2143167833055027,0.2143167833055027,0.09659623679320202,0.09659623679320202,0.0,0.0,0.0,0.0,0.14-0.23,0.14-0.23,0.09-0.24,0.09-0.24,True,True,0.0,0.0
39111,0.0019832382374375653,2274.0,4.0,9678.0,0.0,0.0019832382374375653,2274,4,Monroe,Ohio,0.0,both,0.19832382374375654,0.19832382374375654,0.0,0.0,0.0,0.0,0.0,0.0,0.14-0.23,0.14-0.23,-0.12-0,-0.12-0,True,True,0.0,0.0
39113,0.013019309855063383,482435.0,6908.0,368011.0,0.00922630540368049,0.013019309855063383,482435,6908,Montgomery,Ohio,0.00922630540368049,both,1.3019309855063383,1.3019309855063383,0.922630540368049,0.922630540368049,0.0,0.0,0.0,0.0,0.70+,0.70+,0.57+,0.57+,True,True,0.0,0.0
39115,0.0,1400.0,0.0,9961.0,0.0,0.0,1400,0,Morgan,Ohio,0.0,both,0.0,0.0,0.0,0.0,0.0,0.0,0.0,0.0,0-0.06,0-0.06,-0.12-0,-0.12-0,True,True,0.0,0.0
39117,0.0010457308914949017,5928.0,8.0,24585.0,0.001965923984272608,0.0010457308914949017,5928,8,Morrow,Ohio,0.001965923984272608,both,0.10457308914949016,0.10457308914949016,0.19659239842726078,0.19659239842726078,0.0,0.0,0.0,0.0,0.06-0.14,0.06-0.14,0.09-0.24,0.09-0.24,True,True,0.0,0.0
39119,0.0012945022780472388,30580.0,39.0,59133.0,0.0009487857525094969,0.0012945022780472388,30580,39,Muskingum,Ohio,0.0009487857525094969,both,0.12945022780472387,0.12945022780472387,0.0948785752509497,0.0948785752509497,0.0,0.0,0.0,0.0,0.06-0.14,0.06-0.14,0.09-0.24,0.09-0.24,True,True,0.0,0.0
39121,0.001270014414274027,2733.0,2.0,10794.0,-0.00202020202020202,0.001270014414274027,2733,2,Noble,Ohio,-0.00202020202020202,both,0.12700144142740272,0.12700144142740272,-0.20202020202020202,-0.20202020202020202,0.0,0.0,0.0,0.0,0.06-0.14,0.06-0.14,<-0.12,<-0.12,True,True,0.0,0.0
39123,0.0005282285778250525,16826.0,14.0,30571.0,0.0004858902591427458,0.0005282285778250525,16826,14,Ottawa,Ohio,0.0004858902591427458,both,0.05282285778250525,0.05282285778250525,0.04858902591427458,0.04858902591427458,0.0,0.0,0.0,0.0,0-0.06,0-0.06,0-0.09,0-0.09,True,True,0.0,0.0
39125,0.002340061107073579,6539.0,20.0,13005.0,0.001976284584980237,0.002340061107073579,6539,20,Paulding,Ohio,0.001976284584980237,both,0.23400611070735788,0.23400611070735788,0.1976284584980237,0.1976284584980237,0.0,0.0,0.0,0.0,0.23-0.37,0.23-0.37,0.09-0.24,0.09-0.24,True,True,0.0,0.0
39127,0.00027653186177623403,6348.0,3.0,24430.0,0.0014038371548900327,0.00027653186177623403,6348,3,Perry,Ohio,0.0014038371548900327,both,0.027653186177623402,0.027653186177623402,0.14038371548900327,0.14038371548900327,0.0,0.0,0.0,0.0,0-0.06,0-0.06,0.09-0.24,0.09-0.24,True,True,0.0,0.0
39129,0.0010946309450304398,19957.0,28.0,40969.0,0.0024151988524645424,0.0010946309450304398,19957,28,Pickaway,Ohio,0.0024151988524645424,both,0.10946309450304398,0.10946309450304398,0.24151988524645424,0.24151988524645424,0.0,0.0,0.0,0.0,0.06-0.14,0.06-0.14,0.24-0.57,0.24-0.57,True,True,0.0,0.0
39131,0.0011801922798478253,6685.0,9.0,18624.0,0.000813856761210027,0.0011801922798478253,6685,9,Pike,Ohio,0.000813856761210027,both,0.11801922798478252,0.11801922798478252,0.0813856761210027,0.0813856761210027,0.0,0.0,0.0,0.0,0.06-0.14,0.06-0.14,0-0.09,0-0.09,True,True,0.0,0.0
39133,0.0028495228114273886,99745.0,302.0,106257.0,0.0017633579271155802,0.0028495228114273886,99745,302,Portage,Ohio,0.0017633579271155802,both,0.28495228114273885,0.28495228114273885,0.17633579271155803,0.17633579271155803,0.0,0.0,0.0,0.0,0.23-0.37,0.23-0.37,0.09-0.24,0.09-0.24,True,True,0.0,0.0
39135,0.001379877761125856,14815.0,26.0,28742.0,0.0036224163647986364,0.001379877761125856,14815,26,Preble,Ohio,0.0036224163647986364,both,0.1379877761125856,0.1379877761125856,0.3622416364798636,0.3622416364798636,0.0,0.0,0.0,0.0,0.06-0.14,0.06-0.14,0.24-0.57,0.24-0.57,True,True,0.0,0.0
39137,0.002631357836322098,9486.0,28.0,22965.0,0.0038232795242141037,0.002631357836322098,9486,28,Putnam,Ohio,0.0038232795242141037,both,0.2631357836322098,0.2631357836322098,0.3823279524214104,0.3823279524214104,0.0,0.0,0.0,0.0,0.23-0.37,0.23-0.37,0.24-0.57,0.24-0.57,True,True,0.0,0.0
39139,0.0025141511449345206,50447.0,122.0,87245.0,-0.0006073904050518529,0.0025141511449345206,50447,122,Richland,Ohio,-0.0006073904050518529,both,0.25141511449345205,0.25141511449345205,-0.06073904050518529,-0.06073904050518529,0.0,0.0,0.0,0.0,0.23-0.37,0.23-0.37,-0.12-0,-0.12-0,True,True,0.0,0.0
39141,0.00256281616458047,32352.0,82.0,54657.0,-0.0005184612078538025,0.00256281616458047,32352,82,Ross,Ohio,-0.0005184612078538025,both,0.256281616458047,0.256281616458047,-0.051846120785380256,-0.051846120785380256,0.0,0.0,0.0,0.0,0.23-0.37,0.23-0.37,-0.12-0,-0.12-0,True,True,0.0,0.0
39143,0.0009270324611861727,26091.0,22.0,41566.0,0.0001868034241502074,0.0009270324611861727,26091,22,Sandusky,Ohio,0.0001868034241502074,both,0.09270324611861727,0.09270324611861727,0.01868034241502074,0.01868034241502074,0.0,0.0,0.0,0.0,0.06-0.14,0.06-0.14,0-0.09,0-0.09,True,True,0.0,0.0
39145,0.0002955217392381419,19107.0,6.0,51355.0,0.00048262548262548264,0.0002955217392381419,19107,6,Scioto,Ohio,0.00048262548262548264,both,0.029552173923814193,0.029552173923814193,0.04826254826254826,0.04826254826254826,0.0,0.0,0.0,0.0,0-0.06,0-0.06,0-0.09,0-0.09,True,True,0.0,0.0
39147,0.0012814415210569523,23399.0,39.0,37084.0,0.001777290293330553,0.0012814415210569523,23399,39,Seneca,Ohio,0.001777290293330553,both,0.12814415210569524,0.12814415210569524,0.1777290293330553,0.1777290293330553,0.0,0.0,0.0,0.0,0.06-0.14,0.06-0.14,0.09-0.24,0.09-0.24,True,True,0.0,0.0
39149,0.006564538390895306,30961.0,220.0,31994.0,0.0049022287872937265,0.006564538390895306,30961,220,Shelby,Ohio,0.0049022287872937265,both,0.6564538390895306,0.6564538390895306,0.49022287872937265,0.49022287872937265,0.0,0.0,0.0,0.0,0.37-0.70,0.37-0.70,0.24-0.57,0.24-0.57,True,True,0.0,0.0
39151,0.0038034106879960327,243342.0,1015.0,262027.0,0.001509018262496387,0.0038034106879960327,243342,1015,Stark,Ohio,0.001509018262496387,both,0.3803410687996033,0.3803410687996033,0.15090182624963872,0.15090182624963872,0.0,0.0,0.0,0.0,0.37-0.70,0.37-0.70,0.09-0.24,0.09-0.24,True,True,0.0,0.0
39153,0.0053480722424160175,527246.0,3007.0,381738.0,0.002542834146997937,0.0053480722424160175,527246,3007,Summit,Ohio,0.002542834146997937,both,0.5348072242416018,0.5348072242416018,0.2542834146997937,0.2542834146997937,0.0,0.0,0.0,0.0,0.37-0.70,0.37-0.70,0.24-0.57,0.24-0.57,True,True,0.0,0.0
39155,0.0017694053950946284,65386.0,137.0,144381.0,0.002743695552813317,0.0017694053950946284,65386,137,Trumbull,Ohio,0.002743695552813317,both,0.17694053950946284,0.17694053950946284,0.27436955528133167,0.27436955528133167,0.0,0.0,0.0,0.0,0.14-0.23,0.14-0.23,0.24-0.57,0.24-0.57,True,True,0.0,0.0
39157,0.0007178755729164545,30584.0,25.0,64183.0,-4.121081495418212e-07,0.0007178755729164545,30584,25,Tuscarawas,Ohio,-4.121081495418212e-07,both,0.07178755729164545,0.07178755729164545,-4.121081495418212e-05,-4.121081495418212e-05,0.0,0.0,0.0,0.0,0.06-0.14,0.06-0.14,-0.12-0,-0.12-0,True,True,0.0,0.0
39159,0.007567989005633852,42357.0,335.0,43037.0,0.00603676703219396,0.007567989005633852,42357,335,Union,Ohio,0.00603676703219396,both,0.7567989005633852,0.7567989005633852,0.603676703219396,0.603676703219396,0.0,0.0,0.0,0.0,0.70+,0.70+,0.57+,0.57+,True,True,0.0,0.0
39161,0.0070105932705398,14071.0,111.0,19896.0,0.008704714195176867,0.0070105932705398,14071,111,Van Wert,Ohio,0.008704714195176867,both,0.70105932705398,0.70105932705398,0.8704714195176867,0.8704714195176867,0.0,0.0,0.0,0.0,0.70+,0.70+,0.57+,0.57+,True,True,0.0,0.0
39163,0.0012345679012345679,901.0,1.0,9053.0,0.007692307692307693,0.0012345679012345679,901,1,Vinton,Ohio,0.007692307692307693,both,0.12345679012345678,0.12345679012345678,0.7692307692307693,0.7692307692307693,0.0,0.0,0.0,0.0,0.06-0.14,0.06-0.14,0.57+,0.57+,True,True,0.0,0.0
39165,0.014033610961599325,177462.0,2605.0,164904.0,-0.0019500303635230695,0.014033610961599325,177462,2605,Warren,Ohio,-0.0019500303635230695,both,1.4033610961599325,1.4033610961599325,-0.19500303635230695,-0.19500303635230695,0.0,0.0,0.0,0.0,0.70+,0.70+,<-0.12,<-0.12,True,True,0.0,0.0
39167,0.001096427974208436,22436.0,25.0,42689.0,0.0014496162865494059,0.001096427974208436,22436,25,Washington,Ohio,0.0014496162865494059,both,0.1096427974208436,0.1096427974208436,0.14496162865494058,0.14496162865494058,0.0,0.0,0.0,0.0,0.06-0.14,0.06-0.14,0.09-0.24,0.09-0.24,True,True,0.0,0.0
39169,0.006194580220007061,61540.0,382.0,76670.0,-0.0024432508807345115,0.006194580220007061,61540,382,Wayne,Ohio,-0.0024432508807345115,both,0.6194580220007061,0.6194580220007061,-0.24432508807345116,-0.24432508807345116,0.0,0.0,0.0,0.0,0.37-0.70,0.37-0.70,<-0.12,<-0.12,True,True,0.0,0.0
39171,0.0004631568821361177,15942.0,11.0,25795.0,0.00043374539145521576,0.0004631568821361177,15942,11,Williams,Ohio,0.00043374539145521576,both,0.04631568821361177,0.04631568821361177,0.04337453914552158,0.04337453914552158,0.0,0.0,0.0,0.0,0-0.06,0-0.06,0-0.09,0-0.09,True,True,0.0,0.0
39173,0.003352325469929454,113784.0,403.0,82400.0,-0.0011515274416801112,0.003352325469929454,113784,403,Wood,Ohio,-0.0011515274416801112,both,0.3352325469929454,0.3352325469929454,-0.11515274416801112,-0.11515274416801112,0.0,0.0,0.0,0.0,0.23-0.37,0.23-0.37,-0.12-0,-0.12-0,True,True,0.0,0.0
39175,0.0011526750117780336,5836.0,6.0,15341.0,0.0004955654364275459,0.0011526750117780336,5836,6,Wyandot,Ohio,0.0004955654364275459,both,0.11526750117780335,0.11526750117780335,0.049556543642754594,0.049556543642754594,0.0,0.0,0.0,0.0,0.06-0.14,0.06-0.14,0-0.09,0-0.09,True,True,0.0,0.0
39999,,,,,,0.024058378249735324,186624,6118,"[Ohio, county not reported]",Ohio,0.029038177506843007,right_only,,2.4058378249735326,,2.9038177506843006,,,,,No data,0.70+,No data,0.57+,False,False,,
40001,0.0007839658946223946,3960.0,4.0,12785.0,0.0037735849056603774,0.0007839658946223946,3960,4,Adair,Oklahoma,0.0037735849056603774,both,0.07839658946223946,0.07839658946223946,0.37735849056603776,0.37735849056603776,0.0,0.0,0.0,0.0,0.06-0.14,0.06-0.14,0.24-0.57,0.24-0.57,True,True,0.0,0.0
40003,0.001941747572815534,1007.0,2.0,4251.0,0.0,0.001941747572815534,1007,2,Alfalfa,Oklahoma,0.0,both,0.1941747572815534,0.1941747572815534,0.0,0.0,0.0,0.0,0.0,0.0,0.14-0.23,0.14-0.23,-0.12-0,-0.12-0,True,True,0.0,0.0
40005,0.0,2868.0,0.0,10044.0,0.0,0.0,2868,0,Atoka,Oklahoma,0.0,both,0.0,0.0,0.0,0.0,0.0,0.0,0.0,0.0,0-0.06,0-0.06,-0.12-0,-0.12-0,True,True,0.0,0.0
40007,0.010084980190140053,781.0,6.0,3387.0,0.00015521201961879883,0.010084980190140053,781,6,Beaver,Oklahoma,0.00015521201961879883,both,1.0084980190140054,1.0084980190140054,0.015521201961879883,0.015521201961879883,0.0,0.0,0.0,0.0,0.70+,0.70+,0-0.09,0-0.09,True,True,0.0,0.0
40009,0.0009717781087563856,6456.0,6.0,15297.0,-0.0007390983000739098,0.0009717781087563856,6456,6,Beckham,Oklahoma,-0.0007390983000739098,both,0.09717781087563857,0.09717781087563857,-0.07390983000739099,-0.07390983000739099,0.0,0.0,0.0,0.0,0.06-0.14,0.06-0.14,-0.12-0,-0.12-0,True,True,0.0,0.0
40011,0.004101741118647843,2525.0,9.0,6123.0,-0.00424929178470255,0.004101741118647843,2525,9,Blaine,Oklahoma,-0.00424929178470255,both,0.4101741118647843,0.4101741118647843,-0.424929178470255,-0.424929178470255,0.0,0.0,0.0,0.0,0.37-0.70,0.37-0.70,<-0.12,<-0.12,True,True,0.0,0.0
40013,0.001985433434636206,21615.0,51.0,31086.0,0.00238813380840293,0.001985433434636206,21615,51,Bryan,Oklahoma,0.00238813380840293,both,0.1985433434636206,0.1985433434636206,0.238813380840293,0.238813380840293,0.0,0.0,0.0,0.0,0.14-0.23,0.14-0.23,0.09-0.24,0.09-0.24,True,True,0.0,0.0
40015,0.00045959901265040637,5596.0,3.0,18308.0,-0.0009054382277957694,0.00045959901265040637,5596,3,Caddo,Oklahoma,-0.0009054382277957694,both,0.04595990126504064,0.04595990126504064,-0.09054382277957694,-0.09054382277957694,0.0,0.0,0.0,0.0,0-0.06,0-0.06,-0.12-0,-0.12-0,True,True,0.0,0.0
40017,0.0025083432724100595,44682.0,137.0,103902.0,0.00422866862887491,0.0025083432724100595,44682,137,Canadian,Oklahoma,0.00422866862887491,both,0.25083432724100596,0.25083432724100596,0.42286686288749104,0.42286686288749104,0.0,0.0,0.0,0.0,0.23-0.37,0.23-0.37,0.24-0.57,0.24-0.57,True,True,0.0,0.0
40019,0.0015446563398834193,20422.0,31.0,32134.0,-0.0010856074785978909,0.0015446563398834193,20422,31,Carter,Oklahoma,-0.0010856074785978909,both,0.15446563398834193,0.15446563398834193,-0.10856074785978909,-0.10856074785978909,0.0,0.0,0.0,0.0,0.14-0.23,0.14-0.23,-0.12-0,-0.12-0,True,True,0.0,0.0
40021,0.00020218535428578885,11355.0,2.0,30155.0,0.0,0.00020218535428578885,11355,2,Cherokee,Oklahoma,0.0,both,0.020218535428578883,0.020218535428578883,0.0,0.0,0.0,0.0,0.0,0.0,0-0.06,0-0.06,-0.12-0,-0.12-0,True,True,0.0,0.0
40023,0.0009098291060732828,5118.0,4.0,9663.0,0.0015071590052750565,0.0009098291060732828,5118,4,Choctaw,Oklahoma,0.0015071590052750565,both,0.09098291060732827,0.09098291060732827,0.15071590052750566,0.15071590052750566,0.0,0.0,0.0,0.0,0.06-0.14,0.06-0.14,0.09-0.24,0.09-0.24,True,True,0.0,0.0
40025,0.0,608.0,0.0,1561.0,0.0,0.0,608,0,Cimarron,Oklahoma,0.0,both,0.0,0.0,0.0,0.0,0.0,0.0,0.0,0.0,0-0.06,0-0.06,-0.12-0,-0.12-0,True,True,0.0,0.0
40027,0.006953949310449519,220115.0,1811.0,188419.0,0.0068518788248703565,0.006953949310449519,220115,1811,Cleveland,Oklahoma,0.0068518788248703565,both,0.6953949310449519,0.6953949310449519,0.6851878824870357,0.6851878824870357,0.0,0.0,0.0,0.0,0.37-0.70,0.37-0.70,0.57+,0.57+,True,True,0.0,0.0
40029,0.003389830508474576,780.0,2.0,3580.0,0.0,0.003389830508474576,780,2,Coal,Oklahoma,0.0,both,0.3389830508474576,0.3389830508474576,0.0,0.0,0.0,0.0,0.0,0.0,0.23-0.37,0.23-0.37,-0.12-0,-0.12-0,True,True,0.0,0.0
40031,0.0029325531291672464,54453.0,170.0,78204.0,0.003218143811854266,0.0029325531291672464,54453,170,Comanche,Oklahoma,0.003218143811854266,both,0.29325531291672463,0.29325531291672463,0.3218143811854266,0.3218143811854266,0.0,0.0,0.0,0.0,0.23-0.37,0.23-0.37,0.24-0.57,0.24-0.57,True,True,0.0,0.0
40033,0.004728126668745318,1491.0,14.0,3845.0,0.021775544388609715,0.004728126668745318,1491,14,Cotton,Oklahoma,0.021775544388609715,both,0.4728126668745318,0.4728126668745318,2.1775544388609713,2.1775544388609713,0.0,0.0,0.0,0.0,0.37-0.70,0.37-0.70,0.57+,0.57+,True,True,0.0,0.0
40035,0.0,3325.0,0.0,9923.0,0.0,0.0,3325,0,Craig,Oklahoma,0.0,both,0.0,0.0,0.0,0.0,0.0,0.0,0.0,0.0,0-0.06,0-0.06,-0.12-0,-0.12-0,True,True,0.0,0.0
40037,0.003329504165957445,21597.0,85.0,49331.0,0.0023282513293910513,0.003329504165957445,21597,85,Creek,Oklahoma,0.0023282513293910513,both,0.3329504165957445,0.3329504165957445,0.23282513293910512,0.23282513293910512,0.0,0.0,0.0,0.0,0.23-0.37,0.23-0.37,0.09-0.24,0.09-0.24,True,True,0.0,0.0
40039,0.0009615758828643463,9201.0,9.0,16660.0,0.00028197741722003574,0.0009615758828643463,9201,9,Custer,Oklahoma,0.00028197741722003574,both,0.09615758828643463,0.09615758828643463,0.028197741722003573,0.028197741722003573,0.0,0.0,0.0,0.0,0.06-0.14,0.06-0.14,0-0.09,0-0.09,True,True,0.0,0.0
40041,0.00015600624024960998,6570.0,1.0,29755.0,0.0,0.00015600624024960998,6570,1,Delaware,Oklahoma,0.0,both,0.015600624024960999,0.015600624024960999,0.0,0.0,0.0,0.0,0.0,0.0,0-0.06,0-0.06,-0.12-0,-0.12-0,True,True,0.0,0.0
40043,0.009077646304649505,984.0,7.0,2865.0,-0.002890173410404624,0.009077646304649505,984,7,Dewey,Oklahoma,-0.002890173410404624,both,0.9077646304649505,0.9077646304649505,-0.2890173410404624,-0.2890173410404624,0.0,0.0,0.0,0.0,0.70+,0.70+,<-0.12,<-0.12,True,True,0.0,0.0
40045,0.0,658.0,0.0,2669.0,0.0,0.0,658,0,Ellis,Oklahoma,0.0,both,0.0,0.0,0.0,0.0,0.0,0.0,0.0,0.0,0-0.06,0-0.06,-0.12-0,-0.12-0,True,True,0.0,0.0
40047,0.006316342498232294,30404.0,222.0,40653.0,0.02483958866051526,0.006316342498232294,30404,222,Garfield,Oklahoma,0.02483958866051526,both,0.6316342498232294,0.6316342498232294,2.483958866051526,2.483958866051526,0.0,0.0,0.0,0.0,0.37-0.70,0.37-0.70,0.57+,0.57+,True,True,0.0,0.0
40049,0.003086485272142598,9030.0,31.0,17251.0,0.004415756390666041,0.003086485272142598,9030,31,Garvin,Oklahoma,0.004415756390666041,both,0.3086485272142598,0.3086485272142598,0.44157563906660413,0.44157563906660413,0.0,0.0,0.0,0.0,0.23-0.37,0.23-0.37,0.24-0.57,0.24-0.57,True,True,0.0,0.0
40051,0.0015211590944817558,13572.0,30.0,37546.0,0.0042643923240938165,0.0015211590944817558,13572,30,Grady,Oklahoma,0.0042643923240938165,both,0.15211590944817557,0.15211590944817557,0.42643923240938164,0.42643923240938164,0.0,0.0,0.0,0.0,0.14-0.23,0.14-0.23,0.24-0.57,0.24-0.57,True,True,0.0,0.0
40053,0.022726178360643712,929.0,21.0,2800.0,0.007932960893854746,0.022726178360643712,929,21,Grant,Oklahoma,0.007932960893854746,both,2.2726178360643714,2.2726178360643714,0.7932960893854747,0.7932960893854747,0.0,0.0,0.0,0.0,0.70+,0.70+,0.57+,0.57+,True,True,0.0,0.0
40055,0.0,593.0,0.0,3955.0,0.0,0.0,593,0,Greer,Oklahoma,0.0,both,0.0,0.0,0.0,0.0,0.0,0.0,0.0,0.0,0-0.06,0-0.06,-0.12-0,-0.12-0,True,True,0.0,0.0
40057,0.0,353.0,0.0,1722.0,0.0,0.0,353,0,Harmon,Oklahoma,0.0,both,0.0,0.0,0.0,0.0,0.0,0.0,0.0,0.0,0-0.06,0-0.06,-0.12-0,-0.12-0,True,True,0.0,0.0
40059,0.0,716.0,0.0,2238.0,0.0,0.0,716,0,Harper,Oklahoma,0.0,both,0.0,0.0,0.0,0.0,0.0,0.0,0.0,0.0,0-0.06,0-0.06,-0.12-0,-0.12-0,True,True,0.0,0.0
40061,0.0,1941.0,0.0,8001.0,0.0,0.0,1941,0,Haskell,Oklahoma,0.0,both,0.0,0.0,0.0,0.0,0.0,0.0,0.0,0.0,0-0.06,0-0.06,-0.12-0,-0.12-0,True,True,0.0,0.0
40063,0.001430767009994141,2212.0,3.0,9361.0,-0.0033333333333333335,0.001430767009994141,2212,3,Hughes,Oklahoma,-0.0033333333333333335,both,0.1430767009994141,0.1430767009994141,-0.33333333333333337,-0.33333333333333337,0.0,0.0,0.0,0.0,0.14-0.23,0.14-0.23,<-0.12,<-0.12,True,True,0.0,0.0
40065,0.006208581957919451,6564.0,59.0,15827.0,0.029907558455682437,0.006208581957919451,6564,59,Jackson,Oklahoma,0.029907558455682437,both,0.6208581957919451,0.6208581957919451,2.990755845568244,2.990755845568244,0.0,0.0,0.0,0.0,0.37-0.70,0.37-0.70,0.57+,0.57+,True,True,0.0,0.0
40067,0.0,1082.0,0.0,3647.0,0.0,0.0,1082,0,Jefferson,Oklahoma,0.0,both,0.0,0.0,0.0,0.0,0.0,0.0,0.0,0.0,0-0.06,0-0.06,-0.12-0,-0.12-0,True,True,0.0,0.0
40069,0.0,2471.0,0.0,6859.0,0.0,0.0,2471,0,Johnston,Oklahoma,0.0,both,0.0,0.0,0.0,0.0,0.0,0.0,0.0,0.0,0-0.06,0-0.06,-0.12-0,-0.12-0,True,True,0.0,0.0
40071,0.001417979115038341,13420.0,17.0,29058.0,0.00022355224932113336,0.001417979115038341,13420,17,Kay,Oklahoma,0.00022355224932113336,both,0.1417979115038341,0.1417979115038341,0.022355224932113338,0.022355224932113338,0.0,0.0,0.0,0.0,0.14-0.23,0.14-0.23,0-0.09,0-0.09,True,True,0.0,0.0
40073,0.0012200248147059786,7189.0,8.0,9880.0,0.002653927813163482,0.0012200248147059786,7189,8,Kingfisher,Oklahoma,0.002653927813163482,both,0.12200248147059786,0.12200248147059786,0.2653927813163482,0.2653927813163482,0.0,0.0,0.0,0.0,0.06-0.14,0.06-0.14,0.24-0.57,0.24-0.57,True,True,0.0,0.0
40075,0.0042140526140526146,1350.0,4.0,5801.0,-0.006329113924050633,0.0042140526140526146,1350,4,Kiowa,Oklahoma,-0.006329113924050633,both,0.42140526140526147,0.42140526140526147,-0.6329113924050633,-0.6329113924050633,0.0,0.0,0.0,0.0,0.37-0.70,0.37-0.70,<-0.12,<-0.12,True,True,0.0,0.0
40077,0.0004464285714285714,2981.0,1.0,6531.0,-0.0024154589371980675,0.0004464285714285714,2981,1,Latimer,Oklahoma,-0.0024154589371980675,both,0.044642857142857144,0.044642857142857144,-0.24154589371980675,-0.24154589371980675,0.0,0.0,0.0,0.0,0-0.06,0-0.06,<-0.12,<-0.12,True,True,0.0,0.0
40079,0.00014655567402763683,7982.0,2.0,32599.0,0.0007304601899196494,0.00014655567402763683,7982,2,Le Flore,Oklahoma,0.0007304601899196494,both,0.014655567402763683,0.014655567402763683,0.07304601899196494,0.07304601899196494,0.0,0.0,0.0,0.0,0-0.06,0-0.06,0-0.09,0-0.09,True,True,0.0,0.0
40081,0.007428346688737845,5569.0,47.0,23240.0,0.00825032704898959,0.007428346688737845,5569,47,Lincoln,Oklahoma,0.00825032704898959,both,0.7428346688737845,0.7428346688737845,0.825032704898959,0.825032704898959,0.0,0.0,0.0,0.0,0.70+,0.70+,0.57+,0.57+,True,True,0.0,0.0
40083,0.0010649586430672479,10840.0,11.0,33348.0,0.00010076802699208998,0.0010649586430672479,10840,11,Logan,Oklahoma,0.00010076802699208998,both,0.10649586430672478,0.10649586430672478,0.010076802699208999,0.010076802699208999,0.0,0.0,0.0,0.0,0.06-0.14,0.06-0.14,0-0.09,0-0.09,True,True,0.0,0.0
40085,0.00031336746357253317,5363.0,2.0,6767.0,0.0015325670498084292,0.00031336746357253317,5363,2,Love,Oklahoma,0.0015325670498084292,both,0.031336746357253316,0.031336746357253316,0.15325670498084293,0.15325670498084293,0.0,0.0,0.0,0.0,0-0.06,0-0.06,0.09-0.24,0.09-0.24,True,True,0.0,0.0
40087,0.003202748929460152,12120.0,60.0,28377.0,0.008922282225874618,0.003202748929460152,12120,60,McClain,Oklahoma,0.008922282225874618,both,0.3202748929460152,0.3202748929460152,0.8922282225874618,0.8922282225874618,0.0,0.0,0.0,0.0,0.23-0.37,0.23-0.37,0.57+,0.57+,True,True,0.0,0.0
40089,0.0,8470.0,0.0,20386.0,0.0,0.0,8470,0,McCurtain,Oklahoma,0.0,both,0.0,0.0,0.0,0.0,0.0,0.0,0.0,0.0,0-0.06,0-0.06,-0.12-0,-0.12-0,True,True,0.0,0.0
40091,0.0,3271.0,0.0,14058.0,0.0,0.0,3271,0,McIntosh,Oklahoma,0.0,both,0.0,0.0,0.0,0.0,0.0,0.0,0.0,0.0,0-0.06,0-0.06,-0.12-0,-0.12-0,True,True,0.0,0.0
40093,0.0014692669520638443,1334.0,2.0,5223.0,0.0035587188612099642,0.0014692669520638443,1334,2,Major,Oklahoma,0.0035587188612099642,both,0.14692669520638443,0.14692669520638443,0.3558718861209964,0.3558718861209964,0.0,0.0,0.0,0.0,0.14-0.23,0.14-0.23,0.24-0.57,0.24-0.57,True,True,0.0,0.0
40095,0.0017404434361942434,2670.0,5.0,10666.0,5.2990066400629074e-05,0.0017404434361942434,2670,5,Marshall,Oklahoma,5.2990066400629074e-05,both,0.17404434361942434,0.17404434361942434,0.005299006640062907,0.005299006640062907,0.0,0.0,0.0,0.0,0.14-0.23,0.14-0.23,0-0.09,0-0.09,True,True,0.0,0.0
40097,0.0041651891563686955,14502.0,75.0,26930.0,0.007608830845771144,0.0041651891563686955,14502,75,Mayes,Oklahoma,0.007608830845771144,both,0.41651891563686955,0.41651891563686955,0.7608830845771144,0.7608830845771144,0.0,0.0,0.0,0.0,0.37-0.70,0.37-0.70,0.57+,0.57+,True,True,0.0,0.0
40099,0.003900047448600128,3849.0,13.0,9532.0,0.006593406593406593,0.003900047448600128,3849,13,Murray,Oklahoma,0.006593406593406593,both,0.3900047448600128,0.3900047448600128,0.6593406593406593,0.6593406593406593,0.0,0.0,0.0,0.0,0.37-0.70,0.37-0.70,0.57+,0.57+,True,True,0.0,0.0
40101,0.001087837679620461,28607.0,34.0,44319.0,0.0017898598661976299,0.001087837679620461,28607,34,Muskogee,Oklahoma,0.0017898598661976299,both,0.1087837679620461,0.1087837679620461,0.17898598661976298,0.17898598661976298,0.0,0.0,0.0,0.0,0.06-0.14,0.06-0.14,0.09-0.24,0.09-0.24,True,True,0.0,0.0
40103,0.0010738000379434643,2710.0,5.0,7489.0,0.005422993492407809,0.0010738000379434643,2710,5,Noble,Oklahoma,0.005422993492407809,both,0.10738000379434644,0.10738000379434644,0.5422993492407809,0.5422993492407809,0.0,0.0,0.0,0.0,0.06-0.14,0.06-0.14,0.24-0.57,0.24-0.57,True,True,0.0,0.0
40105,0.0,1755.0,0.0,6538.0,0.0,0.0,1755,0,Nowata,Oklahoma,0.0,both,0.0,0.0,0.0,0.0,0.0,0.0,0.0,0.0,0-0.06,0-0.06,-0.12-0,-0.12-0,True,True,0.0,0.0
40107,0.0031834215167548504,1352.0,3.0,7858.0,0.003703703703703704,0.0031834215167548504,1352,3,Okfuskee,Oklahoma,0.003703703703703704,both,0.318342151675485,0.318342151675485,0.3703703703703704,0.3703703703703704,0.0,0.0,0.0,0.0,0.23-0.37,0.23-0.37,0.24-0.57,0.24-0.57,True,True,0.0,0.0
40109,0.00948993892102656,850342.0,9667.0,519228.0,0.012259714714152277,0.00948993892102656,850342,9667,Oklahoma,Oklahoma,0.012259714714152277,both,0.9489938921026561,0.9489938921026561,1.2259714714152277,1.2259714714152277,0.0,0.0,0.0,0.0,0.70+,0.70+,0.57+,0.57+,True,True,0.0,0.0
40111,0.002386575098842938,8457.0,19.0,24684.0,0.004,0.002386575098842938,8457,19,Okmulgee,Oklahoma,0.004,both,0.2386575098842938,0.2386575098842938,0.4,0.4,0.0,0.0,0.0,0.0,0.23-0.37,0.23-0.37,0.24-0.57,0.24-0.57,True,True,0.0,0.0
40113,0.0025285494538168814,3236.0,10.0,32682.0,0.005986952861952862,0.0025285494538168814,3236,10,Osage,Oklahoma,0.005986952861952862,both,0.2528549453816881,0.2528549453816881,0.5986952861952862,0.5986952861952862,0.0,0.0,0.0,0.0,0.23-0.37,0.23-0.37,0.57+,0.57+,True,True,0.0,0.0
40115,0.0008921697019431318,8527.0,5.0,19779.0,0.0,0.0008921697019431318,8527,5,Ottawa,Oklahoma,0.0,both,0.08921697019431318,0.08921697019431318,0.0,0.0,0.0,0.0,0.0,0.0,0.06-0.14,0.06-0.14,-0.12-0,-0.12-0,True,True,0.0,0.0
40117,0.0038736167941647395,2926.0,13.0,10787.0,-0.017815386713024507,0.0038736167941647395,2926,13,Pawnee,Oklahoma,-0.017815386713024507,both,0.3873616794164739,0.3873616794164739,-1.7815386713024506,-1.7815386713024506,0.0,0.0,0.0,0.0,0.37-0.70,0.37-0.70,<-0.12,<-0.12,True,True,0.0,0.0
40119,0.0015816029319417942,27502.0,48.0,44198.0,0.0011343153213959583,0.0015816029319417942,27502,48,Payne,Oklahoma,0.0011343153213959583,both,0.15816029319417943,0.15816029319417943,0.11343153213959584,0.11343153213959584,0.0,0.0,0.0,0.0,0.14-0.23,0.14-0.23,0.09-0.24,0.09-0.24,True,True,0.0,0.0
40121,0.0039926736590706145,12159.0,60.0,30453.0,0.015700218572746408,0.0039926736590706145,12159,60,Pittsburg,Oklahoma,0.015700218572746408,both,0.39926736590706147,0.39926736590706147,1.5700218572746407,1.5700218572746407,0.0,0.0,0.0,0.0,0.37-0.70,0.37-0.70,0.57+,0.57+,True,True,0.0,0.0
40123,0.0008616270153959842,16596.0,15.0,25124.0,0.0014184397163120568,0.0008616270153959842,16596,15,Pontotoc,Oklahoma,0.0014184397163120568,both,0.08616270153959842,0.08616270153959842,0.14184397163120568,0.14184397163120568,0.0,0.0,0.0,0.0,0.06-0.14,0.06-0.14,0.09-0.24,0.09-0.24,True,True,0.0,0.0
40125,0.0021497945977849943,29871.0,69.0,48236.0,0.0016650166395938172,0.0021497945977849943,29871,69,Pottawatomie,Oklahoma,0.0016650166395938172,both,0.21497945977849942,0.21497945977849942,0.1665016639593817,0.1665016639593817,0.0,0.0,0.0,0.0,0.14-0.23,0.14-0.23,0.09-0.24,0.09-0.24,True,True,0.0,0.0
40127,0.00045871559633027525,1373.0,1.0,7764.0,0.002506265664160401,0.00045871559633027525,1373,1,Pushmataha,Oklahoma,0.002506265664160401,both,0.045871559633027525,0.045871559633027525,0.2506265664160401,0.2506265664160401,0.0,0.0,0.0,0.0,0-0.06,0-0.06,0.24-0.57,0.24-0.57,True,True,0.0,0.0
40129,0.0,544.0,0.0,2362.0,0.0,0.0,544,0,Roger Mills,Oklahoma,0.0,both,0.0,0.0,0.0,0.0,0.0,0.0,0.0,0.0,0-0.06,0-0.06,-0.12-0,-0.12-0,True,True,0.0,0.0
40131,0.0031542274903659496,32540.0,104.0,65110.0,-0.0017774913825728523,0.0031542274903659496,32540,104,Rogers,Oklahoma,-0.0017774913825728523,both,0.31542274903659495,0.31542274903659495,-0.17774913825728522,-0.17774913825728522,0.0,0.0,0.0,0.0,0.23-0.37,0.23-0.37,<-0.12,<-0.12,True,True,0.0,0.0
40133,0.0007396034312526609,5182.0,4.0,15607.0,0.001893939393939394,0.0007396034312526609,5182,4,Seminole,Oklahoma,0.001893939393939394,both,0.07396034312526609,0.07396034312526609,0.1893939393939394,0.1893939393939394,0.0,0.0,0.0,0.0,0.06-0.14,0.06-0.14,0.09-0.24,0.09-0.24,True,True,0.0,0.0
40135,0.0003193889753830186,6328.0,3.0,26856.0,0.0015932023366967605,0.0003193889753830186,6328,3,Sequoyah,Oklahoma,0.0015932023366967605,both,0.031938897538301855,0.031938897538301855,0.15932023366967604,0.15932023366967604,0.0,0.0,0.0,0.0,0-0.06,0-0.06,0.09-0.24,0.09-0.24,True,True,0.0,0.0
40137,0.002656730046385023,12167.0,30.0,29904.0,-0.00046210746802681805,0.002656730046385023,12167,30,Stephens,Oklahoma,-0.00046210746802681805,both,0.2656730046385023,0.2656730046385023,-0.04621074680268181,-0.04621074680268181,0.0,0.0,0.0,0.0,0.23-0.37,0.23-0.37,-0.12-0,-0.12-0,True,True,0.0,0.0
40139,0.0020304172141104144,5813.0,11.0,13009.0,0.006635071090047393,0.0020304172141104144,5813,11,Texas,Oklahoma,0.006635071090047393,both,0.20304172141104143,0.20304172141104143,0.6635071090047393,0.6635071090047393,0.0,0.0,0.0,0.0,0.14-0.23,0.14-0.23,0.57+,0.57+,True,True,0.0,0.0
40141,0.002857142857142857,1381.0,5.0,4686.0,0.0,0.002857142857142857,1381,5,Tillman,Oklahoma,0.0,both,0.2857142857142857,0.2857142857142857,0.0,0.0,0.0,0.0,0.0,0.0,0.23-0.37,0.23-0.37,-0.12-0,-0.12-0,True,True,0.0,0.0
40143,0.005165273177221445,689729.0,4001.0,439813.0,0.005190129430360783,0.005165273177221445,689729,4001,Tulsa,Oklahoma,0.005190129430360783,both,0.5165273177221444,0.5165273177221444,0.5190129430360784,0.5190129430360784,0.0,0.0,0.0,0.0,0.37-0.70,0.37-0.70,0.24-0.57,0.24-0.57,True,True,0.0,0.0
40145,0.0014651405332426974,16650.0,41.0,56279.0,0.0056093829678735335,0.0014651405332426974,16650,41,Wagoner,Oklahoma,0.0056093829678735335,both,0.14651405332426973,0.14651405332426973,0.5609382967873533,0.5609382967873533,0.0,0.0,0.0,0.0,0.14-0.23,0.14-0.23,0.24-0.57,0.24-0.57,True,True,0.0,0.0
40147,0.008709303687059368,26849.0,236.0,35690.0,-0.001285988755826785,0.008709303687059368,26849,236,Washington,Oklahoma,-0.001285988755826785,both,0.8709303687059368,0.8709303687059368,-0.1285988755826785,-0.1285988755826785,0.0,0.0,0.0,0.0,0.70+,0.70+,<-0.12,<-0.12,True,True,0.0,0.0
40149,0.0,1029.0,0.0,7460.0,0.0,0.0,1029,0,Washita,Oklahoma,0.0,both,0.0,0.0,0.0,0.0,0.0,0.0,0.0,0.0,0-0.06,0-0.06,-0.12-0,-0.12-0,True,True,0.0,0.0
40151,0.00037313432835820896,2636.0,1.0,5369.0,0.00196078431372549,0.00037313432835820896,2636,1,Woods,Oklahoma,0.00196078431372549,both,0.0373134328358209,0.0373134328358209,0.19607843137254902,0.19607843137254902,0.0,0.0,0.0,0.0,0-0.06,0-0.06,0.09-0.24,0.09-0.24,True,True,0.0,0.0
40153,0.0021071755453972866,7884.0,16.0,13788.0,-0.00012506573577087472,0.0021071755453972866,7884,16,Woodward,Oklahoma,-0.00012506573577087472,both,0.21071755453972865,0.21071755453972865,-0.012506573577087472,-0.012506573577087472,0.0,0.0,0.0,0.0,0.14-0.23,0.14-0.23,-0.12-0,-0.12-0,True,True,0.0,0.0
40999,,,,,,0.013398369820115183,147005,3219,"[Oklahoma, county not reported]",Oklahoma,0.03649283565487,right_only,,1.3398369820115184,,3.649283565487,,,,,No data,0.70+,No data,0.57+,False,False,,
41001,0.0006630881519274376,6110.0,4.0,12415.0,-0.0010385711020063654,0.0006630881519274376,6110,4,Baker,Oregon,-0.0010385711020063654,both,0.06630881519274376,0.06630881519274376,-0.10385711020063654,-0.10385711020063654,0.0,0.0,0.0,0.0,0.06-0.14,0.06-0.14,-0.12-0,-0.12-0,True,True,0.0,0.0
41003,0.01142301829773008,52197.0,596.0,58369.0,-0.005711723179509095,0.01142301829773008,52197,596,Benton,Oregon,-0.005711723179509095,both,1.142301829773008,1.142301829773008,-0.5711723179509095,-0.5711723179509095,0.0,0.0,0.0,0.0,0.70+,0.70+,<-0.12,<-0.12,True,True,0.0,0.0
41005,0.010063772299849566,350649.0,3596.0,300373.0,-0.00030680332956278984,0.010063772299849566,350649,3596,Clackamas,Oregon,-0.00030680332956278984,both,1.0063772299849565,1.0063772299849565,-0.030680332956278984,-0.030680332956278984,0.0,0.0,0.0,0.0,0.70+,0.70+,-0.12-0,-0.12-0,True,True,0.0,0.0
41007,0.0005024804268534328,18299.0,8.0,30595.0,0.0004887585532746823,0.0005024804268534328,18299,8,Clatsop,Oregon,0.0004887585532746823,both,0.05024804268534328,0.05024804268534328,0.04887585532746823,0.04887585532746823,0.0,0.0,0.0,0.0,0-0.06,0-0.06,0-0.09,0-0.09,True,True,0.0,0.0
41009,0.0032823320595997845,18051.0,77.0,38085.0,0.008939683885981906,0.0032823320595997845,18051,77,Columbia,Oregon,0.008939683885981906,both,0.32823320595997846,0.32823320595997846,0.8939683885981906,0.8939683885981906,0.0,0.0,0.0,0.0,0.23-0.37,0.23-0.37,0.57+,0.57+,True,True,0.0,0.0
41011,0.028627546890570017,28958.0,1147.0,48945.0,0.049624299795785656,0.028627546890570017,28958,1147,Coos,Oregon,0.049624299795785656,both,2.862754689057002,2.862754689057002,4.962429979578566,4.962429979578566,0.0,0.0,0.0,0.0,0.70+,0.70+,0.57+,0.57+,True,True,0.0,0.0
41013,0.0018079065086886218,5507.0,13.0,18626.0,0.004438575409035086,0.0018079065086886218,5507,13,Crook,Oregon,0.004438575409035086,both,0.18079065086886217,0.18079065086886217,0.44385754090350865,0.44385754090350865,0.0,0.0,0.0,0.0,0.14-0.23,0.14-0.23,0.24-0.57,0.24-0.57,True,True,0.0,0.0
41015,0.0008830194196047855,4364.0,4.0,19116.0,0.0025031289111389237,0.0008830194196047855,4364,4,Curry,Oregon,0.0025031289111389237,both,0.08830194196047855,0.08830194196047855,0.2503128911138924,0.2503128911138924,0.0,0.0,0.0,0.0,0.06-0.14,0.06-0.14,0.24-0.57,0.24-0.57,True,True,0.0,0.0
41017,0.005407391351976742,84707.0,464.0,147063.0,-0.0015680408708178273,0.005407391351976742,84707,464,Deschutes,Oregon,-0.0015680408708178273,both,0.5407391351976742,0.5407391351976742,-0.15680408708178273,-0.15680408708178273,0.0,0.0,0.0,0.0,0.37-0.70,0.37-0.70,<-0.12,<-0.12,True,True,0.0,0.0
41019,0.0014257935899633298,35756.0,49.0,82360.0,9.626712401897427e-05,0.0014257935899633298,35756,49,Douglas,Oregon,9.626712401897427e-05,both,0.14257935899633298,0.14257935899633298,0.009626712401897428,0.009626712401897428,0.0,0.0,0.0,0.0,0.14-0.23,0.14-0.23,0-0.09,0-0.09,True,True,0.0,0.0
41021,0.004775064009474124,1191.0,6.0,1477.0,-0.0015822526710708752,0.004775064009474124,1191,6,Gilliam,Oregon,-0.0015822526710708752,both,0.47750640094741237,0.47750640094741237,-0.1582252671070875,-0.1582252671070875,0.0,0.0,0.0,0.0,0.37-0.70,0.37-0.70,<-0.12,<-0.12,True,True,0.0,0.0
41023,0.0024000000000000002,2851.0,3.0,5609.0,0.0,0.0024000000000000002,2851,3,Grant,Oregon,0.0,both,0.24000000000000002,0.24000000000000002,0.0,0.0,0.0,0.0,0.0,0.0,0.23-0.37,0.23-0.37,-0.12-0,-0.12-0,True,True,0.0,0.0
41025,0.001834862385321101,1604.0,4.0,5499.0,-0.010526315789473684,0.001834862385321101,1604,4,Harney,Oregon,-0.010526315789473684,both,0.1834862385321101,0.1834862385321101,-1.0526315789473684,-1.0526315789473684,0.0,0.0,0.0,0.0,0.14-0.23,0.14-0.23,<-0.12,<-0.12,True,True,0.0,0.0
41027,0.008565709613943637,11576.0,100.0,16735.0,-0.011082330969162016,0.008565709613943637,11576,100,Hood River,Oregon,-0.011082330969162016,both,0.8565709613943637,0.8565709613943637,-1.1082330969162015,-1.1082330969162015,0.0,0.0,0.0,0.0,0.70+,0.70+,<-0.12,<-0.12,True,True,0.0,0.0
41029,0.002113018021448234,104412.0,226.0,160008.0,0.0008110722876153687,0.002113018021448234,104412,226,Jackson,Oregon,0.0008110722876153687,both,0.21130180214482341,0.21130180214482341,0.08110722876153688,0.08110722876153688,0.0,0.0,0.0,0.0,0.14-0.23,0.14-0.23,0-0.09,0-0.09,True,True,0.0,0.0
41031,0.0012313175503359552,5140.0,5.0,17060.0,-0.0020597322348094747,0.0012313175503359552,5140,5,Jefferson,Oregon,-0.0020597322348094747,both,0.12313175503359552,0.12313175503359552,-0.20597322348094746,-0.20597322348094746,0.0,0.0,0.0,0.0,0.06-0.14,0.06-0.14,<-0.12,<-0.12,True,True,0.0,0.0
41033,0.0010952921308229236,22312.0,23.0,65703.0,-0.0009623434974901768,0.0010952921308229236,22312,23,Josephine,Oregon,-0.0009623434974901768,both,0.10952921308229235,0.10952921308229235,-0.09623434974901768,-0.09623434974901768,0.0,0.0,0.0,0.0,0.06-0.14,0.06-0.14,-0.12-0,-0.12-0,True,True,0.0,0.0
41035,0.0017822884040336958,20219.0,39.0,48771.0,0.0032840876157484208,0.0017822884040336958,20219,39,Klamath,Oregon,0.0032840876157484208,both,0.1782288404033696,0.1782288404033696,0.32840876157484206,0.32840876157484206,0.0,0.0,0.0,0.0,0.14-0.23,0.14-0.23,0.24-0.57,0.24-0.57,True,True,0.0,0.0
41037,0.0012681287124400528,2283.0,3.0,6130.0,-0.002531645569620253,0.0012681287124400528,2283,3,Lake,Oregon,-0.002531645569620253,both,0.12681287124400528,0.12681287124400528,-0.25316455696202533,-0.25316455696202533,0.0,0.0,0.0,0.0,0.06-0.14,0.06-0.14,<-0.12,<-0.12,True,True,0.0,0.0
41039,0.004998128007712944,253969.0,1414.0,264813.0,0.0029901226531311277,0.004998128007712944,253969,1414,Lane,Oregon,0.0029901226531311277,both,0.4998128007712944,0.4998128007712944,0.29901226531311276,0.29901226531311276,0.0,0.0,0.0,0.0,0.37-0.70,0.37-0.70,0.24-0.57,0.24-0.57,True,True,0.0,0.0
41041,0.0013010469119750434,24184.0,32.0,39183.0,0.00022666664038647642,0.0013010469119750434,24184,32,Lincoln,Oregon,0.00022666664038647642,both,0.13010469119750434,0.13010469119750434,0.022666664038647644,0.022666664038647644,0.0,0.0,0.0,0.0,0.06-0.14,0.06-0.14,0-0.09,0-0.09,True,True,0.0,0.0
41043,0.003393487229831603,62338.0,258.0,89890.0,0.0027808004642226178,0.003393487229831603,62338,258,Linn,Oregon,0.0027808004642226178,both,0.3393487229831603,0.3393487229831603,0.27808004642226175,0.27808004642226175,0.0,0.0,0.0,0.0,0.23-0.37,0.23-0.37,0.24-0.57,0.24-0.57,True,True,0.0,0.0
41045,0.00025239038866197285,14745.0,5.0,20497.0,0.0006274837900020916,0.00025239038866197285,14745,5,Malheur,Oregon,0.0006274837900020916,both,0.025239038866197286,0.025239038866197286,0.06274837900020916,0.06274837900020916,0.0,0.0,0.0,0.0,0-0.06,0-0.06,0-0.09,0-0.09,True,True,0.0,0.0
41047,0.008204165196933877,231209.0,2238.0,230076.0,0.003971942685495439,0.008204165196933877,231209,2238,Marion,Oregon,0.003971942685495439,both,0.8204165196933877,0.8204165196933877,0.3971942685495439,0.3971942685495439,0.0,0.0,0.0,0.0,0.70+,0.70+,0.24-0.57,0.24-0.57,True,True,0.0,0.0
41049,0.007528732346089964,5561.0,43.0,7712.0,-0.010193493920124187,0.007528732346089964,5561,43,Morrow,Oregon,-0.010193493920124187,both,0.7528732346089964,0.7528732346089964,-1.0193493920124186,-1.0193493920124186,0.0,0.0,0.0,0.0,0.70+,0.70+,<-0.12,<-0.12,True,True,0.0,0.0
41051,0.016593575874223505,1211291.0,20930.0,598188.0,-0.000576004053928228,0.016593575874223505,1211291,20930,Multnomah,Oregon,-0.000576004053928228,both,1.6593575874223505,1.6593575874223505,-0.057600405392822795,-0.057600405392822795,0.0,0.0,0.0,0.0,0.70+,0.70+,-0.12-0,-0.12-0,True,True,0.0,0.0
41053,0.006885939692892211,28093.0,227.0,57222.0,0.004237242848060886,0.006885939692892211,28093,227,Polk,Oregon,0.004237242848060886,both,0.6885939692892211,0.6885939692892211,0.4237242848060886,0.4237242848060886,0.0,0.0,0.0,0.0,0.37-0.70,0.37-0.70,0.24-0.57,0.24-0.57,True,True,0.0,0.0
41055,0.0,1395.0,0.0,1368.0,0.0,0.0,1395,0,Sherman,Oregon,0.0,both,0.0,0.0,0.0,0.0,0.0,0.0,0.0,0.0,0-0.06,0-0.06,-0.12-0,-0.12-0,True,True,0.0,0.0
41057,0.000757997496378201,11105.0,7.0,20699.0,-0.0010251153254741158,0.000757997496378201,11105,7,Tillamook,Oregon,-0.0010251153254741158,both,0.0757997496378201,0.0757997496378201,-0.10251153254741158,-0.10251153254741158,0.0,0.0,0.0,0.0,0.06-0.14,0.06-0.14,-0.12-0,-0.12-0,True,True,0.0,0.0
41059,0.001600967439869411,29387.0,48.0,52883.0,0.0018862875432631876,0.001600967439869411,29387,48,Umatilla,Oregon,0.0018862875432631876,both,0.1600967439869411,0.1600967439869411,0.18862875432631876,0.18862875432631876,0.0,0.0,0.0,0.0,0.14-0.23,0.14-0.23,0.09-0.24,0.09-0.24,True,True,0.0,0.0
41061,0.002654235976533096,8550.0,24.0,17596.0,-0.0011997918342243458,0.002654235976533096,8550,24,Union,Oregon,-0.0011997918342243458,both,0.26542359765330964,0.26542359765330964,-0.11997918342243458,-0.11997918342243458,0.0,0.0,0.0,0.0,0.23-0.37,0.23-0.37,-0.12-0,-0.12-0,True,True,0.0,0.0
41063,0.0008620689655172414,1143.0,1.0,5608.0,-0.004524886877828055,0.0008620689655172414,1143,1,Wallowa,Oregon,-0.004524886877828055,both,0.08620689655172414,0.08620689655172414,-0.4524886877828055,-0.4524886877828055,0.0,0.0,0.0,0.0,0.06-0.14,0.06-0.14,<-0.12,<-0.12,True,True,0.0,0.0
41065,0.00181647625080992,11812.0,20.0,18770.0,0.00151262345366906,0.00181647625080992,11812,20,Wasco,Oregon,0.00151262345366906,both,0.181647625080992,0.181647625080992,0.151262345366906,0.151262345366906,0.0,0.0,0.0,0.0,0.14-0.23,0.14-0.23,0.09-0.24,0.09-0.24,True,True,0.0,0.0
41067,0.03289635902958015,717529.0,23927.0,417204.0,-0.005133377356909535,0.03289635902958015,717529,23927,Washington,Oregon,-0.005133377356909535,both,3.289635902958015,3.289635902958015,-0.5133377356909534,-0.5133377356909534,0.0,0.0,0.0,0.0,0.70+,0.70+,<-0.12,<-0.12,True,True,0.0,0.0
41069,0.008695652173913044,244.0,2.0,1101.0,0.0,0.008695652173913044,244,2,Wheeler,Oregon,0.0,both,0.8695652173913043,0.8695652173913043,0.0,0.0,0.0,0.0,0.0,0.0,0.70+,0.70+,-0.12-0,-0.12-0,True,True,0.0,0.0
41071,0.0034995353225484764,60219.0,260.0,73347.0,0.0043573713021929986,0.0034995353225484764,60219,260,Yamhill,Oregon,0.0043573713021929986,both,0.34995353225484765,0.34995353225484765,0.43573713021929983,0.43573713021929983,0.0,0.0,0.0,0.0,0.23-0.37,0.23-0.37,0.24-0.57,0.24-0.57,True,True,0.0,0.0
41999,,,,,,0.025484173259642574,50884,2696,"[Oregon, county not reported]",Oregon,0.06045770535559051,right_only,,2.5484173259642575,,6.0457705355590505,,,,,No data,0.70+,No data,0.57+,False,False,,
42001,0.001891018955763262,28702.0,65.0,73526.0,0.0024074471190296183,0.001891018955763262,28702,65,Adams,Pennsylvania,0.0024074471190296183,both,0.1891018955763262,0.1891018955763262,0.24074471190296182,0.24074471190296182,0.0,0.0,0.0,0.0,0.14-0.23,0.14-0.23,0.24-0.57,0.24-0.57,True,True,0.0,0.0
42003,0.02244046008884739,1502434.0,36202.0,902730.0,0.0075953847790781945,0.02244046008884739,1502434,36202,Allegheny,Pennsylvania,0.0075953847790781945,both,2.244046008884739,2.244046008884739,0.7595384779078195,0.7595384779078195,0.0,0.0,0.0,0.0,0.70+,0.70+,0.57+,0.57+,True,True,0.0,0.0
42005,0.0022749611904347056,14697.0,45.0,48608.0,0.006269438986150057,0.0022749611904347056,14697,45,Armstrong,Pennsylvania,0.006269438986150057,both,0.22749611904347056,0.22749611904347056,0.6269438986150057,0.6269438986150057,0.0,0.0,0.0,0.0,0.14-0.23,0.14-0.23,0.57+,0.57+,True,True,0.0,0.0
42007,0.0018984093709847587,71700.0,171.0,123142.0,0.004954082554058169,0.0018984093709847587,71700,171,Beaver,Pennsylvania,0.004954082554058169,both,0.18984093709847588,0.18984093709847588,0.49540825540581696,0.49540825540581696,0.0,0.0,0.0,0.0,0.14-0.23,0.14-0.23,0.24-0.57,0.24-0.57,True,True,0.0,0.0
42009,0.0019104775420852147,15590.0,30.0,34889.0,0.003978150338472189,0.0019104775420852147,15590,30,Bedford,Pennsylvania,0.003978150338472189,both,0.19104775420852146,0.19104775420852146,0.39781503384721895,0.39781503384721895,0.0,0.0,0.0,0.0,0.14-0.23,0.14-0.23,0.24-0.57,0.24-0.57,True,True,0.0,0.0
42011,0.004217245224897302,223193.0,1027.0,292213.0,0.004216486008959118,0.004217245224897302,223193,1027,Berks,Pennsylvania,0.004216486008959118,both,0.4217245224897302,0.4217245224897302,0.42164860089591183,0.42164860089591183,0.0,0.0,0.0,0.0,0.37-0.70,0.37-0.70,0.24-0.57,0.24-0.57,True,True,0.0,0.0
42013,0.0017619296192690885,53164.0,95.0,87416.0,0.0005861381932575076,0.0017619296192690885,53164,95,Blair,Pennsylvania,0.0005861381932575076,both,0.17619296192690884,0.17619296192690884,0.05861381932575076,0.05861381932575076,0.0,0.0,0.0,0.0,0.14-0.23,0.14-0.23,0-0.09,0-0.09,True,True,0.0,0.0
42015,0.0009288777548209466,29915.0,31.0,42551.0,0.0007038837388759334,0.0009288777548209466,29915,31,Bradford,Pennsylvania,0.0007038837388759334,both,0.09288777548209466,0.09288777548209466,0.07038837388759334,0.07038837388759334,0.0,0.0,0.0,0.0,0.06-0.14,0.06-0.14,0-0.09,0-0.09,True,True,0.0,0.0
42017,0.003987686360479484,385668.0,1658.0,464065.0,0.0017240727976306188,0.003987686360479484,385668,1658,Bucks,Pennsylvania,0.0017240727976306188,both,0.3987686360479484,0.3987686360479484,0.1724072797630619,0.1724072797630619,0.0,0.0,0.0,0.0,0.37-0.70,0.37-0.70,0.09-0.24,0.09-0.24,True,True,0.0,0.0
42019,0.007210377775558411,134047.0,988.0,139574.0,-0.002540725965934596,0.007210377775558411,134047,988,Butler,Pennsylvania,-0.002540725965934596,both,0.7210377775558411,0.7210377775558411,-0.2540725965934596,-0.2540725965934596,0.0,0.0,0.0,0.0,0.70+,0.70+,<-0.12,<-0.12,True,True,0.0,0.0
42021,0.0018485257119716602,38268.0,66.0,95844.0,0.0009058134256115301,0.0018485257119716602,38268,66,Cambria,Pennsylvania,0.0009058134256115301,both,0.18485257119716603,0.18485257119716603,0.09058134256115301,0.09058134256115301,0.0,0.0,0.0,0.0,0.14-0.23,0.14-0.23,0.09-0.24,0.09-0.24,True,True,0.0,0.0
42023,0.0,805.0,0.0,3476.0,0.0,0.0,805,0,Cameron,Pennsylvania,0.0,both,0.0,0.0,0.0,0.0,0.0,0.0,0.0,0.0,0-0.06,0-0.06,-0.12-0,-0.12-0,True,True,0.0,0.0
42025,0.0005457680445549887,17134.0,13.0,48059.0,0.002504696305572949,0.0005457680445549887,17134,13,Carbon,Pennsylvania,0.002504696305572949,both,0.05457680445549887,0.05457680445549887,0.25046963055729493,0.25046963055729493,0.0,0.0,0.0,0.0,0-0.06,0-0.06,0.24-0.57,0.24-0.57,True,True,0.0,0.0
42027,0.013369087301319174,62618.0,807.0,97184.0,0.008247932481220644,0.013369087301319174,62618,807,Centre,Pennsylvania,0.008247932481220644,both,1.3369087301319174,1.3369087301319174,0.8247932481220644,0.8247932481220644,0.0,0.0,0.0,0.0,0.70+,0.70+,0.57+,0.57+,True,True,0.0,0.0
42029,0.02072727262755808,447072.0,9968.0,367451.0,0.011233455161041163,0.02072727262755808,447072,9968,Chester,Pennsylvania,0.011233455161041163,both,2.0727272627558078,2.0727272627558078,1.1233455161041164,1.1233455161041164,0.0,0.0,0.0,0.0,0.70+,0.70+,0.57+,0.57+,True,True,0.0,0.0
42031,0.001819402810914374,8867.0,18.0,25480.0,0.007269131424685674,0.001819402810914374,8867,18,Clarion,Pennsylvania,0.007269131424685674,both,0.1819402810914374,0.1819402810914374,0.7269131424685673,0.7269131424685673,0.0,0.0,0.0,0.0,0.14-0.23,0.14-0.23,0.57+,0.57+,True,True,0.0,0.0
42033,0.0016231524361746952,18467.0,29.0,59485.0,0.00022316571405693228,0.0016231524361746952,18467,29,Clearfield,Pennsylvania,0.00022316571405693228,both,0.16231524361746952,0.16231524361746952,0.02231657140569323,0.02231657140569323,0.0,0.0,0.0,0.0,0.14-0.23,0.14-0.23,0-0.09,0-0.09,True,True,0.0,0.0
42035,0.001301651876081565,12879.0,17.0,25001.0,0.0015374600052633766,0.001301651876081565,12879,17,Clinton,Pennsylvania,0.0015374600052633766,both,0.13016518760815649,0.13016518760815649,0.15374600052633766,0.15374600052633766,0.0,0.0,0.0,0.0,0.06-0.14,0.06-0.14,0.09-0.24,0.09-0.24,True,True,0.0,0.0
42037,0.004609475994314588,35059.0,196.0,43527.0,0.00917506442115725,0.004609475994314588,35059,196,Columbia,Pennsylvania,0.00917506442115725,both,0.4609475994314588,0.4609475994314588,0.917506442115725,0.917506442115725,0.0,0.0,0.0,0.0,0.37-0.70,0.37-0.70,0.57+,0.57+,True,True,0.0,0.0
42039,0.0009353904643942236,19935.0,20.0,58926.0,0.0008398177020169464,0.0009353904643942236,19935,20,Crawford,Pennsylvania,0.0008398177020169464,both,0.09353904643942236,0.09353904643942236,0.08398177020169464,0.08398177020169464,0.0,0.0,0.0,0.0,0.06-0.14,0.06-0.14,0-0.09,0-0.09,True,True,0.0,0.0
42041,0.009306276038641653,174544.0,1628.0,181984.0,0.0007644327624336672,0.009306276038641653,174544,1628,Cumberland,Pennsylvania,0.0007644327624336672,both,0.9306276038641653,0.9306276038641653,0.07644327624336672,0.07644327624336672,0.0,0.0,0.0,0.0,0.70+,0.70+,0-0.09,0-0.09,True,True,0.0,0.0
42043,0.015516245618201932,284955.0,4537.0,198441.0,0.004473951796121305,0.015516245618201932,284955,4537,Dauphin,Pennsylvania,0.004473951796121305,both,1.5516245618201931,1.5516245618201931,0.4473951796121305,0.4473951796121305,0.0,0.0,0.0,0.0,0.70+,0.70+,0.24-0.57,0.24-0.57,True,True,0.0,0.0
42045,0.012184627383252013,427768.0,5670.0,391672.0,0.0015005999677751777,0.012184627383252013,427768,5670,Delaware,Pennsylvania,0.0015005999677751777,both,1.2184627383252014,1.2184627383252014,0.15005999677751777,0.15005999677751777,0.0,0.0,0.0,0.0,0.70+,0.70+,0.09-0.24,0.09-0.24,True,True,0.0,0.0
42047,0.0014403201749066663,7248.0,11.0,22721.0,-0.00016711546645027794,0.0014403201749066663,7248,11,Elk,Pennsylvania,-0.00016711546645027794,both,0.14403201749066663,0.14403201749066663,-0.016711546645027796,-0.016711546645027796,0.0,0.0,0.0,0.0,0.14-0.23,0.14-0.23,-0.12-0,-0.12-0,True,True,0.0,0.0
42049,0.005537802552036298,118919.0,668.0,186684.0,0.004869282913058562,0.005537802552036298,118919,668,Erie,Pennsylvania,0.004869282913058562,both,0.5537802552036298,0.5537802552036298,0.4869282913058562,0.4869282913058562,0.0,0.0,0.0,0.0,0.37-0.70,0.37-0.70,0.24-0.57,0.24-0.57,True,True,0.0,0.0
42051,0.0019469527505206093,48237.0,101.0,94625.0,0.0012123810674881678,0.0019469527505206093,48237,101,Fayette,Pennsylvania,0.0012123810674881678,both,0.1946952750520609,0.1946952750520609,0.12123810674881678,0.12123810674881678,0.0,0.0,0.0,0.0,0.14-0.23,0.14-0.23,0.09-0.24,0.09-0.24,True,True,0.0,0.0
42053,0.027264671374640264,1552.0,83.0,5716.0,0.10724555754909432,0.027264671374640264,1552,83,Forest,Pennsylvania,0.10724555754909432,both,2.7264671374640264,2.7264671374640264,10.724555754909431,10.724555754909431,0.0,0.0,0.0,0.0,0.70+,0.70+,0.57+,0.57+,True,True,0.0,0.0
42055,0.0037029684234237033,58190.0,222.0,110146.0,0.005719216490479307,0.0037029684234237033,58190,222,Franklin,Pennsylvania,0.005719216490479307,both,0.3702968423423703,0.3702968423423703,0.5719216490479307,0.5719216490479307,0.0,0.0,0.0,0.0,0.37-0.70,0.37-0.70,0.57+,0.57+,True,True,0.0,0.0
42057,0.005786917313466336,3924.0,24.0,10579.0,-0.0027506833746909626,0.005786917313466336,3924,24,Fulton,Pennsylvania,-0.0027506833746909626,both,0.5786917313466337,0.5786917313466337,-0.27506833746909626,-0.27506833746909626,0.0,0.0,0.0,0.0,0.37-0.70,0.37-0.70,<-0.12,<-0.12,True,True,0.0,0.0
42059,0.0008996829576658564,12261.0,12.0,25538.0,0.002179646799318347,0.0008996829576658564,12261,12,Greene,Pennsylvania,0.002179646799318347,both,0.08996829576658565,0.08996829576658565,0.21796467993183472,0.21796467993183472,0.0,0.0,0.0,0.0,0.06-0.14,0.06-0.14,0.09-0.24,0.09-0.24,True,True,0.0,0.0
42061,0.003106050648618564,12261.0,42.0,31981.0,0.004263780261057952,0.003106050648618564,12261,42,Huntingdon,Pennsylvania,0.004263780261057952,both,0.3106050648618564,0.3106050648618564,0.4263780261057952,0.4263780261057952,0.0,0.0,0.0,0.0,0.23-0.37,0.23-0.37,0.24-0.57,0.24-0.57,True,True,0.0,0.0
42063,0.007090077101123584,37656.0,371.0,54397.0,0.017155041229149185,0.007090077101123584,37656,371,Indiana,Pennsylvania,0.017155041229149185,both,0.7090077101123584,0.7090077101123584,1.7155041229149186,1.7155041229149186,0.0,0.0,0.0,0.0,0.70+,0.70+,0.57+,0.57+,True,True,0.0,0.0
42065,0.001765600858193793,8815.0,17.0,31574.0,0.0023730646500186585,0.001765600858193793,8815,17,Jefferson,Pennsylvania,0.0023730646500186585,both,0.1765600858193793,0.1765600858193793,0.23730646500186586,0.23730646500186586,0.0,0.0,0.0,0.0,0.14-0.23,0.14-0.23,0.09-0.24,0.09-0.24,True,True,0.0,0.0
42067,0.002375600469794288,4609.0,13.0,16493.0,-0.0003915009834504707,0.002375600469794288,4609,13,Juniata,Pennsylvania,-0.0003915009834504707,both,0.23756004697942879,0.23756004697942879,-0.03915009834504707,-0.03915009834504707,0.0,0.0,0.0,0.0,0.23-0.37,0.23-0.37,-0.12-0,-0.12-0,True,True,0.0,0.0
42069,0.003344747907608675,135035.0,460.0,151972.0,0.002074733833912878,0.003344747907608675,135035,460,Lackawanna,Pennsylvania,0.002074733833912878,both,0.3344747907608675,0.3344747907608675,0.2074733833912878,0.2074733833912878,0.0,0.0,0.0,0.0,0.23-0.37,0.23-0.37,0.09-0.24,0.09-0.24,True,True,0.0,0.0
42071,0.004252465672602912,270334.0,1266.0,374869.0,0.005083419539090014,0.004252465672602912,270334,1266,Lancaster,Pennsylvania,0.005083419539090014,both,0.4252465672602912,0.4252465672602912,0.5083419539090015,0.5083419539090015,0.0,0.0,0.0,0.0,0.37-0.70,0.37-0.70,0.24-0.57,0.24-0.57,True,True,0.0,0.0
42073,0.0018241273846780464,29263.0,60.0,61794.0,0.00256794339885423,0.0018241273846780464,29263,60,Lawrence,Pennsylvania,0.00256794339885423,both,0.18241273846780465,0.18241273846780465,0.256794339885423,0.256794339885423,0.0,0.0,0.0,0.0,0.14-0.23,0.14-0.23,0.24-0.57,0.24-0.57,True,True,0.0,0.0
42075,0.0014938504621594593,51854.0,88.0,98487.0,0.0038529395655489845,0.0014938504621594593,51854,88,Lebanon,Pennsylvania,0.0038529395655489845,both,0.14938504621594592,0.14938504621594592,0.38529395655489845,0.38529395655489845,0.0,0.0,0.0,0.0,0.14-0.23,0.14-0.23,0.24-0.57,0.24-0.57,True,True,0.0,0.0
42077,0.006905979876835338,343874.0,2789.0,255117.0,0.005643960012208234,0.006905979876835338,343874,2789,Lehigh,Pennsylvania,0.005643960012208234,both,0.6905979876835339,0.6905979876835339,0.5643960012208235,0.5643960012208235,0.0,0.0,0.0,0.0,0.37-0.70,0.37-0.70,0.24-0.57,0.24-0.57,True,True,0.0,0.0
42079,0.005319787136755657,170063.0,925.0,231289.0,0.0012634392355515799,0.005319787136755657,170063,925,Luzerne,Pennsylvania,0.0012634392355515799,both,0.5319787136755657,0.5319787136755657,0.126343923555158,0.126343923555158,0.0,0.0,0.0,0.0,0.37-0.70,0.37-0.70,0.09-0.24,0.09-0.24,True,True,0.0,0.0
42081,0.0025772239520107836,61959.0,166.0,80154.0,0.0041796553956135905,0.0025772239520107836,61959,166,Lycoming,Pennsylvania,0.0041796553956135905,both,0.25772239520107837,0.25772239520107837,0.41796553956135907,0.41796553956135907,0.0,0.0,0.0,0.0,0.23-0.37,0.23-0.37,0.24-0.57,0.24-0.57,True,True,0.0,0.0
42083,0.0035500344513372693,10473.0,39.0,28826.0,-0.0018000546434514793,0.0035500344513372693,10473,39,McKean,Pennsylvania,-0.0018000546434514793,both,0.35500344513372695,0.35500344513372695,-0.18000546434514794,-0.18000546434514794,0.0,0.0,0.0,0.0,0.23-0.37,0.23-0.37,<-0.12,<-0.12,True,True,0.0,0.0
42085,0.0028786612476756537,39485.0,113.0,78929.0,0.0016546263020179343,0.0028786612476756537,39485,113,Mercer,Pennsylvania,0.0016546263020179343,both,0.28786612476756535,0.28786612476756535,0.16546263020179341,0.16546263020179341,0.0,0.0,0.0,0.0,0.23-0.37,0.23-0.37,0.09-0.24,0.09-0.24,True,True,0.0,0.0
42087,0.0028311665847285655,16004.0,50.0,32350.0,0.00651125820911081,0.0028311665847285655,16004,50,Mifflin,Pennsylvania,0.00651125820911081,both,0.28311665847285655,0.28311665847285655,0.651125820911081,0.651125820911081,0.0,0.0,0.0,0.0,0.23-0.37,0.23-0.37,0.57+,0.57+,True,True,0.0,0.0
42089,0.003126763956396668,79069.0,267.0,118803.0,0.0021877110417415566,0.003126763956396668,79069,267,Monroe,Pennsylvania,0.0021877110417415566,both,0.31267639563966676,0.31267639563966676,0.21877110417415566,0.21877110417415566,0.0,0.0,0.0,0.0,0.23-0.37,0.23-0.37,0.09-0.24,0.09-0.24,True,True,0.0,0.0
42091,0.01642341329169251,1000502.0,17254.0,603213.0,0.004241860832936234,0.01642341329169251,1000502,17254,Montgomery,Pennsylvania,0.004241860832936234,both,1.6423413291692512,1.6423413291692512,0.4241860832936234,0.4241860832936234,0.0,0.0,0.0,0.0,0.70+,0.70+,0.24-0.57,0.24-0.57,True,True,0.0,0.0
42093,0.009623426844659364,32037.0,323.0,13288.0,0.0011846703500517364,0.009623426844659364,32037,323,Montour,Pennsylvania,0.0011846703500517364,both,0.9623426844659364,0.9623426844659364,0.11846703500517364,0.11846703500517364,0.0,0.0,0.0,0.0,0.70+,0.70+,0.09-0.24,0.09-0.24,True,True,0.0,0.0
42095,0.00470054163236716,190179.0,995.0,220129.0,0.004035938327586092,0.00470054163236716,190179,995,Northampton,Pennsylvania,0.004035938327586092,both,0.470054163236716,0.470054163236716,0.4035938327586092,0.4035938327586092,0.0,0.0,0.0,0.0,0.37-0.70,0.37-0.70,0.24-0.57,0.24-0.57,True,True,0.0,0.0
42097,0.00965825786307645,29113.0,323.0,66933.0,0.01071043863957697,0.00965825786307645,29113,323,Northumberland,Pennsylvania,0.01071043863957697,both,0.965825786307645,0.965825786307645,1.0710438639576971,1.0710438639576971,0.0,0.0,0.0,0.0,0.70+,0.70+,0.57+,0.57+,True,True,0.0,0.0
42099,0.003695204269930473,9329.0,35.0,33078.0,-0.0007529393981122691,0.003695204269930473,9329,35,Perry,Pennsylvania,-0.0007529393981122691,both,0.3695204269930473,0.3695204269930473,-0.07529393981122691,-0.07529393981122691,0.0,0.0,0.0,0.0,0.23-0.37,0.23-0.37,-0.12-0,-0.12-0,True,True,0.0,0.0
42101,0.024934345536119333,1553698.0,42474.0,1090012.0,0.005760786789045302,0.024934345536119333,1553698,42474,Philadelphia,Pennsylvania,0.005760786789045302,both,2.4934345536119333,2.4934345536119333,0.5760786789045301,0.5760786789045301,0.0,0.0,0.0,0.0,0.70+,0.70+,0.57+,0.57+,True,True,0.0,0.0
42103,0.002573596900838024,10139.0,37.0,44410.0,0.007507163644856901,0.002573596900838024,10139,37,Pike,Pennsylvania,0.007507163644856901,both,0.2573596900838024,0.2573596900838024,0.7507163644856901,0.7507163644856901,0.0,0.0,0.0,0.0,0.23-0.37,0.23-0.37,0.57+,0.57+,True,True,0.0,0.0
42105,0.007868897328211756,6532.0,59.0,11947.0,0.01824575773887879,0.007868897328211756,6532,59,Potter,Pennsylvania,0.01824575773887879,both,0.7868897328211756,0.7868897328211756,1.824575773887879,1.824575773887879,0.0,0.0,0.0,0.0,0.70+,0.70+,0.57+,0.57+,True,True,0.0,0.0
42107,0.002847211958361625,59010.0,227.0,104476.0,0.007723168445804161,0.002847211958361625,59010,227,Schuylkill,Pennsylvania,0.007723168445804161,both,0.2847211958361625,0.2847211958361625,0.772316844580416,0.772316844580416,0.0,0.0,0.0,0.0,0.23-0.37,0.23-0.37,0.57+,0.57+,True,True,0.0,0.0
42109,0.0026262790274134604,16597.0,54.0,26578.0,0.008181393174380552,0.0026262790274134604,16597,54,Snyder,Pennsylvania,0.008181393174380552,both,0.26262790274134606,0.26262790274134606,0.8181393174380552,0.8181393174380552,0.0,0.0,0.0,0.0,0.23-0.37,0.23-0.37,0.57+,0.57+,True,True,0.0,0.0
42111,0.001465508216017112,15416.0,28.0,55224.0,0.005545752457776657,0.001465508216017112,15416,28,Somerset,Pennsylvania,0.005545752457776657,both,0.1465508216017112,0.1465508216017112,0.5545752457776657,0.5545752457776657,0.0,0.0,0.0,0.0,0.14-0.23,0.14-0.23,0.24-0.57,0.24-0.57,True,True,0.0,0.0
42113,0.00026809651474530834,2177.0,1.0,4861.0,0.0018450184501845018,0.00026809651474530834,2177,1,Sullivan,Pennsylvania,0.0018450184501845018,both,0.026809651474530835,0.026809651474530835,0.18450184501845018,0.18450184501845018,0.0,0.0,0.0,0.0,0-0.06,0-0.06,0.09-0.24,0.09-0.24,True,True,0.0,0.0
42115,0.0027046014485035312,12896.0,54.0,28648.0,0.005236925636672131,0.0027046014485035312,12896,54,Susquehanna,Pennsylvania,0.005236925636672131,both,0.27046014485035313,0.27046014485035313,0.5236925636672131,0.5236925636672131,0.0,0.0,0.0,0.0,0.23-0.37,0.23-0.37,0.24-0.57,0.24-0.57,True,True,0.0,0.0
42117,0.004010897289615537,15823.0,64.0,29481.0,0.003346781990583172,0.004010897289615537,15823,64,Tioga,Pennsylvania,0.003346781990583172,both,0.40108972896155365,0.40108972896155365,0.3346781990583172,0.3346781990583172,0.0,0.0,0.0,0.0,0.37-0.70,0.37-0.70,0.24-0.57,0.24-0.57,True,True,0.0,0.0
42119,0.00414539117052452,17846.0,97.0,29049.0,0.01291690765374976,0.00414539117052452,17846,97,Union,Pennsylvania,0.01291690765374976,both,0.414539117052452,0.414539117052452,1.2916907653749758,1.2916907653749758,0.0,0.0,0.0,0.0,0.37-0.70,0.37-0.70,0.57+,0.57+,True,True,0.0,0.0
42121,0.0016102060382940622,12952.0,21.0,37461.0,0.0023688046647230322,0.0016102060382940622,12952,21,Venango,Pennsylvania,0.0023688046647230322,both,0.16102060382940622,0.16102060382940622,0.2368804664723032,0.2368804664723032,0.0,0.0,0.0,0.0,0.14-0.23,0.14-0.23,0.09-0.24,0.09-0.24,True,True,0.0,0.0
42123,0.004023663617988266,10698.0,46.0,28337.0,0.013859773022889913,0.004023663617988266,10698,46,Warren,Pennsylvania,0.013859773022889913,both,0.40236636179882657,0.40236636179882657,1.3859773022889912,1.3859773022889912,0.0,0.0,0.0,0.0,0.37-0.70,0.37-0.70,0.57+,0.57+,True,True,0.0,0.0
42125,0.008957959777750508,156387.0,1495.0,151239.0,0.0035431982465469174,0.008957959777750508,156387,1495,Washington,Pennsylvania,0.0035431982465469174,both,0.8957959777750508,0.8957959777750508,0.35431982465469175,0.35431982465469175,0.0,0.0,0.0,0.0,0.70+,0.70+,0.24-0.57,0.24-0.57,True,True,0.0,0.0
42127,0.0033279104738164872,14768.0,52.0,39339.0,0.0024229296256430156,0.0033279104738164872,14768,52,Wayne,Pennsylvania,0.0024229296256430156,both,0.3327910473816487,0.3327910473816487,0.24229296256430155,0.24229296256430155,0.0,0.0,0.0,0.0,0.23-0.37,0.23-0.37,0.24-0.57,0.24-0.57,True,True,0.0,0.0
42129,0.0050142510392584645,182562.0,1008.0,263459.0,0.00016482188409453619,0.0050142510392584645,182562,1008,Westmoreland,Pennsylvania,0.00016482188409453619,both,0.5014251039258465,0.5014251039258465,0.01648218840945362,0.01648218840945362,0.0,0.0,0.0,0.0,0.37-0.70,0.37-0.70,0-0.09,0-0.09,True,True,0.0,0.0
42131,0.0035512011605564275,7659.0,31.0,18901.0,0.0034494987868507014,0.0035512011605564275,7659,31,Wyoming,Pennsylvania,0.0034494987868507014,both,0.35512011605564275,0.35512011605564275,0.34494987868507015,0.34494987868507015,0.0,0.0,0.0,0.0,0.23-0.37,0.23-0.37,0.24-0.57,0.24-0.57,True,True,0.0,0.0
42133,0.004017703043541226,218536.0,895.0,319732.0,0.00410861914705434,0.004017703043541226,218536,895,York,Pennsylvania,0.00410861914705434,both,0.40177030435412264,0.40177030435412264,0.410861914705434,0.410861914705434,0.0,0.0,0.0,0.0,0.37-0.70,0.37-0.70,0.24-0.57,0.24-0.57,True,True,0.0,0.0
42999,,,,,,0.01883964474188812,18652,379,"[Pennsylvania, county not reported]",Pennsylvania,0.0175899904083085,right_only,,1.883964474188812,,1.7589990408308502,,,,,No data,0.70+,No data,0.57+,False,False,,
44001,0.007425213218431577,16915.0,182.0,35419.0,0.022159204970935955,0.007425213218431577,16915,182,Bristol,Rhode Island,0.022159204970935955,both,0.7425213218431577,0.7425213218431577,2.2159204970935953,2.2159204970935953,0.0,0.0,0.0,0.0,0.70+,0.70+,0.57+,0.57+,True,True,0.0,0.0
44003,0.005573955091378776,116130.0,722.0,126563.0,0.008203312522483113,0.005573955091378776,116130,722,Kent,Rhode Island,0.008203312522483113,both,0.5573955091378776,0.5573955091378776,0.8203312522483113,0.8203312522483113,0.0,0.0,0.0,0.0,0.37-0.70,0.37-0.70,0.57+,0.57+,True,True,0.0,0.0
44005,0.01833717553303193,63073.0,1255.0,63786.0,0.015381367011276246,0.01833717553303193,63073,1255,Newport,Rhode Island,0.015381367011276246,both,1.8337175533031929,1.8337175533031929,1.5381367011276246,1.5381367011276246,0.0,0.0,0.0,0.0,0.70+,0.70+,0.57+,0.57+,True,True,0.0,0.0
44007,0.02161539985010714,576754.0,13528.0,454952.0,0.02012537679044886,0.02161539985010714,576754,13528,Providence,Rhode Island,0.02012537679044886,both,2.161539985010714,2.161539985010714,2.012537679044886,2.012537679044886,0.0,0.0,0.0,0.0,0.70+,0.70+,0.57+,0.57+,True,True,0.0,0.0
44009,0.005943661964405775,65920.0,433.0,90564.0,0.0050346705114188515,0.005943661964405775,65920,433,Washington,Rhode Island,0.0050346705114188515,both,0.5943661964405775,0.5943661964405775,0.5034670511418852,0.5034670511418852,0.0,0.0,0.0,0.0,0.37-0.70,0.37-0.70,0.24-0.57,0.24-0.57,True,True,0.0,0.0
44999,,,,,,0.022135791781518133,49982,1823,"[Rhode Island, county not reported]",Rhode Island,0.04780464708667991,right_only,,2.2135791781518135,,4.780464708667991,,,,,No data,0.70+,No data,0.57+,False,False,,
45001,0.0008439041578576463,3932.0,3.0,17149.0,0.0022026431718061676,0.0008439041578576463,3932,3,Abbeville,South Carolina,0.0022026431718061676,both,0.08439041578576463,0.08439041578576463,0.22026431718061676,0.22026431718061676,0.0,0.0,0.0,0.0,0.06-0.14,0.06-0.14,0.09-0.24,0.09-0.24,True,True,0.0,0.0
45003,0.005514167645406762,86894.0,560.0,120157.0,0.006336255703014121,0.005514167645406762,86894,560,Aiken,South Carolina,0.006336255703014121,both,0.5514167645406762,0.5514167645406762,0.6336255703014121,0.6336255703014121,0.0,0.0,0.0,0.0,0.37-0.70,0.37-0.70,0.57+,0.57+,True,True,0.0,0.0
45005,0.0015151515151515152,2130.0,2.0,5670.0,0.0,0.0015151515151515152,2130,2,Allendale,South Carolina,0.0,both,0.15151515151515152,0.15151515151515152,0.0,0.0,0.0,0.0,0.0,0.0,0.14-0.23,0.14-0.23,-0.12-0,-0.12-0,True,True,0.0,0.0
45007,0.0027775910970601696,54454.0,165.0,140512.0,0.004188321370675856,0.0027775910970601696,54454,165,Anderson,South Carolina,0.004188321370675856,both,0.27775910970601697,0.27775910970601697,0.41883213706758565,0.41883213706758565,0.0,0.0,0.0,0.0,0.23-0.37,0.23-0.37,0.24-0.57,0.24-0.57,True,True,0.0,0.0
45009,0.0022812210905570614,3826.0,9.0,8978.0,0.004739336492890996,0.0022812210905570614,3826,9,Bamberg,South Carolina,0.004739336492890996,both,0.22812210905570612,0.22812210905570612,0.47393364928909953,0.47393364928909953,0.0,0.0,0.0,0.0,0.14-0.23,0.14-0.23,0.24-0.57,0.24-0.57,True,True,0.0,0.0
45011,0.0017298714296896003,5296.0,9.0,13769.0,0.00046721213838119946,0.0017298714296896003,5296,9,Barnwell,South Carolina,0.00046721213838119946,both,0.17298714296896003,0.17298714296896003,0.046721213838119946,0.046721213838119946,0.0,0.0,0.0,0.0,0.14-0.23,0.14-0.23,0-0.09,0-0.09,True,True,0.0,0.0
45013,0.0013907750775350586,119901.0,177.0,136528.0,0.0006919085527566683,0.0013907750775350586,119901,177,Beaufort,South Carolina,0.0006919085527566683,both,0.13907750775350586,0.13907750775350586,0.06919085527566683,0.06919085527566683,0.0,0.0,0.0,0.0,0.06-0.14,0.06-0.14,0-0.09,0-0.09,True,True,0.0,0.0
45015,0.00570880183941479,96973.0,613.0,154846.0,0.004838917024402041,0.00570880183941479,96973,613,Berkeley,South Carolina,0.004838917024402041,both,0.570880183941479,0.570880183941479,0.4838917024402041,0.4838917024402041,0.0,0.0,0.0,0.0,0.37-0.70,0.37-0.70,0.24-0.57,0.24-0.57,True,True,0.0,0.0
45017,0.0010147835512811642,1737.0,2.0,10500.0,-0.00107888495781657,0.0010147835512811642,1737,2,Calhoun,South Carolina,-0.00107888495781657,both,0.10147835512811641,0.10147835512811641,-0.107888495781657,-0.107888495781657,0.0,0.0,0.0,0.0,0.06-0.14,0.06-0.14,-0.12-0,-0.12-0,True,True,0.0,0.0
45019,0.009585544973522103,537713.0,5466.0,295540.0,0.0017835364864594166,0.009585544973522103,537713,5466,Charleston,South Carolina,0.0017835364864594166,both,0.9585544973522103,0.9585544973522103,0.17835364864594166,0.17835364864594166,0.0,0.0,0.0,0.0,0.70+,0.70+,0.09-0.24,0.09-0.24,True,True,0.0,0.0
45021,0.0011462899292512822,19614.0,20.0,38207.0,-0.0008416222831046016,0.0011462899292512822,19614,20,Cherokee,South Carolina,-0.0008416222831046016,both,0.11462899292512822,0.11462899292512822,-0.08416222831046016,-0.08416222831046016,0.0,0.0,0.0,0.0,0.06-0.14,0.06-0.14,-0.12-0,-0.12-0,True,True,0.0,0.0
45023,0.0019209244185472134,12979.0,31.0,22441.0,-0.0007839336156527171,0.0019209244185472134,12979,31,Chester,South Carolina,-0.0007839336156527171,both,0.19209244185472135,0.19209244185472135,-0.07839336156527171,-0.07839336156527171,0.0,0.0,0.0,0.0,0.14-0.23,0.14-0.23,-0.12-0,-0.12-0,True,True,0.0,0.0
45025,0.004056719855317502,12869.0,55.0,30442.0,0.0013606989786172814,0.004056719855317502,12869,55,Chesterfield,South Carolina,0.0013606989786172814,both,0.4056719855317502,0.4056719855317502,0.13606989786172813,0.13606989786172813,0.0,0.0,0.0,0.0,0.37-0.70,0.37-0.70,0.09-0.24,0.09-0.24,True,True,0.0,0.0
45027,0.00017857142857142857,6295.0,1.0,22550.0,0.0008795074758135445,0.00017857142857142857,6295,1,Clarendon,South Carolina,0.0008795074758135445,both,0.017857142857142856,0.017857142857142856,0.08795074758135445,0.08795074758135445,0.0,0.0,0.0,0.0,0-0.06,0-0.06,0-0.09,0-0.09,True,True,0.0,0.0
45029,0.00012670936634386876,13675.0,2.0,26939.0,-0.0001201887450549031,0.00012670936634386876,13675,2,Colleton,South Carolina,-0.0001201887450549031,both,0.012670936634386875,0.012670936634386875,-0.01201887450549031,-0.01201887450549031,0.0,0.0,0.0,0.0,0-0.06,0-0.06,-0.12-0,-0.12-0,True,True,0.0,0.0
45031,0.001732956176815593,16731.0,32.0,43315.0,0.0007602077070237767,0.001732956176815593,16731,32,Darlington,South Carolina,0.0007602077070237767,both,0.17329561768155932,0.17329561768155932,0.07602077070237767,0.07602077070237767,0.0,0.0,0.0,0.0,0.14-0.23,0.14-0.23,0-0.09,0-0.09,True,True,0.0,0.0
45033,0.002755571759550963,8078.0,24.0,18693.0,0.0028567266846809894,0.002755571759550963,8078,24,Dillon,South Carolina,0.0028567266846809894,both,0.2755571759550963,0.2755571759550963,0.2856726684680989,0.2856726684680989,0.0,0.0,0.0,0.0,0.23-0.37,0.23-0.37,0.24-0.57,0.24-0.57,True,True,0.0,0.0
45035,0.0033367792129721614,66238.0,245.0,109799.0,0.0025506181537584085,0.0033367792129721614,66238,245,Dorchester,South Carolina,0.0025506181537584085,both,0.33367792129721613,0.33367792129721613,0.25506181537584083,0.25506181537584083,0.0,0.0,0.0,0.0,0.23-0.37,0.23-0.37,0.24-0.57,0.24-0.57,True,True,0.0,0.0
45037,0.002773454691028632,6599.0,26.0,19108.0,0.006954793840039742,0.002773454691028632,6599,26,Edgefield,South Carolina,0.006954793840039742,both,0.27734546910286323,0.27734546910286323,0.6954793840039741,0.6954793840039741,0.0,0.0,0.0,0.0,0.23-0.37,0.23-0.37,0.57+,0.57+,True,True,0.0,0.0
45039,0.0008088168487759073,9524.0,8.0,15303.0,0.0014476966309873386,0.0008088168487759073,9524,8,Fairfield,South Carolina,0.0014476966309873386,both,0.08088168487759073,0.08088168487759073,0.14476966309873385,0.14476966309873385,0.0,0.0,0.0,0.0,0.06-0.14,0.06-0.14,0.09-0.24,0.09-0.24,True,True,0.0,0.0
45041,0.0019688068599478655,73064.0,143.0,92542.0,-0.0008602919132869749,0.0019688068599478655,73064,143,Florence,South Carolina,-0.0008602919132869749,both,0.19688068599478656,0.19688068599478656,-0.08602919132869749,-0.08602919132869749,0.0,0.0,0.0,0.0,0.14-0.23,0.14-0.23,-0.12-0,-0.12-0,True,True,0.0,0.0
45043,0.00034341297134746765,13019.0,5.0,48042.0,0.0005293710817055339,0.00034341297134746765,13019,5,Georgetown,South Carolina,0.0005293710817055339,both,0.03434129713474676,0.03434129713474676,0.05293710817055339,0.05293710817055339,0.0,0.0,0.0,0.0,0-0.06,0-0.06,0-0.09,0-0.09,True,True,0.0,0.0
45045,0.007937367114886133,335030.0,2660.0,361179.0,0.0024125664020194374,0.007937367114886133,335030,2660,Greenville,South Carolina,0.0024125664020194374,both,0.7937367114886132,0.7937367114886132,0.24125664020194373,0.24125664020194373,0.0,0.0,0.0,0.0,0.70+,0.70+,0.24-0.57,0.24-0.57,True,True,0.0,0.0
45047,0.0021311874961688197,26323.0,60.0,46557.0,0.0032489893418884627,0.0021311874961688197,26323,60,Greenwood,South Carolina,0.0032489893418884627,both,0.21311874961688196,0.21311874961688196,0.3248989341888463,0.3248989341888463,0.0,0.0,0.0,0.0,0.14-0.23,0.14-0.23,0.24-0.57,0.24-0.57,True,True,0.0,0.0
45049,0.0005053908355795147,4736.0,3.0,13205.0,0.0009293680297397769,0.0005053908355795147,4736,3,Hampton,South Carolina,0.0009293680297397769,both,0.050539083557951475,0.050539083557951475,0.09293680297397769,0.09293680297397769,0.0,0.0,0.0,0.0,0-0.06,0-0.06,0.09-0.24,0.09-0.24,True,True,0.0,0.0
45051,0.0008811817566462659,140202.0,133.0,266541.0,0.0011334442825385632,0.0008811817566462659,140202,133,Horry,South Carolina,0.0011334442825385632,both,0.0881181756646266,0.0881181756646266,0.11334442825385632,0.11334442825385632,0.0,0.0,0.0,0.0,0.06-0.14,0.06-0.14,0.09-0.24,0.09-0.24,True,True,0.0,0.0
45053,0.0004858453573958549,19610.0,15.0,21362.0,0.0009968669894616917,0.0004858453573958549,19610,15,Jasper,South Carolina,0.0009968669894616917,both,0.04858453573958549,0.04858453573958549,0.09968669894616917,0.09968669894616917,0.0,0.0,0.0,0.0,0-0.06,0-0.06,0.09-0.24,0.09-0.24,True,True,0.0,0.0
45055,0.001739370324113376,21089.0,40.0,45757.0,-0.00014109527311656316,0.001739370324113376,21089,40,Kershaw,South Carolina,-0.00014109527311656316,both,0.1739370324113376,0.1739370324113376,-0.014109527311656316,-0.014109527311656316,0.0,0.0,0.0,0.0,0.14-0.23,0.14-0.23,-0.12-0,-0.12-0,True,True,0.0,0.0
45057,0.013703182410732576,47601.0,824.0,70340.0,0.019101666844931912,0.013703182410732576,47601,824,Lancaster,South Carolina,0.019101666844931912,both,1.3703182410732575,1.3703182410732575,1.9101666844931913,1.9101666844931913,0.0,0.0,0.0,0.0,0.70+,0.70+,0.57+,0.57+,True,True,0.0,0.0
45059,0.0017631176272478288,16552.0,28.0,46889.0,0.0037271338683168963,0.0017631176272478288,16552,28,Laurens,South Carolina,0.0037271338683168963,both,0.17631176272478288,0.17631176272478288,0.37271338683168964,0.37271338683168964,0.0,0.0,0.0,0.0,0.14-0.23,0.14-0.23,0.24-0.57,0.24-0.57,True,True,0.0,0.0
45061,0.0,3411.0,0.0,11745.0,0.0,0.0,3411,0,Lee,South Carolina,0.0,both,0.0,0.0,0.0,0.0,0.0,0.0,0.0,0.0,0-0.06,0-0.06,-0.12-0,-0.12-0,True,True,0.0,0.0
45063,0.005205078680602665,135665.0,743.0,205290.0,-0.000638801707818647,0.005205078680602665,135665,743,Lexington,South Carolina,-0.000638801707818647,both,0.5205078680602665,0.5205078680602665,-0.0638801707818647,-0.0638801707818647,0.0,0.0,0.0,0.0,0.37-0.70,0.37-0.70,-0.12-0,-0.12-0,True,True,0.0,0.0
45065,0.003757560133784982,2481.0,9.0,7986.0,0.0136986301369863,0.003757560133784982,2481,9,McCormick,South Carolina,0.0136986301369863,both,0.3757560133784982,0.3757560133784982,1.36986301369863,1.36986301369863,0.0,0.0,0.0,0.0,0.37-0.70,0.37-0.70,0.57+,0.57+,True,True,0.0,0.0
45067,0.0,6422.0,0.0,20292.0,0.0,0.0,6422,0,Marion,South Carolina,0.0,both,0.0,0.0,0.0,0.0,0.0,0.0,0.0,0.0,0-0.06,0-0.06,-0.12-0,-0.12-0,True,True,0.0,0.0
45069,0.000628984761414644,4690.0,3.0,19034.0,0.0,0.000628984761414644,4690,3,Marlboro,South Carolina,0.0,both,0.0628984761414644,0.0628984761414644,0.0,0.0,0.0,0.0,0.0,0.0,0.06-0.14,0.06-0.14,-0.12-0,-0.12-0,True,True,0.0,0.0
45071,0.0010194072038781994,15120.0,19.0,25949.0,0.0015090484481339716,0.0010194072038781994,15120,19,Newberry,South Carolina,0.0015090484481339716,both,0.10194072038781994,0.10194072038781994,0.15090484481339717,0.15090484481339717,0.0,0.0,0.0,0.0,0.06-0.14,0.06-0.14,0.09-0.24,0.09-0.24,True,True,0.0,0.0
45073,0.004458259164675706,24104.0,115.0,57617.0,0.003234326157435312,0.004458259164675706,24104,115,Oconee,South Carolina,0.003234326157435312,both,0.44582591646757064,0.44582591646757064,0.32343261574353116,0.32343261574353116,0.0,0.0,0.0,0.0,0.37-0.70,0.37-0.70,0.24-0.57,0.24-0.57,True,True,0.0,0.0
45075,0.01376502703203256,73848.0,1126.0,56778.0,0.009717041446569628,0.01376502703203256,73848,1126,Orangeburg,South Carolina,0.009717041446569628,both,1.376502703203256,1.376502703203256,0.9717041446569628,0.9717041446569628,0.0,0.0,0.0,0.0,0.70+,0.70+,0.57+,0.57+,True,True,0.0,0.0
45077,0.009411436868036624,41788.0,427.0,82774.0,0.009729831223773869,0.009411436868036624,41788,427,Pickens,South Carolina,0.009729831223773869,both,0.9411436868036624,0.9411436868036624,0.9729831223773868,0.9729831223773868,0.0,0.0,0.0,0.0,0.70+,0.70+,0.57+,0.57+,True,True,0.0,0.0
45079,0.013468644007426686,396187.0,5737.0,263144.0,0.0006694787228610916,0.013468644007426686,396187,5737,Richland,South Carolina,0.0006694787228610916,both,1.3468644007426687,1.3468644007426687,0.06694787228610916,0.06694787228610916,0.0,0.0,0.0,0.0,0.70+,0.70+,0-0.09,0-0.09,True,True,0.0,0.0
45081,0.00021231422505307856,2758.0,1.0,13321.0,0.0011890606420927466,0.00021231422505307856,2758,1,Saluda,South Carolina,0.0011890606420927466,both,0.021231422505307858,0.021231422505307858,0.11890606420927466,0.11890606420927466,0.0,0.0,0.0,0.0,0-0.06,0-0.06,0.09-0.24,0.09-0.24,True,True,0.0,0.0
45083,0.005026287733325856,128783.0,651.0,223505.0,0.001746897368036445,0.005026287733325856,128783,651,Spartanburg,South Carolina,0.001746897368036445,both,0.5026287733325856,0.5026287733325856,0.1746897368036445,0.1746897368036445,0.0,0.0,0.0,0.0,0.37-0.70,0.37-0.70,0.09-0.24,0.09-0.24,True,True,0.0,0.0
45085,0.004394118541035834,42534.0,209.0,69519.0,0.002139929698294218,0.004394118541035834,42534,209,Sumter,South Carolina,0.002139929698294218,both,0.4394118541035834,0.4394118541035834,0.21399296982942181,0.21399296982942181,0.0,0.0,0.0,0.0,0.37-0.70,0.37-0.70,0.09-0.24,0.09-0.24,True,True,0.0,0.0
45087,0.0017430385637060477,7882.0,12.0,19408.0,0.0017927891986019005,0.0017430385637060477,7882,12,Union,South Carolina,0.0017927891986019005,both,0.17430385637060478,0.17430385637060478,0.17927891986019004,0.17927891986019004,0.0,0.0,0.0,0.0,0.14-0.23,0.14-0.23,0.09-0.24,0.09-0.24,True,True,0.0,0.0
45089,0.0019197887924418482,5009.0,8.0,22458.0,0.005747126436781609,0.0019197887924418482,5009,8,Williamsburg,South Carolina,0.005747126436781609,both,0.19197887924418483,0.19197887924418483,0.5747126436781609,0.5747126436781609,0.0,0.0,0.0,0.0,0.14-0.23,0.14-0.23,0.57+,0.57+,True,True,0.0,0.0
45091,0.00971072159802517,184423.0,2066.0,191641.0,0.008092604133340465,0.00971072159802517,184423,2066,York,South Carolina,0.008092604133340465,both,0.9710721598025169,0.9710721598025169,0.8092604133340465,0.8092604133340465,0.0,0.0,0.0,0.0,0.70+,0.70+,0.57+,0.57+,True,True,0.0,0.0
45999,,,,,,0.021389763799876053,74549,3002,"[South Carolina, county not reported]",South Carolina,0.04014440999882274,right_only,,2.1389763799876054,,4.014440999882273,,,,,No data,0.70+,No data,0.57+,False,False,,
46003,0.005782216841538876,943.0,7.0,1724.0,-0.013368983957219251,0.005782216841538876,943,7,Aurora,South Dakota,-0.013368983957219251,both,0.5782216841538875,0.5782216841538875,-1.3368983957219251,-1.3368983957219251,0.0,0.0,0.0,0.0,0.37-0.70,0.37-0.70,<-0.12,<-0.12,True,True,0.0,0.0
46005,0.0042784427110044215,8351.0,36.0,12532.0,-0.0038759689922480615,0.0042784427110044215,8351,36,Beadle,South Dakota,-0.0038759689922480615,both,0.42784427110044215,0.42784427110044215,-0.38759689922480617,-0.38759689922480617,0.0,0.0,0.0,0.0,0.37-0.70,0.37-0.70,<-0.12,<-0.12,True,True,0.0,0.0
46007,0.0,542.0,0.0,1797.0,0.0,0.0,542,0,Bennett,South Dakota,0.0,both,0.0,0.0,0.0,0.0,0.0,0.0,0.0,0.0,0-0.06,0-0.06,-0.12-0,-0.12-0,True,True,0.0,0.0
46009,0.0026694066866335847,2621.0,7.0,5171.0,0.0056022408963585435,0.0026694066866335847,2621,7,Bon Homme,South Dakota,0.0056022408963585435,both,0.26694066866335847,0.26694066866335847,0.5602240896358543,0.5602240896358543,0.0,0.0,0.0,0.0,0.23-0.37,0.23-0.37,0.24-0.57,0.24-0.57,True,True,0.0,0.0
46011,0.006298411515499804,20354.0,132.0,18716.0,0.007063474857288421,0.006298411515499804,20354,132,Brookings,South Dakota,0.007063474857288421,both,0.6298411515499803,0.6298411515499803,0.7063474857288421,0.7063474857288421,0.0,0.0,0.0,0.0,0.37-0.70,0.37-0.70,0.57+,0.57+,True,True,0.0,0.0
46013,0.014143007163796795,27408.0,433.0,25369.0,0.03357566038478448,0.014143007163796795,27408,433,Brown,South Dakota,0.03357566038478448,both,1.4143007163796795,1.4143007163796795,3.3575660384784483,3.3575660384784483,0.0,0.0,0.0,0.0,0.70+,0.70+,0.57+,0.57+,True,True,0.0,0.0
46015,0.0011297852474323063,3399.0,3.0,3576.0,0.0,0.0011297852474323063,3399,3,Brule,South Dakota,0.0,both,0.11297852474323063,0.11297852474323063,0.0,0.0,0.0,0.0,0.0,0.0,0.06-0.14,0.06-0.14,-0.12-0,-0.12-0,True,True,0.0,0.0
46017,0.006226053639846743,460.0,2.0,911.0,0.016666666666666666,0.006226053639846743,460,2,Buffalo,South Dakota,0.016666666666666666,both,0.6226053639846743,0.6226053639846743,1.6666666666666667,1.6666666666666667,0.0,0.0,0.0,0.0,0.37-0.70,0.37-0.70,0.57+,0.57+,True,True,0.0,0.0
46019,0.0,2306.0,0.0,7263.0,0.0,0.0,2306,0,Butte,South Dakota,0.0,both,0.0,0.0,0.0,0.0,0.0,0.0,0.0,0.0,0-0.06,0-0.06,-0.12-0,-0.12-0,True,True,0.0,0.0
46021,0.0037037037037037034,384.0,1.0,1111.0,0.0,0.0037037037037037034,384,1,Campbell,South Dakota,0.0,both,0.37037037037037035,0.37037037037037035,0.0,0.0,0.0,0.0,0.0,0.0,0.37-0.70,0.37-0.70,-0.12-0,-0.12-0,True,True,0.0,0.0
46023,0.0024238883912943215,2565.0,6.0,5655.0,-0.0041841004184100415,0.0024238883912943215,2565,6,Charles Mix,South Dakota,-0.0041841004184100415,both,0.24238883912943215,0.24238883912943215,-0.41841004184100417,-0.41841004184100417,0.0,0.0,0.0,0.0,0.23-0.37,0.23-0.37,<-0.12,<-0.12,True,True,0.0,0.0
46025,0.0,929.0,0.0,2554.0,0.0,0.0,929,0,Clark,South Dakota,0.0,both,0.0,0.0,0.0,0.0,0.0,0.0,0.0,0.0,0-0.06,0-0.06,-0.12-0,-0.12-0,True,True,0.0,0.0
46027,0.003235807208202461,9436.0,35.0,7334.0,0.0043030325444976345,0.003235807208202461,9436,35,Clay,South Dakota,0.0043030325444976345,both,0.32358072082024614,0.32358072082024614,0.4303032544497635,0.4303032544497635,0.0,0.0,0.0,0.0,0.23-0.37,0.23-0.37,0.24-0.57,0.24-0.57,True,True,0.0,0.0
46029,0.00520729489448492,15730.0,84.0,19341.0,0.006783528870485393,0.00520729489448492,15730,84,Codington,South Dakota,0.006783528870485393,both,0.520729489448492,0.520729489448492,0.6783528870485392,0.6783528870485392,0.0,0.0,0.0,0.0,0.37-0.70,0.37-0.70,0.57+,0.57+,True,True,0.0,0.0
46031,0.0014925373134328358,507.0,1.0,2139.0,0.0,0.0014925373134328358,507,1,Corson,South Dakota,0.0,both,0.1492537313432836,0.1492537313432836,0.0,0.0,0.0,0.0,0.0,0.0,0.14-0.23,0.14-0.23,-0.12-0,-0.12-0,True,True,0.0,0.0
46033,0.0,3238.0,0.0,6941.0,0.0,0.0,3238,0,Custer,South Dakota,0.0,both,0.0,0.0,0.0,0.0,0.0,0.0,0.0,0.0,0-0.06,0-0.06,-0.12-0,-0.12-0,True,True,0.0,0.0
46035,0.00219988664511158,14387.0,30.0,13591.0,-0.0016908014702482575,0.00219988664511158,14387,30,Davison,South Dakota,-0.0016908014702482575,both,0.21998866451115798,0.21998866451115798,-0.16908014702482574,-0.16908014702482574,0.0,0.0,0.0,0.0,0.14-0.23,0.14-0.23,<-0.12,<-0.12,True,True,0.0,0.0
46037,0.0005988023952095808,1389.0,1.0,3909.0,-0.002570694087403599,0.0005988023952095808,1389,1,Day,South Dakota,-0.002570694087403599,both,0.059880239520958084,0.059880239520958084,-0.2570694087403599,-0.2570694087403599,0.0,0.0,0.0,0.0,0-0.06,0-0.06,<-0.12,<-0.12,True,True,0.0,0.0
46039,0.008625579304143321,1621.0,19.0,2941.0,-0.003355704697986577,0.008625579304143321,1621,19,Deuel,South Dakota,-0.003355704697986577,both,0.8625579304143322,0.8625579304143322,-0.33557046979865773,-0.33557046979865773,0.0,0.0,0.0,0.0,0.70+,0.70+,<-0.12,<-0.12,True,True,0.0,0.0
46041,0.0006024096385542169,1233.0,1.0,2792.0,0.0,0.0006024096385542169,1233,1,Dewey,South Dakota,0.0,both,0.06024096385542169,0.06024096385542169,0.0,0.0,0.0,0.0,0.0,0.0,0.06-0.14,0.06-0.14,-0.12-0,-0.12-0,True,True,0.0,0.0
46043,0.0,1314.0,0.0,1894.0,0.0,0.0,1314,0,Douglas,South Dakota,0.0,both,0.0,0.0,0.0,0.0,0.0,0.0,0.0,0.0,0-0.06,0-0.06,-0.12-0,-0.12-0,True,True,0.0,0.0
46045,0.002361452361452362,995.0,2.0,2874.0,0.0,0.002361452361452362,995,2,Edmunds,South Dakota,0.0,both,0.2361452361452362,0.2361452361452362,0.0,0.0,0.0,0.0,0.0,0.0,0.23-0.37,0.23-0.37,-0.12-0,-0.12-0,True,True,0.0,0.0
46047,0.0008789973906252975,2274.0,3.0,5482.0,0.0009313893435862297,0.0008789973906252975,2274,3,Fall River,South Dakota,0.0009313893435862297,both,0.08789973906252975,0.08789973906252975,0.09313893435862297,0.09313893435862297,0.0,0.0,0.0,0.0,0.06-0.14,0.06-0.14,0.09-0.24,0.09-0.24,True,True,0.0,0.0
46049,0.0,537.0,0.0,1440.0,0.0,0.0,537,0,Faulk,South Dakota,0.0,both,0.0,0.0,0.0,0.0,0.0,0.0,0.0,0.0,0-0.06,0-0.06,-0.12-0,-0.12-0,True,True,0.0,0.0
46051,0.0004424778761061947,2540.0,1.0,5257.0,0.0,0.0004424778761061947,2540,1,Grant,South Dakota,0.0,both,0.04424778761061947,0.04424778761061947,0.0,0.0,0.0,0.0,0.0,0.0,0-0.06,0-0.06,-0.12-0,-0.12-0,True,True,0.0,0.0
46053,0.0,1047.0,0.0,2773.0,0.0,0.0,1047,0,Gregory,South Dakota,0.0,both,0.0,0.0,0.0,0.0,0.0,0.0,0.0,0.0,0-0.06,0-0.06,-0.12-0,-0.12-0,True,True,0.0,0.0
46055,0.0,655.0,0.0,1233.0,0.0,0.0,655,0,Haakon,South Dakota,0.0,both,0.0,0.0,0.0,0.0,0.0,0.0,0.0,0.0,0-0.06,0-0.06,-0.12-0,-0.12-0,True,True,0.0,0.0
46057,0.0,1433.0,0.0,3619.0,0.0,0.0,1433,0,Hamlin,South Dakota,0.0,both,0.0,0.0,0.0,0.0,0.0,0.0,0.0,0.0,0-0.06,0-0.06,-0.12-0,-0.12-0,True,True,0.0,0.0
46059,0.0,1472.0,0.0,2123.0,0.0,0.0,1472,0,Hand,South Dakota,0.0,both,0.0,0.0,0.0,0.0,0.0,0.0,0.0,0.0,0-0.06,0-0.06,-0.12-0,-0.12-0,True,True,0.0,0.0
46061,0.0,788.0,0.0,2121.0,0.0,0.0,788,0,Hanson,South Dakota,0.0,both,0.0,0.0,0.0,0.0,0.0,0.0,0.0,0.0,0-0.06,0-0.06,-0.12-0,-0.12-0,True,True,0.0,0.0
46063,0.0,225.0,0.0,863.0,0.0,0.0,225,0,Harding,South Dakota,0.0,both,0.0,0.0,0.0,0.0,0.0,0.0,0.0,0.0,0-0.06,0-0.06,-0.12-0,-0.12-0,True,True,0.0,0.0
46065,0.05694543829750549,40739.0,3507.0,12296.0,0.11371891535953747,0.05694543829750549,40739,3507,Hughes,South Dakota,0.11371891535953747,both,5.6945438297505495,5.6945438297505495,11.371891535953747,11.371891535953747,0.0,0.0,0.0,0.0,0.70+,0.70+,0.57+,0.57+,True,True,0.0,0.0
46067,0.00037313432835820896,2611.0,1.0,4982.0,0.0,0.00037313432835820896,2611,1,Hutchinson,South Dakota,0.0,both,0.0373134328358209,0.0373134328358209,0.0,0.0,0.0,0.0,0.0,0.0,0-0.06,0-0.06,-0.12-0,-0.12-0,True,True,0.0,0.0
46069,0.0,526.0,0.0,993.0,0.0,0.0,526,0,Hyde,South Dakota,0.0,both,0.0,0.0,0.0,0.0,0.0,0.0,0.0,0.0,0-0.06,0-0.06,-0.12-0,-0.12-0,True,True,0.0,0.0
46071,0.0,629.0,0.0,1712.0,0.0,0.0,629,0,Jackson,South Dakota,0.0,both,0.0,0.0,0.0,0.0,0.0,0.0,0.0,0.0,0-0.06,0-0.06,-0.12-0,-0.12-0,True,True,0.0,0.0
46073,0.0005952380952380952,806.0,1.0,1396.0,0.0,0.0005952380952380952,806,1,Jerauld,South Dakota,0.0,both,0.05952380952380952,0.05952380952380952,0.0,0.0,0.0,0.0,0.0,0.0,0-0.06,0-0.06,-0.12-0,-0.12-0,True,True,0.0,0.0
46075,0.0017391304347826088,628.0,2.0,670.0,-0.009216589861751152,0.0017391304347826088,628,2,Jones,South Dakota,-0.009216589861751152,both,0.17391304347826086,0.17391304347826086,-0.9216589861751152,-0.9216589861751152,0.0,0.0,0.0,0.0,0.14-0.23,0.14-0.23,<-0.12,<-0.12,True,True,0.0,0.0
46077,0.0014814814814814816,1796.0,2.0,3532.0,0.0,0.0014814814814814816,1796,2,Kingsbury,South Dakota,0.0,both,0.14814814814814817,0.14814814814814817,0.0,0.0,0.0,0.0,0.0,0.0,0.14-0.23,0.14-0.23,-0.12-0,-0.12-0,True,True,0.0,0.0
46079,0.005191081924515957,5343.0,37.0,7737.0,0.014161220043572984,0.005191081924515957,5343,37,Lake,South Dakota,0.014161220043572984,both,0.5191081924515957,0.5191081924515957,1.4161220043572984,1.4161220043572984,0.0,0.0,0.0,0.0,0.37-0.70,0.37-0.70,0.57+,0.57+,True,True,0.0,0.0
46081,0.004125172304842534,12625.0,63.0,18355.0,0.007589952362296376,0.004125172304842534,12625,63,Lawrence,South Dakota,0.007589952362296376,both,0.41251723048425337,0.41251723048425337,0.7589952362296376,0.7589952362296376,0.0,0.0,0.0,0.0,0.37-0.70,0.37-0.70,0.57+,0.57+,True,True,0.0,0.0
46083,0.00488774466749291,56208.0,294.0,42903.0,0.0026014281650337265,0.00488774466749291,56208,294,Lincoln,South Dakota,0.0026014281650337265,both,0.48877446674929104,0.48877446674929104,0.2601428165033727,0.2601428165033727,0.0,0.0,0.0,0.0,0.37-0.70,0.37-0.70,0.24-0.57,0.24-0.57,True,True,0.0,0.0
46085,0.0009900990099009901,743.0,1.0,2317.0,-0.004672897196261682,0.0009900990099009901,743,1,Lyman,South Dakota,-0.004672897196261682,both,0.09900990099009901,0.09900990099009901,-0.46728971962616817,-0.46728971962616817,0.0,0.0,0.0,0.0,0.06-0.14,0.06-0.14,<-0.12,<-0.12,True,True,0.0,0.0
46087,0.0013774338435778208,2625.0,3.0,3712.0,0.0013351134846461949,0.0013774338435778208,2625,3,McCook,South Dakota,0.0013351134846461949,both,0.13774338435778208,0.13774338435778208,0.13351134846461948,0.13351134846461948,0.0,0.0,0.0,0.0,0.06-0.14,0.06-0.14,0.09-0.24,0.09-0.24,True,True,0.0,0.0
46089,0.0,475.0,0.0,1663.0,0.0,0.0,475,0,McPherson,South Dakota,0.0,both,0.0,0.0,0.0,0.0,0.0,0.0,0.0,0.0,0-0.06,0-0.06,-0.12-0,-0.12-0,True,True,0.0,0.0
46091,0.003191391941391941,1579.0,4.0,3029.0,-0.002551020408163265,0.003191391941391941,1579,4,Marshall,South Dakota,-0.002551020408163265,both,0.3191391941391941,0.3191391941391941,-0.25510204081632654,-0.25510204081632654,0.0,0.0,0.0,0.0,0.23-0.37,0.23-0.37,<-0.12,<-0.12,True,True,0.0,0.0
46093,0.0032331926348951115,7024.0,22.0,20199.0,0.002144225838663536,0.0032331926348951115,7024,22,Meade,South Dakota,0.002144225838663536,both,0.3233192634895111,0.3233192634895111,0.21442258386635357,0.21442258386635357,0.0,0.0,0.0,0.0,0.23-0.37,0.23-0.37,0.09-0.24,0.09-0.24,True,True,0.0,0.0
46095,0.007142857142857143,280.0,1.0,1248.0,0.025,0.007142857142857143,280,1,Mellette,South Dakota,0.025,both,0.7142857142857143,0.7142857142857143,2.5,2.5,0.0,0.0,0.0,0.0,0.70+,0.70+,0.57+,0.57+,True,True,0.0,0.0
46097,0.002150537634408602,1034.0,2.0,1661.0,0.0,0.002150537634408602,1034,2,Miner,South Dakota,0.0,both,0.21505376344086022,0.21505376344086022,0.0,0.0,0.0,0.0,0.0,0.0,0.14-0.23,0.14-0.23,-0.12-0,-0.12-0,True,True,0.0,0.0
46099,0.0055369005038736555,301362.0,1783.0,130706.0,0.004366809064179589,0.0055369005038736555,301362,1783,Minnehaha,South Dakota,0.004366809064179589,both,0.5536900503873655,0.5536900503873655,0.43668090641795887,0.43668090641795887,0.0,0.0,0.0,0.0,0.37-0.70,0.37-0.70,0.24-0.57,0.24-0.57,True,True,0.0,0.0
46101,0.0,2951.0,0.0,4236.0,0.0,0.0,2951,0,Moody,South Dakota,0.0,both,0.0,0.0,0.0,0.0,0.0,0.0,0.0,0.0,0-0.06,0-0.06,-0.12-0,-0.12-0,True,True,0.0,0.0
46102,,,,,,0.0005181347150259067,1836,1,Oglala Lakota,South Dakota,0.0,right_only,,0.05181347150259067,,0.0,,,,,No data,0-0.06,No data,-0.12-0,False,False,,
46103,0.004241738273358853,73576.0,335.0,76300.0,0.011877213370157867,0.004241738273358853,73576,335,Pennington,South Dakota,0.011877213370157867,both,0.4241738273358853,0.4241738273358853,1.1877213370157866,1.1877213370157866,0.0,0.0,0.0,0.0,0.37-0.70,0.37-0.70,0.57+,0.57+,True,True,0.0,0.0
46105,0.0,560.0,0.0,2101.0,0.0,0.0,560,0,Perkins,South Dakota,0.0,both,0.0,0.0,0.0,0.0,0.0,0.0,0.0,0.0,0-0.06,0-0.06,-0.12-0,-0.12-0,True,True,0.0,0.0
46107,0.0,1151.0,0.0,1811.0,0.0,0.0,1151,0,Potter,South Dakota,0.0,both,0.0,0.0,0.0,0.0,0.0,0.0,0.0,0.0,0-0.06,0-0.06,-0.12-0,-0.12-0,True,True,0.0,0.0
46109,0.0008695652173913044,2199.0,1.0,6443.0,0.0,0.0008695652173913044,2199,1,Roberts,South Dakota,0.0,both,0.08695652173913043,0.08695652173913043,0.0,0.0,0.0,0.0,0.0,0.0,0.06-0.14,0.06-0.14,-0.12-0,-0.12-0,True,True,0.0,0.0
46111,0.0125,516.0,3.0,1583.0,0.0,0.0125,516,3,Sanborn,South Dakota,0.0,both,1.25,1.25,0.0,0.0,0.0,0.0,0.0,0.0,0.70+,0.70+,-0.12-0,-0.12-0,True,True,0.0,0.0
46115,0.007727260084862295,2338.0,28.0,4513.0,0.033707865168539325,0.007727260084862295,2338,28,Spink,South Dakota,0.033707865168539325,both,0.7727260084862295,0.7727260084862295,3.3707865168539324,3.3707865168539324,0.0,0.0,0.0,0.0,0.70+,0.70+,0.57+,0.57+,True,True,0.0,0.0
46117,0.0,731.0,0.0,2130.0,0.0,0.0,731,0,Stanley,South Dakota,0.0,both,0.0,0.0,0.0,0.0,0.0,0.0,0.0,0.0,0-0.06,0-0.06,-0.12-0,-0.12-0,True,True,0.0,0.0
46119,0.0,291.0,0.0,1032.0,0.0,0.0,291,0,Sully,South Dakota,0.0,both,0.0,0.0,0.0,0.0,0.0,0.0,0.0,0.0,0-0.06,0-0.06,-0.12-0,-0.12-0,True,True,0.0,0.0
46121,0.00043859649122807013,1974.0,1.0,4695.0,0.0,0.00043859649122807013,1974,1,Todd,South Dakota,0.0,both,0.043859649122807015,0.043859649122807015,0.0,0.0,0.0,0.0,0.0,0.0,0-0.06,0-0.06,-0.12-0,-0.12-0,True,True,0.0,0.0
46123,0.0007751937984496124,1850.0,2.0,4057.0,-0.0038684719535783366,0.0007751937984496124,1850,2,Tripp,South Dakota,-0.0038684719535783366,both,0.07751937984496124,0.07751937984496124,-0.3868471953578337,-0.3868471953578337,0.0,0.0,0.0,0.0,0.06-0.14,0.06-0.14,<-0.12,<-0.12,True,True,0.0,0.0
46125,0.0006302068019210037,3196.0,2.0,5989.0,0.001277139208173691,0.0006302068019210037,3196,2,Turner,South Dakota,0.001277139208173691,both,0.06302068019210037,0.06302068019210037,0.1277139208173691,0.1277139208173691,0.0,0.0,0.0,0.0,0.06-0.14,0.06-0.14,0.09-0.24,0.09-0.24,True,True,0.0,0.0
46127,0.007081114547781792,10599.0,99.0,11461.0,0.02693807200396939,0.007081114547781792,10599,99,Union,South Dakota,0.02693807200396939,both,0.7081114547781792,0.7081114547781792,2.693807200396939,2.693807200396939,0.0,0.0,0.0,0.0,0.70+,0.70+,0.57+,0.57+,True,True,0.0,0.0
46129,0.0012777777777777779,2159.0,2.0,3768.0,0.0,0.0012777777777777779,2159,2,Walworth,South Dakota,0.0,both,0.1277777777777778,0.1277777777777778,0.0,0.0,0.0,0.0,0.0,0.0,0.06-0.14,0.06-0.14,-0.12-0,-0.12-0,True,True,0.0,0.0
46135,0.003036503003790508,12607.0,43.0,16238.0,0.002775382426182853,0.003036503003790508,12607,43,Yankton,South Dakota,0.002775382426182853,both,0.30365030037905083,0.30365030037905083,0.2775382426182853,0.2775382426182853,0.0,0.0,0.0,0.0,0.23-0.37,0.23-0.37,0.24-0.57,0.24-0.57,True,True,0.0,0.0
46137,0.0,124.0,0.0,1479.0,0.0,0.0,124,0,Ziebach,South Dakota,0.0,both,0.0,0.0,0.0,0.0,0.0,0.0,0.0,0.0,0-0.06,0-0.06,-0.12-0,-0.12-0,True,True,0.0,0.0
46999,,,,,,0.009125990563606903,2764,29,"[South Dakota, county not reported]",South Dakota,-0.0005324455504366055,right_only,,0.9125990563606903,,-0.053244555043660546,,,,,No data,0.70+,No data,-0.12-0,False,False,,
47001,0.0314937663996905,70810.0,2950.0,55143.0,0.03473726908318529,0.0314937663996905,70810,2950,Anderson,Tennessee,0.03473726908318529,both,3.1493766399690504,3.1493766399690504,3.4737269083185294,3.4737269083185294,0.0,0.0,0.0,0.0,0.70+,0.70+,0.57+,0.57+,True,True,0.0,0.0
47003,0.00214508075245023,16236.0,40.0,33792.0,0.0018376950842675845,0.00214508075245023,16236,40,Bedford,Tennessee,0.0018376950842675845,both,0.214508075245023,0.214508075245023,0.18376950842675846,0.18376950842675846,0.0,0.0,0.0,0.0,0.14-0.23,0.14-0.23,0.09-0.24,0.09-0.24,True,True,0.0,0.0
47005,0.00041841004184100416,2183.0,1.0,11591.0,0.0018552875695732839,0.00041841004184100416,2183,1,Benton,Tennessee,0.0018552875695732839,both,0.04184100418410042,0.04184100418410042,0.1855287569573284,0.1855287569573284,0.0,0.0,0.0,0.0,0-0.06,0-0.06,0.09-0.24,0.09-0.24,True,True,0.0,0.0
47007,0.0005714285714285715,1371.0,1.0,11441.0,0.0,0.0005714285714285715,1371,1,Bledsoe,Tennessee,0.0,both,0.05714285714285715,0.05714285714285715,0.0,0.0,0.0,0.0,0.0,0.0,0-0.06,0-0.06,-0.12-0,-0.12-0,True,True,0.0,0.0
47009,0.0031573883502878644,67100.0,259.0,98165.0,0.00299551605332945,0.0031573883502878644,67100,259,Blount,Tennessee,0.00299551605332945,both,0.3157388350287864,0.3157388350287864,0.299551605332945,0.299551605332945,0.0,0.0,0.0,0.0,0.23-0.37,0.23-0.37,0.24-0.57,0.24-0.57,True,True,0.0,0.0
47011,0.002192790200483488,52418.0,116.0,74607.0,0.00032919293687864483,0.002192790200483488,52418,116,Bradley,Tennessee,0.00032919293687864483,both,0.2192790200483488,0.2192790200483488,0.03291929368786448,0.03291929368786448,0.0,0.0,0.0,0.0,0.14-0.23,0.14-0.23,0-0.09,0-0.09,True,True,0.0,0.0
47013,0.00034107136819769095,9188.0,4.0,28408.0,0.0,0.00034107136819769095,9188,4,Campbell,Tennessee,0.0,both,0.034107136819769096,0.034107136819769096,0.0,0.0,0.0,0.0,0.0,0.0,0-0.06,0-0.06,-0.12-0,-0.12-0,True,True,0.0,0.0
47015,0.0003409724545555927,4118.0,2.0,10328.0,0.0008539709649871904,0.0003409724545555927,4118,2,Cannon,Tennessee,0.0008539709649871904,both,0.03409724545555927,0.03409724545555927,0.08539709649871904,0.08539709649871904,0.0,0.0,0.0,0.0,0-0.06,0-0.06,0-0.09,0-0.09,True,True,0.0,0.0
47017,0.0005221932114882506,5243.0,2.0,19421.0,0.002472187886279357,0.0005221932114882506,5243,2,Carroll,Tennessee,0.002472187886279357,both,0.05221932114882506,0.05221932114882506,0.2472187886279357,0.2472187886279357,0.0,0.0,0.0,0.0,0-0.06,0-0.06,0.24-0.57,0.24-0.57,True,True,0.0,0.0
47019,8.045052292839903e-05,8205.0,1.0,42063.0,0.000429000429000429,8.045052292839903e-05,8205,1,Carter,Tennessee,0.000429000429000429,both,0.008045052292839904,0.008045052292839904,0.0429000429000429,0.0429000429000429,0.0,0.0,0.0,0.0,0-0.06,0-0.06,0-0.09,0-0.09,True,True,0.0,0.0
47021,0.003974412060162169,20407.0,66.0,29340.0,0.0037142390785140918,0.003974412060162169,20407,66,Cheatham,Tennessee,0.0037142390785140918,both,0.39744120601621685,0.39744120601621685,0.37142390785140916,0.37142390785140916,0.0,0.0,0.0,0.0,0.37-0.70,0.37-0.70,0.24-0.57,0.24-0.57,True,True,0.0,0.0
47023,0.00016891891891891893,2961.0,2.0,11286.0,0.0014214641080312722,0.00016891891891891893,2961,2,Chester,Tennessee,0.0014214641080312722,both,0.016891891891891893,0.016891891891891893,0.14214641080312723,0.14214641080312723,0.0,0.0,0.0,0.0,0-0.06,0-0.06,0.09-0.24,0.09-0.24,True,True,0.0,0.0
47025,0.001997172508763981,9118.0,16.0,23056.0,-1.3369517284952991e-05,0.001997172508763981,9118,16,Claiborne,Tennessee,-1.3369517284952991e-05,both,0.19971725087639813,0.19971725087639813,-0.001336951728495299,-0.001336951728495299,0.0,0.0,0.0,0.0,0.14-0.23,0.14-0.23,-0.12-0,-0.12-0,True,True,0.0,0.0
47027,0.0,591.0,0.0,5510.0,0.0,0.0,591,0,Clay,Tennessee,0.0,both,0.0,0.0,0.0,0.0,0.0,0.0,0.0,0.0,0-0.06,0-0.06,-0.12-0,-0.12-0,True,True,0.0,0.0
47029,0.0006132604347184621,9050.0,7.0,26270.0,0.0012322921702126008,0.0006132604347184621,9050,7,Cocke,Tennessee,0.0012322921702126008,both,0.06132604347184621,0.06132604347184621,0.12322921702126008,0.12322921702126008,0.0,0.0,0.0,0.0,0.06-0.14,0.06-0.14,0.09-0.24,0.09-0.24,True,True,0.0,0.0
47031,0.001159554691248148,30908.0,46.0,39473.0,0.002398186929849199,0.001159554691248148,30908,46,Coffee,Tennessee,0.002398186929849199,both,0.1159554691248148,0.1159554691248148,0.2398186929849199,0.2398186929849199,0.0,0.0,0.0,0.0,0.06-0.14,0.06-0.14,0.09-0.24,0.09-0.24,True,True,0.0,0.0
47033,0.0,2542.0,0.0,9480.0,0.0,0.0,2542,0,Crockett,Tennessee,0.0,both,0.0,0.0,0.0,0.0,0.0,0.0,0.0,0.0,0-0.06,0-0.06,-0.12-0,-0.12-0,True,True,0.0,0.0
47035,0.0025106462662912443,12619.0,35.0,47524.0,0.001924699948718346,0.0025106462662912443,12619,35,Cumberland,Tennessee,0.001924699948718346,both,0.25106462662912443,0.25106462662912443,0.1924699948718346,0.1924699948718346,0.0,0.0,0.0,0.0,0.23-0.37,0.23-0.37,0.09-0.24,0.09-0.24,True,True,0.0,0.0
47037,0.013374436344685773,1246709.0,18525.0,495381.0,0.007365607932460227,0.013374436344685773,1246709,18525,Davidson,Tennessee,0.007365607932460227,both,1.3374436344685774,1.3374436344685774,0.7365607932460226,0.7365607932460226,0.0,0.0,0.0,0.0,0.70+,0.70+,0.57+,0.57+,True,True,0.0,0.0
47039,0.0,1565.0,0.0,8322.0,0.0,0.0,1565,0,Decatur,Tennessee,0.0,both,0.0,0.0,0.0,0.0,0.0,0.0,0.0,0.0,0-0.06,0-0.06,-0.12-0,-0.12-0,True,True,0.0,0.0
47041,0.0028880459340605916,6454.0,21.0,14386.0,0.0019035532994923859,0.0028880459340605916,6454,21,DeKalb,Tennessee,0.0019035532994923859,both,0.28880459340605913,0.28880459340605913,0.1903553299492386,0.1903553299492386,0.0,0.0,0.0,0.0,0.23-0.37,0.23-0.37,0.09-0.24,0.09-0.24,True,True,0.0,0.0
47043,0.0006978197651416681,26871.0,23.0,37919.0,0.0010411846367422489,0.0006978197651416681,26871,23,Dickson,Tennessee,0.0010411846367422489,both,0.06978197651416682,0.06978197651416682,0.10411846367422489,0.10411846367422489,0.0,0.0,0.0,0.0,0.06-0.14,0.06-0.14,0.09-0.24,0.09-0.24,True,True,0.0,0.0
47045,0.0016727599540141604,15640.0,30.0,25019.0,0.004355189934672151,0.0016727599540141604,15640,30,Dyer,Tennessee,0.004355189934672151,both,0.16727599540141605,0.16727599540141605,0.4355189934672151,0.4355189934672151,0.0,0.0,0.0,0.0,0.14-0.23,0.14-0.23,0.24-0.57,0.24-0.57,True,True,0.0,0.0
47047,0.006004264579254767,9293.0,48.0,31529.0,-0.002555736894237638,0.006004264579254767,9293,48,Fayette,Tennessee,-0.002555736894237638,both,0.6004264579254767,0.6004264579254767,-0.2555736894237638,-0.2555736894237638,0.0,0.0,0.0,0.0,0.37-0.70,0.37-0.70,<-0.12,<-0.12,True,True,0.0,0.0
47049,0.0,2038.0,0.0,13453.0,0.0,0.0,2038,0,Fentress,Tennessee,0.0,both,0.0,0.0,0.0,0.0,0.0,0.0,0.0,0.0,0-0.06,0-0.06,-0.12-0,-0.12-0,True,True,0.0,0.0
47051,0.00033112757836906305,17987.0,7.0,29560.0,0.00041640641265875496,0.00033112757836906305,17987,7,Franklin,Tennessee,0.00041640641265875496,both,0.03311275783690631,0.03311275783690631,0.041640641265875494,0.041640641265875494,0.0,0.0,0.0,0.0,0-0.06,0-0.06,0-0.09,0-0.09,True,True,0.0,0.0
47053,0.0012817535784889985,12399.0,15.0,34441.0,0.0013550135501355014,0.0012817535784889985,12399,15,Gibson,Tennessee,0.0013550135501355014,both,0.12817535784889986,0.12817535784889986,0.13550135501355012,0.13550135501355012,0.0,0.0,0.0,0.0,0.06-0.14,0.06-0.14,0.09-0.24,0.09-0.24,True,True,0.0,0.0
47055,0.00047413126625984043,12298.0,6.0,21382.0,0.0008600917431192661,0.00047413126625984043,12298,6,Giles,Tennessee,0.0008600917431192661,both,0.04741312662598404,0.04741312662598404,0.08600917431192662,0.08600917431192662,0.0,0.0,0.0,0.0,0-0.06,0-0.06,0-0.09,0-0.09,True,True,0.0,0.0
47057,0.0020041777878914086,3069.0,8.0,17170.0,0.006586169045005488,0.0020041777878914086,3069,8,Grainger,Tennessee,0.006586169045005488,both,0.20041777878914085,0.20041777878914085,0.6586169045005488,0.6586169045005488,0.0,0.0,0.0,0.0,0.14-0.23,0.14-0.23,0.57+,0.57+,True,True,0.0,0.0
47059,0.0007131871383110121,19687.0,15.0,50666.0,0.0019353590090961873,0.0007131871383110121,19687,15,Greene,Tennessee,0.0019353590090961873,both,0.07131871383110121,0.07131871383110121,0.19353590090961872,0.19353590090961872,0.0,0.0,0.0,0.0,0.06-0.14,0.06-0.14,0.09-0.24,0.09-0.24,True,True,0.0,0.0
47061,0.0049237905897945656,3555.0,24.0,9623.0,0.015267175572519083,0.0049237905897945656,3555,24,Grundy,Tennessee,0.015267175572519083,both,0.49237905897945655,0.49237905897945655,1.5267175572519083,1.5267175572519083,0.0,0.0,0.0,0.0,0.37-0.70,0.37-0.70,0.57+,0.57+,True,True,0.0,0.0
47063,0.001511187391055798,33325.0,53.0,44329.0,0.0009541734144526634,0.001511187391055798,33325,53,Hamblen,Tennessee,0.0009541734144526634,both,0.1511187391055798,0.1511187391055798,0.09541734144526634,0.09541734144526634,0.0,0.0,0.0,0.0,0.14-0.23,0.14-0.23,0.09-0.24,0.09-0.24,True,True,0.0,0.0
47065,0.0052930181029575574,357689.0,2090.0,259234.0,0.0026272584343267832,0.0052930181029575574,357689,2090,Hamilton,Tennessee,0.0026272584343267832,both,0.5293018102957557,0.5293018102957557,0.26272584343267835,0.26272584343267835,0.0,0.0,0.0,0.0,0.37-0.70,0.37-0.70,0.24-0.57,0.24-0.57,True,True,0.0,0.0
47067,0.000819672131147541,659.0,1.0,4850.0,-0.005681818181818182,0.000819672131147541,659,1,Hancock,Tennessee,-0.005681818181818182,both,0.08196721311475409,0.08196721311475409,-0.5681818181818182,-0.5681818181818182,0.0,0.0,0.0,0.0,0.06-0.14,0.06-0.14,<-0.12,<-0.12,True,True,0.0,0.0
47069,0.0027081101407927595,5578.0,15.0,18436.0,0.0019103212855120857,0.0027081101407927595,5578,15,Hardeman,Tennessee,0.0019103212855120857,both,0.27081101407927594,0.27081101407927594,0.19103212855120857,0.19103212855120857,0.0,0.0,0.0,0.0,0.23-0.37,0.23-0.37,0.09-0.24,0.09-0.24,True,True,0.0,0.0
47071,0.00017452006980802793,4666.0,1.0,19378.0,-0.0007993605115907274,0.00017452006980802793,4666,1,Hardin,Tennessee,-0.0007993605115907274,both,0.017452006980802792,0.017452006980802792,-0.07993605115907274,-0.07993605115907274,0.0,0.0,0.0,0.0,0-0.06,0-0.06,-0.12-0,-0.12-0,True,True,0.0,0.0
47073,0.0021047258037499355,7197.0,16.0,41611.0,-0.0029239766081871343,0.0021047258037499355,7197,16,Hawkins,Tennessee,-0.0029239766081871343,both,0.21047258037499356,0.21047258037499356,-0.29239766081871343,-0.29239766081871343,0.0,0.0,0.0,0.0,0.14-0.23,0.14-0.23,<-0.12,<-0.12,True,True,0.0,0.0
47075,0.0028398426418850516,4964.0,21.0,12484.0,0.010365853658536586,0.0028398426418850516,4964,21,Haywood,Tennessee,0.010365853658536586,both,0.28398426418850514,0.28398426418850514,1.0365853658536586,1.0365853658536586,0.0,0.0,0.0,0.0,0.23-0.37,0.23-0.37,0.57+,0.57+,True,True,0.0,0.0
47077,0.0003732484430604982,4225.0,2.0,19260.0,-0.00186219739292365,0.0003732484430604982,4225,2,Henderson,Tennessee,-0.00186219739292365,both,0.03732484430604982,0.03732484430604982,-0.186219739292365,-0.186219739292365,0.0,0.0,0.0,0.0,0-0.06,0-0.06,<-0.12,<-0.12,True,True,0.0,0.0
47079,0.0013990544187289873,6319.0,10.0,23375.0,0.003937007874015748,0.0013990544187289873,6319,10,Henry,Tennessee,0.003937007874015748,both,0.13990544187289872,0.13990544187289872,0.39370078740157477,0.39370078740157477,0.0,0.0,0.0,0.0,0.06-0.14,0.06-0.14,0.24-0.57,0.24-0.57,True,True,0.0,0.0
47081,0.0009224600583667211,4240.0,4.0,17892.0,-0.0014032694610543728,0.0009224600583667211,4240,4,Hickman,Tennessee,-0.0014032694610543728,both,0.09224600583667211,0.09224600583667211,-0.14032694610543728,-0.14032694610543728,0.0,0.0,0.0,0.0,0.06-0.14,0.06-0.14,<-0.12,<-0.12,True,True,0.0,0.0
47083,0.0028224447727270116,2961.0,11.0,5809.0,-0.001593740944653724,0.0028224447727270116,2961,11,Houston,Tennessee,-0.001593740944653724,both,0.2822444772727012,0.2822444772727012,-0.1593740944653724,-0.1593740944653724,0.0,0.0,0.0,0.0,0.23-0.37,0.23-0.37,<-0.12,<-0.12,True,True,0.0,0.0
47085,0.0017767751475161557,4790.0,7.0,13339.0,-0.0019230769230769232,0.0017767751475161557,4790,7,Humphreys,Tennessee,-0.0019230769230769232,both,0.17767751475161558,0.17767751475161558,-0.19230769230769232,-0.19230769230769232,0.0,0.0,0.0,0.0,0.14-0.23,0.14-0.23,<-0.12,<-0.12,True,True,0.0,0.0
47087,0.0,649.0,0.0,8770.0,0.0,0.0,649,0,Jackson,Tennessee,0.0,both,0.0,0.0,0.0,0.0,0.0,0.0,0.0,0.0,0-0.06,0-0.06,-0.12-0,-0.12-0,True,True,0.0,0.0
47089,0.0017102060106668246,17433.0,35.0,39459.0,-0.0002477989523685595,0.0017102060106668246,17433,35,Jefferson,Tennessee,-0.0002477989523685595,both,0.17102060106668246,0.17102060106668246,-0.024779895236855948,-0.024779895236855948,0.0,0.0,0.0,0.0,0.14-0.23,0.14-0.23,-0.12-0,-0.12-0,True,True,0.0,0.0
47091,0.0002941176470588235,2716.0,1.0,13727.0,0.0013227513227513227,0.0002941176470588235,2716,1,Johnson,Tennessee,0.0013227513227513227,both,0.02941176470588235,0.02941176470588235,0.13227513227513227,0.13227513227513227,0.0,0.0,0.0,0.0,0-0.06,0-0.06,0.09-0.24,0.09-0.24,True,True,0.0,0.0
47093,0.00874292437008305,416169.0,3766.0,322573.0,-0.0032131666275719336,0.00874292437008305,416169,3766,Knox,Tennessee,-0.0032131666275719336,both,0.8742924370083051,0.8742924370083051,-0.32131666275719334,-0.32131666275719334,0.0,0.0,0.0,0.0,0.70+,0.70+,<-0.12,<-0.12,True,True,0.0,0.0
47095,0.0,1631.0,0.0,5264.0,0.0,0.0,1631,0,Lake,Tennessee,0.0,both,0.0,0.0,0.0,0.0,0.0,0.0,0.0,0.0,0-0.06,0-0.06,-0.12-0,-0.12-0,True,True,0.0,0.0
47097,0.0015031443648887688,5133.0,8.0,17136.0,0.003032600454890068,0.0015031443648887688,5133,8,Lauderdale,Tennessee,0.003032600454890068,both,0.15031443648887688,0.15031443648887688,0.3032600454890068,0.3032600454890068,0.0,0.0,0.0,0.0,0.14-0.23,0.14-0.23,0.24-0.57,0.24-0.57,True,True,0.0,0.0
47099,0.0004070750318479974,10273.0,5.0,29839.0,-0.00035298270384751147,0.0004070750318479974,10273,5,Lawrence,Tennessee,-0.00035298270384751147,both,0.04070750318479974,0.04070750318479974,-0.03529827038475115,-0.03529827038475115,0.0,0.0,0.0,0.0,0-0.06,0-0.06,-0.12-0,-0.12-0,True,True,0.0,0.0
47101,0.0006369426751592357,1291.0,1.0,8743.0,0.0031645569620253164,0.0006369426751592357,1291,1,Lewis,Tennessee,0.0031645569620253164,both,0.06369426751592358,0.06369426751592358,0.31645569620253167,0.31645569620253167,0.0,0.0,0.0,0.0,0.06-0.14,0.06-0.14,0.24-0.57,0.24-0.57,True,True,0.0,0.0
47103,0.0013805822256350345,9644.0,22.0,24770.0,0.005535055350553505,0.0013805822256350345,9644,22,Lincoln,Tennessee,0.005535055350553505,both,0.13805822256350345,0.13805822256350345,0.5535055350553505,0.5535055350553505,0.0,0.0,0.0,0.0,0.06-0.14,0.06-0.14,0.24-0.57,0.24-0.57,True,True,0.0,0.0
47105,0.0030090696221146515,22252.0,81.0,41137.0,0.003562117526252481,0.0030090696221146515,22252,81,Loudon,Tennessee,0.003562117526252481,both,0.3009069622114652,0.3009069622114652,0.35621175262524807,0.35621175262524807,0.0,0.0,0.0,0.0,0.23-0.37,0.23-0.37,0.24-0.57,0.24-0.57,True,True,0.0,0.0
47107,0.0005111174534514993,24237.0,14.0,37686.0,0.0004158267316799911,0.0005111174534514993,24237,14,McMinn,Tennessee,0.0004158267316799911,both,0.05111174534514993,0.05111174534514993,0.041582673167999115,0.041582673167999115,0.0,0.0,0.0,0.0,0-0.06,0-0.06,0-0.09,0-0.09,True,True,0.0,0.0
47109,0.0005221932114882506,3914.0,2.0,18281.0,0.00258732212160414,0.0005221932114882506,3914,2,McNairy,Tennessee,0.00258732212160414,both,0.05221932114882506,0.05221932114882506,0.258732212160414,0.258732212160414,0.0,0.0,0.0,0.0,0-0.06,0-0.06,0.24-0.57,0.24-0.57,True,True,0.0,0.0
47111,0.0036419938208521727,3611.0,19.0,16887.0,0.015803336259877086,0.0036419938208521727,3611,19,Macon,Tennessee,0.015803336259877086,both,0.3641993820852173,0.3641993820852173,1.5803336259877085,1.5803336259877085,0.0,0.0,0.0,0.0,0.23-0.37,0.23-0.37,0.57+,0.57+,True,True,0.0,0.0
47113,0.001503441364827505,52826.0,83.0,66475.0,0.0010586923490832326,0.001503441364827505,52826,83,Madison,Tennessee,0.0010586923490832326,both,0.1503441364827505,0.1503441364827505,0.10586923490832326,0.10586923490832326,0.0,0.0,0.0,0.0,0.14-0.23,0.14-0.23,0.09-0.24,0.09-0.24,True,True,0.0,0.0
47115,0.0009999812668610281,9409.0,13.0,20693.0,0.0018472906403940886,0.0009999812668610281,9409,13,Marion,Tennessee,0.0018472906403940886,both,0.0999981266861028,0.0999981266861028,0.18472906403940886,0.18472906403940886,0.0,0.0,0.0,0.0,0.06-0.14,0.06-0.14,0.09-0.24,0.09-0.24,True,True,0.0,0.0
47117,0.0035238299610589165,12330.0,29.0,23527.0,-0.0012304207096878262,0.0035238299610589165,12330,29,Marshall,Tennessee,-0.0012304207096878262,both,0.35238299610589163,0.35238299610589163,-0.12304207096878261,-0.12304207096878261,0.0,0.0,0.0,0.0,0.23-0.37,0.23-0.37,<-0.12,<-0.12,True,True,0.0,0.0
47119,0.002770158709302033,52073.0,181.0,70957.0,0.006181126596988824,0.002770158709302033,52073,181,Maury,Tennessee,0.006181126596988824,both,0.2770158709302033,0.2770158709302033,0.6181126596988824,0.6181126596988824,0.0,0.0,0.0,0.0,0.23-0.37,0.23-0.37,0.57+,0.57+,True,True,0.0,0.0
47121,0.002591378053371272,2099.0,4.0,9322.0,0.0012062726176115801,0.002591378053371272,2099,4,Meigs,Tennessee,0.0012062726176115801,both,0.2591378053371272,0.2591378053371272,0.12062726176115801,0.12062726176115801,0.0,0.0,0.0,0.0,0.23-0.37,0.23-0.37,0.09-0.24,0.09-0.24,True,True,0.0,0.0
47123,0.0004918361018542413,13291.0,9.0,33502.0,-5.3567891446602866e-05,0.0004918361018542413,13291,9,Monroe,Tennessee,-5.3567891446602866e-05,both,0.04918361018542414,0.04918361018542414,-0.005356789144660286,-0.005356789144660286,0.0,0.0,0.0,0.0,0-0.06,0-0.06,-0.12-0,-0.12-0,True,True,0.0,0.0
47125,0.0035275175870131646,98422.0,396.0,137996.0,0.0024157584511232287,0.0035275175870131646,98422,396,Montgomery,Tennessee,0.0024157584511232287,both,0.3527517587013165,0.3527517587013165,0.24157584511232286,0.24157584511232286,0.0,0.0,0.0,0.0,0.23-0.37,0.23-0.37,0.24-0.57,0.24-0.57,True,True,0.0,0.0
47127,0.0004329004329004329,1699.0,1.0,4787.0,0.0,0.0004329004329004329,1699,1,Moore,Tennessee,0.0,both,0.04329004329004329,0.04329004329004329,0.0,0.0,0.0,0.0,0.0,0.0,0-0.06,0-0.06,-0.12-0,-0.12-0,True,True,0.0,0.0
47129,0.010960370313279255,3037.0,51.0,15303.0,0.038525762421518325,0.010960370313279255,3037,51,Morgan,Tennessee,0.038525762421518325,both,1.0960370313279255,1.0960370313279255,3.8525762421518324,3.8525762421518324,0.0,0.0,0.0,0.0,0.70+,0.70+,0.57+,0.57+,True,True,0.0,0.0
47131,0.005662180593478083,8108.0,50.0,21643.0,0.005621486570893191,0.005662180593478083,8108,50,Obion,Tennessee,0.005621486570893191,both,0.5662180593478083,0.5662180593478083,0.5621486570893192,0.5621486570893192,0.0,0.0,0.0,0.0,0.37-0.70,0.37-0.70,0.24-0.57,0.24-0.57,True,True,0.0,0.0
47133,0.0012781361235363017,6110.0,10.0,15952.0,0.0,0.0012781361235363017,6110,10,Overton,Tennessee,0.0,both,0.12781361235363017,0.12781361235363017,0.0,0.0,0.0,0.0,0.0,0.0,0.06-0.14,0.06-0.14,-0.12-0,-0.12-0,True,True,0.0,0.0
47135,0.0,845.0,0.0,5793.0,0.0,0.0,845,0,Perry,Tennessee,0.0,both,0.0,0.0,0.0,0.0,0.0,0.0,0.0,0.0,0-0.06,0-0.06,-0.12-0,-0.12-0,True,True,0.0,0.0
47137,0.0,521.0,0.0,3784.0,0.0,0.0,521,0,Pickett,Tennessee,0.0,both,0.0,0.0,0.0,0.0,0.0,0.0,0.0,0.0,0-0.06,0-0.06,-0.12-0,-0.12-0,True,True,0.0,0.0
47139,0.0011623325453112687,2795.0,2.0,12893.0,0.0,0.0011623325453112687,2795,2,Polk,Tennessee,0.0,both,0.11623325453112687,0.11623325453112687,0.0,0.0,0.0,0.0,0.0,0.0,0.06-0.14,0.06-0.14,-0.12-0,-0.12-0,True,True,0.0,0.0
47141,0.0050396162983711145,31254.0,158.0,51667.0,0.0013924072095901794,0.0050396162983711145,31254,158,Putnam,Tennessee,0.0013924072095901794,both,0.5039616298371115,0.5039616298371115,0.13924072095901793,0.13924072095901793,0.0,0.0,0.0,0.0,0.37-0.70,0.37-0.70,0.09-0.24,0.09-0.24,True,True,0.0,0.0
47143,0.0022563478947412235,9764.0,20.0,22843.0,-0.0007886058404626489,0.0022563478947412235,9764,20,Rhea,Tennessee,-0.0007886058404626489,both,0.22563478947412235,0.22563478947412235,-0.07886058404626489,-0.07886058404626489,0.0,0.0,0.0,0.0,0.14-0.23,0.14-0.23,-0.12-0,-0.12-0,True,True,0.0,0.0
47145,0.001729464813104915,16450.0,28.0,39812.0,0.0013419616409670104,0.001729464813104915,16450,28,Roane,Tennessee,0.0013419616409670104,both,0.1729464813104915,0.1729464813104915,0.13419616409670104,0.13419616409670104,0.0,0.0,0.0,0.0,0.14-0.23,0.14-0.23,0.09-0.24,0.09-0.24,True,True,0.0,0.0
47147,0.0014269035838453056,36289.0,71.0,50350.0,0.0020399641843735087,0.0014269035838453056,36289,71,Robertson,Tennessee,0.0020399641843735087,both,0.14269035838453056,0.14269035838453056,0.20399641843735086,0.20399641843735086,0.0,0.0,0.0,0.0,0.14-0.23,0.14-0.23,0.09-0.24,0.09-0.24,True,True,0.0,0.0
47149,0.0021341763662434616,238250.0,569.0,217950.0,0.001548264316363496,0.0021341763662434616,238250,569,Rutherford,Tennessee,0.001548264316363496,both,0.21341763662434615,0.21341763662434615,0.1548264316363496,0.1548264316363496,0.0,0.0,0.0,0.0,0.14-0.23,0.14-0.23,0.09-0.24,0.09-0.24,True,True,0.0,0.0
47151,0.006375424058065328,3309.0,29.0,14918.0,0.021486123545210387,0.006375424058065328,3309,29,Scott,Tennessee,0.021486123545210387,both,0.6375424058065328,0.6375424058065328,2.1486123545210387,2.1486123545210387,0.0,0.0,0.0,0.0,0.37-0.70,0.37-0.70,0.57+,0.57+,True,True,0.0,0.0
47153,0.0007613890678392788,3401.0,3.0,11627.0,-0.0012192343454620466,0.0007613890678392788,3401,3,Sequatchie,Tennessee,-0.0012192343454620466,both,0.07613890678392787,0.07613890678392787,-0.12192343454620466,-0.12192343454620466,0.0,0.0,0.0,0.0,0.06-0.14,0.06-0.14,<-0.12,<-0.12,True,True,0.0,0.0
47155,0.0003422431330728397,62986.0,27.0,71045.0,0.0006189591963052897,0.0003422431330728397,62986,27,Sevier,Tennessee,0.0006189591963052897,both,0.03422431330728397,0.03422431330728397,0.06189591963052897,0.06189591963052897,0.0,0.0,0.0,0.0,0-0.06,0-0.06,0-0.09,0-0.09,True,True,0.0,0.0
47157,0.008868199186442507,938127.0,9711.0,610776.0,0.008360674870035178,0.008868199186442507,938127,9711,Shelby,Tennessee,0.008360674870035178,both,0.8868199186442507,0.8868199186442507,0.8360674870035177,0.8360674870035177,0.0,0.0,0.0,0.0,0.70+,0.70+,0.57+,0.57+,True,True,0.0,0.0
47159,0.00010787486515641854,7127.0,1.0,14009.0,0.0005120327700972862,0.00010787486515641854,7127,1,Smith,Tennessee,0.0005120327700972862,both,0.010787486515641855,0.010787486515641855,0.051203277009728626,0.051203277009728626,0.0,0.0,0.0,0.0,0-0.06,0-0.06,0-0.09,0-0.09,True,True,0.0,0.0
47161,0.003646977316898989,2761.0,8.0,9715.0,-0.0019193857965451055,0.003646977316898989,2761,8,Stewart,Tennessee,-0.0019193857965451055,both,0.3646977316898989,0.3646977316898989,-0.19193857965451055,-0.19193857965451055,0.0,0.0,0.0,0.0,0.23-0.37,0.23-0.37,<-0.12,<-0.12,True,True,0.0,0.0
47163,0.0025497890687214133,72665.0,205.0,116111.0,-0.003231600987575342,0.0025497890687214133,72665,205,Sullivan,Tennessee,-0.003231600987575342,both,0.2549789068721413,0.2549789068721413,-0.3231600987575342,-0.3231600987575342,0.0,0.0,0.0,0.0,0.23-0.37,0.23-0.37,<-0.12,<-0.12,True,True,0.0,0.0
47165,0.0015808455794099196,109503.0,188.0,135793.0,0.0016370565338355576,0.0015808455794099196,109503,188,Sumner,Tennessee,0.0016370565338355576,both,0.15808455794099197,0.15808455794099197,0.16370565338355575,0.16370565338355575,0.0,0.0,0.0,0.0,0.14-0.23,0.14-0.23,0.09-0.24,0.09-0.24,True,True,0.0,0.0
47167,0.00024077413758747667,13974.0,4.0,41274.0,0.0005431830526887561,0.00024077413758747667,13974,4,Tipton,Tennessee,0.0005431830526887561,both,0.024077413758747668,0.024077413758747668,0.05431830526887561,0.05431830526887561,0.0,0.0,0.0,0.0,0-0.06,0-0.06,0-0.09,0-0.09,True,True,0.0,0.0
47169,0.0004716981132075472,3154.0,2.0,8371.0,0.0020876826722338203,0.0004716981132075472,3154,2,Trousdale,Tennessee,0.0020876826722338203,both,0.04716981132075472,0.04716981132075472,0.20876826722338201,0.20876826722338201,0.0,0.0,0.0,0.0,0-0.06,0-0.06,0.09-0.24,0.09-0.24,True,True,0.0,0.0
47171,0.009052416247340005,4643.0,43.0,13289.0,8.190008190008154e-05,0.009052416247340005,4643,43,Unicoi,Tennessee,8.190008190008154e-05,both,0.9052416247340005,0.9052416247340005,0.008190008190008154,0.008190008190008154,0.0,0.0,0.0,0.0,0.70+,0.70+,0-0.09,0-0.09,True,True,0.0,0.0
47173,0.0023706896551724138,2897.0,10.0,14064.0,0.010011123470522803,0.0023706896551724138,2897,10,Union,Tennessee,0.010011123470522803,both,0.23706896551724138,0.23706896551724138,1.0011123470522802,1.0011123470522802,0.0,0.0,0.0,0.0,0.23-0.37,0.23-0.37,0.57+,0.57+,True,True,0.0,0.0
47175,0.0,777.0,0.0,4588.0,0.0,0.0,777,0,Van Buren,Tennessee,0.0,both,0.0,0.0,0.0,0.0,0.0,0.0,0.0,0.0,0-0.06,0-0.06,-0.12-0,-0.12-0,True,True,0.0,0.0
47177,0.0006564713050041511,9403.0,7.0,28286.0,0.00036088054853843375,0.0006564713050041511,9403,7,Warren,Tennessee,0.00036088054853843375,both,0.06564713050041511,0.06564713050041511,0.03608805485384337,0.03608805485384337,0.0,0.0,0.0,0.0,0.06-0.14,0.06-0.14,0-0.09,0-0.09,True,True,0.0,0.0
47179,0.0030065634906384074,57332.0,168.0,91259.0,0.002295195215478636,0.0030065634906384074,57332,168,Washington,Tennessee,0.002295195215478636,both,0.30065634906384076,0.30065634906384076,0.22951952154786362,0.22951952154786362,0.0,0.0,0.0,0.0,0.23-0.37,0.23-0.37,0.09-0.24,0.09-0.24,True,True,0.0,0.0
47181,0.0,2088.0,0.0,12219.0,0.0,0.0,2088,0,Wayne,Tennessee,0.0,both,0.0,0.0,0.0,0.0,0.0,0.0,0.0,0.0,0-0.06,0-0.06,-0.12-0,-0.12-0,True,True,0.0,0.0
47183,0.0013989959205299638,7835.0,11.0,21122.0,0.0004011415221694516,0.0013989959205299638,7835,11,Weakley,Tennessee,0.0004011415221694516,both,0.13989959205299637,0.13989959205299637,0.040114152216945156,0.040114152216945156,0.0,0.0,0.0,0.0,0.06-0.14,0.06-0.14,0-0.09,0-0.09,True,True,0.0,0.0
47185,0.0006770087342376498,4968.0,5.0,19417.0,0.0012944983818770227,0.0006770087342376498,4968,5,White,Tennessee,0.0012944983818770227,both,0.06770087342376499,0.06770087342376499,0.12944983818770225,0.12944983818770225,0.0,0.0,0.0,0.0,0.06-0.14,0.06-0.14,0.09-0.24,0.09-0.24,True,True,0.0,0.0
47187,0.014894234133005502,324699.0,5152.0,163046.0,0.0004287873958637601,0.014894234133005502,324699,5152,Williamson,Tennessee,0.0004287873958637601,both,1.4894234133005502,1.4894234133005502,0.04287873958637601,0.04287873958637601,0.0,0.0,0.0,0.0,0.70+,0.70+,0-0.09,0-0.09,True,True,0.0,0.0
47189,0.0014142392008678075,100367.0,174.0,102516.0,0.0015802095622303508,0.0014142392008678075,100367,174,Wilson,Tennessee,0.0015802095622303508,both,0.14142392008678076,0.14142392008678076,0.15802095622303508,0.15802095622303508,0.0,0.0,0.0,0.0,0.14-0.23,0.14-0.23,0.09-0.24,0.09-0.24,True,True,0.0,0.0
47999,,,,,,0.015562339419948498,148209,3399,"[Tennessee, county not reported]",Tennessee,0.025880142536519844,right_only,,1.5562339419948497,,2.5880142536519846,,,,,No data,0.70+,No data,0.57+,False,False,,
48001,0.0007617471187232185,21937.0,22.0,42436.0,0.0011518048273495378,0.0007617471187232185,21937,22,Anderson,Texas,0.0011518048273495378,both,0.07617471187232186,0.07617471187232186,0.11518048273495378,0.11518048273495378,0.0,0.0,0.0,0.0,0.06-0.14,0.06-0.14,0.09-0.24,0.09-0.24,True,True,0.0,0.0
48003,0.0037434600164707177,5294.0,21.0,11043.0,-0.0002802709978339552,0.0037434600164707177,5294,21,Andrews,Texas,-0.0002802709978339552,both,0.37434600164707177,0.37434600164707177,-0.028027099783395522,-0.028027099783395522,0.0,0.0,0.0,0.0,0.37-0.70,0.37-0.70,-0.12-0,-0.12-0,True,True,0.0,0.0
48005,0.002371433512810071,33450.0,81.0,56714.0,0.001908970614359953,0.002371433512810071,33450,81,Angelina,Texas,0.001908970614359953,both,0.23714335128100708,0.23714335128100708,0.1908970614359953,0.1908970614359953,0.0,0.0,0.0,0.0,0.23-0.37,0.23-0.37,0.09-0.24,0.09-0.24,True,True,0.0,0.0
48007,0.0004503546099290781,6728.0,5.0,19026.0,0.0,0.0004503546099290781,6728,5,Aransas,Texas,0.0,both,0.04503546099290781,0.04503546099290781,0.0,0.0,0.0,0.0,0.0,0.0,0-0.06,0-0.06,-0.12-0,-0.12-0,True,True,0.0,0.0
48009,0.00661933396121616,969.0,10.0,6034.0,0.011560693641618497,0.00661933396121616,969,10,Archer,Texas,0.011560693641618497,both,0.6619333961216161,0.6619333961216161,1.1560693641618496,1.1560693641618496,0.0,0.0,0.0,0.0,0.37-0.70,0.37-0.70,0.57+,0.57+,True,True,0.0,0.0
48011,0.0,769.0,0.0,1331.0,0.0,0.0,769,0,Armstrong,Texas,0.0,both,0.0,0.0,0.0,0.0,0.0,0.0,0.0,0.0,0-0.06,0-0.06,-0.12-0,-0.12-0,True,True,0.0,0.0
48013,0.015345879371599494,19443.0,369.0,31538.0,0.019089956558862912,0.015345879371599494,19443,369,Atascosa,Texas,0.019089956558862912,both,1.5345879371599493,1.5345879371599493,1.9089956558862913,1.9089956558862913,0.0,0.0,0.0,0.0,0.70+,0.70+,0.57+,0.57+,True,True,0.0,0.0
48015,0.006429212058730328,8747.0,69.0,20958.0,0.01524818603262087,0.006429212058730328,8747,69,Austin,Texas,0.01524818603262087,both,0.6429212058730328,0.6429212058730328,1.524818603262087,1.524818603262087,0.0,0.0,0.0,0.0,0.37-0.70,0.37-0.70,0.57+,0.57+,True,True,0.0,0.0
48017,0.0,1112.0,0.0,4342.0,0.0,0.0,1112,0,Bailey,Texas,0.0,both,0.0,0.0,0.0,0.0,0.0,0.0,0.0,0.0,0-0.06,0-0.06,-0.12-0,-0.12-0,True,True,0.0,0.0
48019,0.0025808580395160277,2605.0,12.0,16279.0,0.01015228426395939,0.0025808580395160277,2605,12,Bandera,Texas,0.01015228426395939,both,0.25808580395160274,0.25808580395160274,1.015228426395939,1.015228426395939,0.0,0.0,0.0,0.0,0.23-0.37,0.23-0.37,0.57+,0.57+,True,True,0.0,0.0
48021,0.00346506891023122,34423.0,195.0,64589.0,0.011915495851456114,0.00346506891023122,34423,195,Bastrop,Texas,0.011915495851456114,both,0.346506891023122,0.346506891023122,1.1915495851456115,1.1915495851456115,0.0,0.0,0.0,0.0,0.23-0.37,0.23-0.37,0.57+,0.57+,True,True,0.0,0.0
48023,0.0,841.0,0.0,2468.0,0.0,0.0,841,0,Baylor,Texas,0.0,both,0.0,0.0,0.0,0.0,0.0,0.0,0.0,0.0,0-0.06,0-0.06,-0.12-0,-0.12-0,True,True,0.0,0.0
48025,0.00038197638121799783,7619.0,3.0,21600.0,0.0004266211604095563,0.00038197638121799783,7619,3,Bee,Texas,0.0004266211604095563,both,0.038197638121799785,0.038197638121799785,0.042662116040955635,0.042662116040955635,0.0,0.0,0.0,0.0,0-0.06,0-0.06,0-0.09,0-0.09,True,True,0.0,0.0
48027,0.0031115098693498366,207289.0,769.0,227732.0,0.004495633998512503,0.0031115098693498366,207289,769,Bell,Texas,0.004495633998512503,both,0.31115098693498366,0.31115098693498366,0.4495633998512503,0.4495633998512503,0.0,0.0,0.0,0.0,0.23-0.37,0.23-0.37,0.24-0.57,0.24-0.57,True,True,0.0,0.0
48029,0.01509319575819831,1595439.0,26454.0,1297977.0,0.0042988259653801465,0.01509319575819831,1595439,26454,Bexar,Texas,0.0042988259653801465,both,1.509319575819831,1.509319575819831,0.42988259653801464,0.42988259653801464,0.0,0.0,0.0,0.0,0.70+,0.70+,0.24-0.57,0.24-0.57,True,True,0.0,0.0
48031,0.006304162675934743,7435.0,63.0,8849.0,-0.00782363336375679,0.006304162675934743,7435,63,Blanco,Texas,-0.00782363336375679,both,0.6304162675934744,0.6304162675934744,-0.782363336375679,-0.782363336375679,0.0,0.0,0.0,0.0,0.37-0.70,0.37-0.70,<-0.12,<-0.12,True,True,0.0,0.0
48033,0.013888888888888888,79.0,1.0,439.0,0.07692307692307693,0.013888888888888888,79,1,Borden,Texas,0.07692307692307693,both,1.3888888888888888,1.3888888888888888,7.6923076923076925,7.6923076923076925,0.0,0.0,0.0,0.0,0.70+,0.70+,0.57+,0.57+,True,True,0.0,0.0
48035,0.007180271010111895,4376.0,51.0,13281.0,0.02893855394711675,0.007180271010111895,4376,51,Bosque,Texas,0.02893855394711675,both,0.7180271010111895,0.7180271010111895,2.8938553947116747,2.8938553947116747,0.0,0.0,0.0,0.0,0.70+,0.70+,0.57+,0.57+,True,True,0.0,0.0
48037,0.006260433370288518,43990.0,355.0,62699.0,0.02533796470960664,0.006260433370288518,43990,355,Bowie,Texas,0.02533796470960664,both,0.6260433370288518,0.6260433370288518,2.533796470960664,2.533796470960664,0.0,0.0,0.0,0.0,0.37-0.70,0.37-0.70,0.57+,0.57+,True,True,0.0,0.0
48039,0.0024645492394334712,152740.0,451.0,245242.0,0.0029410058879048876,0.0024645492394334712,152740,451,Brazoria,Texas,0.0029410058879048876,both,0.24645492394334712,0.24645492394334712,0.2941005887904888,0.2941005887904888,0.0,0.0,0.0,0.0,0.23-0.37,0.23-0.37,0.24-0.57,0.24-0.57,True,True,0.0,0.0
48041,0.005809668984367844,175843.0,1164.0,123121.0,0.00594717175038049,0.005809668984367844,175843,1164,Brazos,Texas,0.00594717175038049,both,0.5809668984367844,0.5809668984367844,0.594717175038049,0.594717175038049,0.0,0.0,0.0,0.0,0.37-0.70,0.37-0.70,0.57+,0.57+,True,True,0.0,0.0
48043,0.0009182067539008048,3602.0,3.0,7149.0,0.00010472452616179777,0.0009182067539008048,3602,3,Brewster,Texas,0.00010472452616179777,both,0.09182067539008049,0.09182067539008049,0.010472452616179777,0.010472452616179777,0.0,0.0,0.0,0.0,0.06-0.14,0.06-0.14,0-0.09,0-0.09,True,True,0.0,0.0
48045,0.0,201.0,0.0,978.0,0.0,0.0,201,0,Briscoe,Texas,0.0,both,0.0,0.0,0.0,0.0,0.0,0.0,0.0,0.0,0-0.06,0-0.06,-0.12-0,-0.12-0,True,True,0.0,0.0
48047,0.004306526806526807,1478.0,7.0,4914.0,0.01064213564213564,0.004306526806526807,1478,7,Brooks,Texas,0.01064213564213564,both,0.4306526806526807,0.4306526806526807,1.064213564213564,1.064213564213564,0.0,0.0,0.0,0.0,0.37-0.70,0.37-0.70,0.57+,0.57+,True,True,0.0,0.0
48049,0.000881008876681482,13963.0,12.0,26536.0,0.0006687090319579308,0.000881008876681482,13963,12,Brown,Texas,0.0006687090319579308,both,0.0881008876681482,0.0881008876681482,0.06687090319579309,0.06687090319579309,0.0,0.0,0.0,0.0,0.06-0.14,0.06-0.14,0-0.09,0-0.09,True,True,0.0,0.0
48051,0.0021161119616682302,4782.0,16.0,12878.0,0.006432748538011696,0.0021161119616682302,4782,16,Burleson,Texas,0.006432748538011696,both,0.21161119616682303,0.21161119616682303,0.6432748538011697,0.6432748538011697,0.0,0.0,0.0,0.0,0.14-0.23,0.14-0.23,0.57+,0.57+,True,True,0.0,0.0
48053,0.0010640813345434122,24371.0,32.0,35526.0,0.0017872020000816056,0.0010640813345434122,24371,32,Burnet,Texas,0.0017872020000816056,both,0.10640813345434122,0.10640813345434122,0.17872020000816055,0.17872020000816055,0.0,0.0,0.0,0.0,0.06-0.14,0.06-0.14,0.09-0.24,0.09-0.24,True,True,0.0,0.0
48055,0.0013601784919417598,12368.0,18.0,30562.0,0.0013347570742124934,0.0013601784919417598,12368,18,Caldwell,Texas,0.0013347570742124934,both,0.13601784919417598,0.13601784919417598,0.13347570742124934,0.13347570742124934,0.0,0.0,0.0,0.0,0.06-0.14,0.06-0.14,0.09-0.24,0.09-0.24,True,True,0.0,0.0
48057,0.0015979009447849193,6245.0,10.0,13619.0,-0.0006590737046335061,0.0015979009447849193,6245,10,Calhoun,Texas,-0.0006590737046335061,both,0.15979009447849193,0.15979009447849193,-0.06590737046335061,-0.06590737046335061,0.0,0.0,0.0,0.0,0.14-0.23,0.14-0.23,-0.12-0,-0.12-0,True,True,0.0,0.0
48059,0.0008635314335532117,3036.0,4.0,9723.0,0.0008984725965858042,0.0008635314335532117,3036,4,Callahan,Texas,0.0008984725965858042,both,0.08635314335532117,0.08635314335532117,0.08984725965858043,0.08984725965858043,0.0,0.0,0.0,0.0,0.06-0.14,0.06-0.14,0-0.09,0-0.09,True,True,0.0,0.0
48061,0.00239123336111946,147924.0,423.0,250129.0,0.0025447910044477497,0.00239123336111946,147924,423,Cameron,Texas,0.0025447910044477497,both,0.23912333611194597,0.23912333611194597,0.25447910044477495,0.25447910044477495,0.0,0.0,0.0,0.0,0.23-0.37,0.23-0.37,0.24-0.57,0.24-0.57,True,True,0.0,0.0
48063,0.004671831251480854,3091.0,16.0,8192.0,0.009966777408637873,0.004671831251480854,3091,16,Camp,Texas,0.009966777408637873,both,0.4671831251480854,0.4671831251480854,0.9966777408637874,0.9966777408637874,0.0,0.0,0.0,0.0,0.37-0.70,0.37-0.70,0.57+,0.57+,True,True,0.0,0.0
48065,0.0019174143691324673,1775.0,4.0,3905.0,-0.0006489210097719868,0.0019174143691324673,1775,4,Carson,Texas,-0.0006489210097719868,both,0.19174143691324674,0.19174143691324674,-0.06489210097719868,-0.06489210097719868,0.0,0.0,0.0,0.0,0.14-0.23,0.14-0.23,-0.12-0,-0.12-0,True,True,0.0,0.0
48067,0.019659123845696284,8691.0,200.0,20037.0,0.014917503701415593,0.019659123845696284,8691,200,Cass,Texas,0.014917503701415593,both,1.9659123845696285,1.9659123845696285,1.4917503701415593,1.4917503701415593,0.0,0.0,0.0,0.0,0.70+,0.70+,0.57+,0.57+,True,True,0.0,0.0
48069,0.0009569377990430621,1001.0,2.0,4499.0,0.0,0.0009569377990430621,1001,2,Castro,Texas,0.0,both,0.0956937799043062,0.0956937799043062,0.0,0.0,0.0,0.0,0.0,0.0,0.06-0.14,0.06-0.14,-0.12-0,-0.12-0,True,True,0.0,0.0
48071,0.003838220113573798,20024.0,79.0,29931.0,0.0019103304626028631,0.003838220113573798,20024,79,Chambers,Texas,0.0019103304626028631,both,0.3838220113573798,0.3838220113573798,0.1910330462602863,0.1910330462602863,0.0,0.0,0.0,0.0,0.37-0.70,0.37-0.70,0.09-0.24,0.09-0.24,True,True,0.0,0.0
48073,0.0015424302639530222,13142.0,27.0,33407.0,0.0023670575099775035,0.0015424302639530222,13142,27,Cherokee,Texas,0.0023670575099775035,both,0.1542430263953022,0.1542430263953022,0.23670575099775035,0.23670575099775035,0.0,0.0,0.0,0.0,0.14-0.23,0.14-0.23,0.09-0.24,0.09-0.24,True,True,0.0,0.0
48075,0.006619281619281619,1774.0,14.0,4993.0,-0.009287925696594427,0.006619281619281619,1774,14,Childress,Texas,-0.009287925696594427,both,0.661928161928162,0.661928161928162,-0.9287925696594427,-0.9287925696594427,0.0,0.0,0.0,0.0,0.37-0.70,0.37-0.70,<-0.12,<-0.12,True,True,0.0,0.0
48077,0.012975969440575299,1600.0,25.0,7534.0,-0.001021958293053446,0.012975969440575299,1600,25,Clay,Texas,-0.001021958293053446,both,1.29759694405753,1.29759694405753,-0.1021958293053446,-0.1021958293053446,0.0,0.0,0.0,0.0,0.70+,0.70+,-0.12-0,-0.12-0,True,True,0.0,0.0
48079,0.0,423.0,0.0,1689.0,0.0,0.0,423,0,Cochran,Texas,0.0,both,0.0,0.0,0.0,0.0,0.0,0.0,0.0,0.0,0-0.06,0-0.06,-0.12-0,-0.12-0,True,True,0.0,0.0
48081,0.0005263157894736842,1001.0,1.0,2385.0,-0.0036231884057971015,0.0005263157894736842,1001,1,Coke,Texas,-0.0036231884057971015,both,0.05263157894736842,0.05263157894736842,-0.36231884057971014,-0.36231884057971014,0.0,0.0,0.0,0.0,0-0.06,0-0.06,<-0.12,<-0.12,True,True,0.0,0.0
48083,0.00043859649122807013,1555.0,1.0,5588.0,0.0,0.00043859649122807013,1555,1,Coleman,Texas,0.0,both,0.043859649122807015,0.043859649122807015,0.0,0.0,0.0,0.0,0.0,0.0,0-0.06,0-0.06,-0.12-0,-0.12-0,True,True,0.0,0.0
48085,0.04439360332819272,1054540.0,52842.0,711181.0,0.013562814391187207,0.04439360332819272,1054540,52842,Collin,Texas,0.013562814391187207,both,4.439360332819272,4.439360332819272,1.3562814391187208,1.3562814391187208,0.0,0.0,0.0,0.0,0.70+,0.70+,0.57+,0.57+,True,True,0.0,0.0
48087,0.0,450.0,0.0,1786.0,0.0,0.0,450,0,Collingsworth,Texas,0.0,both,0.0,0.0,0.0,0.0,0.0,0.0,0.0,0.0,0-0.06,0-0.06,-0.12-0,-0.12-0,True,True,0.0,0.0
48089,0.007933076250879282,5074.0,41.0,14013.0,0.006758999896254798,0.007933076250879282,5074,41,Colorado,Texas,0.006758999896254798,both,0.7933076250879282,0.7933076250879282,0.6758999896254798,0.6758999896254798,0.0,0.0,0.0,0.0,0.70+,0.70+,0.57+,0.57+,True,True,0.0,0.0
48091,0.00347970263798155,83497.0,351.0,115639.0,0.0037498634839753077,0.00347970263798155,83497,351,Comal,Texas,0.0037498634839753077,both,0.347970263798155,0.347970263798155,0.37498634839753076,0.37498634839753076,0.0,0.0,0.0,0.0,0.23-0.37,0.23-0.37,0.24-0.57,0.24-0.57,True,True,0.0,0.0
48093,0.0006160164271047228,1975.0,3.0,9615.0,0.004518072289156626,0.0006160164271047228,1975,3,Comanche,Texas,0.004518072289156626,both,0.06160164271047228,0.06160164271047228,0.4518072289156626,0.4518072289156626,0.0,0.0,0.0,0.0,0.06-0.14,0.06-0.14,0.24-0.57,0.24-0.57,True,True,0.0,0.0
48095,0.0,1032.0,0.0,2474.0,0.0,0.0,1032,0,Concho,Texas,0.0,both,0.0,0.0,0.0,0.0,0.0,0.0,0.0,0.0,0-0.06,0-0.06,-0.12-0,-0.12-0,True,True,0.0,0.0
48097,0.0011876126172424557,13463.0,22.0,28556.0,0.004007012271475081,0.0011876126172424557,13463,22,Cooke,Texas,0.004007012271475081,both,0.11876126172424557,0.11876126172424557,0.4007012271475081,0.4007012271475081,0.0,0.0,0.0,0.0,0.06-0.14,0.06-0.14,0.24-0.57,0.24-0.57,True,True,0.0,0.0
48099,0.0011397910277587075,13915.0,21.0,52395.0,0.0007022882957219058,0.0011397910277587075,13915,21,Coryell,Texas,0.0007022882957219058,both,0.11397910277587074,0.11397910277587074,0.07022882957219058,0.07022882957219058,0.0,0.0,0.0,0.0,0.06-0.14,0.06-0.14,0-0.09,0-0.09,True,True,0.0,0.0
48101,0.0,187.0,0.0,1097.0,0.0,0.0,187,0,Cottle,Texas,0.0,both,0.0,0.0,0.0,0.0,0.0,0.0,0.0,0.0,0-0.06,0-0.06,-0.12-0,-0.12-0,True,True,0.0,0.0
48103,0.006142328820141284,1966.0,10.0,2894.0,0.0019047619047619048,0.006142328820141284,1966,10,Crane,Texas,0.0019047619047619048,both,0.6142328820141284,0.6142328820141284,0.19047619047619047,0.19047619047619047,0.0,0.0,0.0,0.0,0.37-0.70,0.37-0.70,0.09-0.24,0.09-0.24,True,True,0.0,0.0
48105,0.0017857142857142857,588.0,1.0,2344.0,0.007246376811594203,0.0017857142857142857,588,1,Crockett,Texas,0.007246376811594203,both,0.17857142857142858,0.17857142857142858,0.7246376811594203,0.7246376811594203,0.0,0.0,0.0,0.0,0.14-0.23,0.14-0.23,0.57+,0.57+,True,True,0.0,0.0
48107,0.0069767441860465115,1219.0,18.0,3413.0,0.045454545454545456,0.0069767441860465115,1219,18,Crosby,Texas,0.045454545454545456,both,0.6976744186046512,0.6976744186046512,4.545454545454546,4.545454545454546,0.0,0.0,0.0,0.0,0.37-0.70,0.37-0.70,0.57+,0.57+,True,True,0.0,0.0
48109,0.0034313725490196082,1465.0,7.0,1688.0,0.016203703703703703,0.0034313725490196082,1465,7,Culberson,Texas,0.016203703703703703,both,0.34313725490196084,0.34313725490196084,1.6203703703703702,1.6203703703703702,0.0,0.0,0.0,0.0,0.23-0.37,0.23-0.37,0.57+,0.57+,True,True,0.0,0.0
48111,0.000953456989190982,3839.0,4.0,4467.0,0.0021598272138228943,0.000953456989190982,3839,4,Dallam,Texas,0.0021598272138228943,both,0.0953456989190982,0.0953456989190982,0.21598272138228944,0.21598272138228944,0.0,0.0,0.0,0.0,0.06-0.14,0.06-0.14,0.09-0.24,0.09-0.24,True,True,0.0,0.0
48113,0.029902603262859862,4106079.0,138222.0,1681632.0,0.012716017205704894,0.029902603262859862,4106079,138222,Dallas,Texas,0.012716017205704894,both,2.9902603262859864,2.9902603262859864,1.2716017205704895,1.2716017205704895,0.0,0.0,0.0,0.0,0.70+,0.70+,0.57+,0.57+,True,True,0.0,0.0
48115,0.0006172839506172839,2036.0,1.0,7853.0,0.0,0.0006172839506172839,2036,1,Dawson,Texas,0.0,both,0.06172839506172839,0.06172839506172839,0.0,0.0,0.0,0.0,0.0,0.0,0.06-0.14,0.06-0.14,-0.12-0,-0.12-0,True,True,0.0,0.0
48117,0.0010098416655142204,5414.0,8.0,10827.0,0.0012966305655836342,0.0010098416655142204,5414,8,Deaf Smith,Texas,0.0012966305655836342,both,0.10098416655142203,0.10098416655142203,0.1296630565583634,0.1296630565583634,0.0,0.0,0.0,0.0,0.06-0.14,0.06-0.14,0.09-0.24,0.09-0.24,True,True,0.0,0.0
48119,0.004137254901960785,1061.0,4.0,3691.0,0.018957345971563982,0.004137254901960785,1061,4,Delta,Texas,0.018957345971563982,both,0.41372549019607846,0.41372549019607846,1.8957345971563981,1.8957345971563981,0.0,0.0,0.0,0.0,0.37-0.70,0.37-0.70,0.57+,0.57+,True,True,0.0,0.0
48121,0.016975525365628734,713932.0,13772.0,611044.0,0.005156436796156988,0.016975525365628734,713932,13772,Denton,Texas,0.005156436796156988,both,1.6975525365628734,1.6975525365628734,0.5156436796156988,0.5156436796156988,0.0,0.0,0.0,0.0,0.70+,0.70+,0.24-0.57,0.24-0.57,True,True,0.0,0.0
48123,0.0008638562281115907,3526.0,3.0,13944.0,-0.0003463019211050707,0.0008638562281115907,3526,3,DeWitt,Texas,-0.0003463019211050707,both,0.08638562281115907,0.08638562281115907,-0.03463019211050707,-0.03463019211050707,0.0,0.0,0.0,0.0,0.06-0.14,0.06-0.14,-0.12-0,-0.12-0,True,True,0.0,0.0
48125,0.0024691358024691358,467.0,2.0,1174.0,0.0136986301369863,0.0024691358024691358,467,2,Dickens,Texas,0.0136986301369863,both,0.24691358024691357,0.24691358024691357,1.36986301369863,1.36986301369863,0.0,0.0,0.0,0.0,0.23-0.37,0.23-0.37,0.57+,0.57+,True,True,0.0,0.0
48127,0.0047190575081813456,3921.0,18.0,5327.0,-0.00549793621999632,0.0047190575081813456,3921,18,Dimmit,Texas,-0.00549793621999632,both,0.4719057508181346,0.4719057508181346,-0.549793621999632,-0.549793621999632,0.0,0.0,0.0,0.0,0.37-0.70,0.37-0.70,<-0.12,<-0.12,True,True,0.0,0.0
48129,0.0,633.0,0.0,2155.0,0.0,0.0,633,0,Donley,Texas,0.0,both,0.0,0.0,0.0,0.0,0.0,0.0,0.0,0.0,0-0.06,0-0.06,-0.12-0,-0.12-0,True,True,0.0,0.0
48131,0.01850273986434779,2050.0,40.0,6380.0,0.03292840633942329,0.01850273986434779,2050,40,Duval,Texas,0.03292840633942329,both,1.8502739864347788,1.8502739864347788,3.292840633942329,3.292840633942329,0.0,0.0,0.0,0.0,0.70+,0.70+,0.57+,0.57+,True,True,0.0,0.0
48133,0.0005696120842671748,4523.0,3.0,12158.0,0.0014781966001478197,0.0005696120842671748,4523,3,Eastland,Texas,0.0014781966001478197,both,0.05696120842671748,0.05696120842671748,0.14781966001478197,0.14781966001478197,0.0,0.0,0.0,0.0,0-0.06,0-0.06,0.09-0.24,0.09-0.24,True,True,0.0,0.0
48135,0.0024333587518848877,123166.0,314.0,96948.0,-0.0009723809003633096,0.0024333587518848877,123166,314,Ector,Texas,-0.0009723809003633096,both,0.24333587518848876,0.24333587518848876,-0.09723809003633097,-0.09723809003633097,0.0,0.0,0.0,0.0,0.23-0.37,0.23-0.37,-0.12-0,-0.12-0,True,True,0.0,0.0
48137,0.0023809523809523807,434.0,1.0,841.0,0.012658227848101266,0.0023809523809523807,434,1,Edwards,Texas,0.012658227848101266,both,0.23809523809523808,0.23809523809523808,1.2658227848101267,1.2658227848101267,0.0,0.0,0.0,0.0,0.23-0.37,0.23-0.37,0.57+,0.57+,True,True,0.0,0.0
48139,0.0015896406981005696,77393.0,181.0,125963.0,0.004461387262734834,0.0015896406981005696,77393,181,Ellis,Texas,0.004461387262734834,both,0.15896406981005695,0.15896406981005695,0.4461387262734834,0.4461387262734834,0.0,0.0,0.0,0.0,0.14-0.23,0.14-0.23,0.24-0.57,0.24-0.57,True,True,0.0,0.0
48141,0.003893156689030509,446869.0,1947.0,535173.0,0.001857914559578472,0.003893156689030509,446869,1947,El Paso,Texas,0.001857914559578472,both,0.3893156689030509,0.3893156689030509,0.1857914559578472,0.1857914559578472,0.0,0.0,0.0,0.0,0.37-0.70,0.37-0.70,0.09-0.24,0.09-0.24,True,True,0.0,0.0
48143,0.0030945633551042366,12732.0,42.0,25212.0,0.0027832646070667707,0.0030945633551042366,12732,42,Erath,Texas,0.0027832646070667707,both,0.3094563355104237,0.3094563355104237,0.27832646070667705,0.27832646070667705,0.0,0.0,0.0,0.0,0.23-0.37,0.23-0.37,0.24-0.57,0.24-0.57,True,True,0.0,0.0
48145,0.004153884579029953,4271.0,25.0,11605.0,0.010448582505358985,0.004153884579029953,4271,25,Falls,Texas,0.010448582505358985,both,0.41538845790299533,0.41538845790299533,1.0448582505358985,1.0448582505358985,0.0,0.0,0.0,0.0,0.37-0.70,0.37-0.70,0.57+,0.57+,True,True,0.0,0.0
48147,0.004128669657484877,9880.0,62.0,25287.0,0.005443349581585917,0.004128669657484877,9880,62,Fannin,Texas,0.005443349581585917,both,0.4128669657484877,0.4128669657484877,0.5443349581585917,0.5443349581585917,0.0,0.0,0.0,0.0,0.37-0.70,0.37-0.70,0.24-0.57,0.24-0.57,True,True,0.0,0.0
48149,0.0006414636553607916,7075.0,5.0,18005.0,-0.001464597330739063,0.0006414636553607916,7075,5,Fayette,Texas,-0.001464597330739063,both,0.06414636553607915,0.06414636553607915,-0.1464597330739063,-0.1464597330739063,0.0,0.0,0.0,0.0,0.06-0.14,0.06-0.14,<-0.12,<-0.12,True,True,0.0,0.0
48151,0.0,490.0,0.0,2608.0,0.0,0.0,490,0,Fisher,Texas,0.0,both,0.0,0.0,0.0,0.0,0.0,0.0,0.0,0.0,0-0.06,0-0.06,-0.12-0,-0.12-0,True,True,0.0,0.0
48153,0.012678320500723367,1025.0,17.0,3488.0,0.015037593984962405,0.012678320500723367,1025,17,Floyd,Texas,0.015037593984962405,both,1.2678320500723368,1.2678320500723368,1.5037593984962405,1.5037593984962405,0.0,0.0,0.0,0.0,0.70+,0.70+,0.57+,0.57+,True,True,0.0,0.0
48155,0.0,274.0,0.0,698.0,0.0,0.0,274,0,Foard,Texas,0.0,both,0.0,0.0,0.0,0.0,0.0,0.0,0.0,0.0,0-0.06,0-0.06,-0.12-0,-0.12-0,True,True,0.0,0.0
48157,0.005222479964064431,272951.0,1520.0,536035.0,0.0018733989651465938,0.005222479964064431,272951,1520,Fort Bend,Texas,0.0018733989651465938,both,0.5222479964064431,0.5222479964064431,0.18733989651465938,0.18733989651465938,0.0,0.0,0.0,0.0,0.37-0.70,0.37-0.70,0.09-0.24,0.09-0.24,True,True,0.0,0.0
48159,0.004913430743441881,2493.0,16.0,7328.0,0.022292993630573247,0.004913430743441881,2493,16,Franklin,Texas,0.022292993630573247,both,0.4913430743441881,0.4913430743441881,2.229299363057325,2.229299363057325,0.0,0.0,0.0,0.0,0.37-0.70,0.37-0.70,0.57+,0.57+,True,True,0.0,0.0
48161,0.0012573977934301726,3640.0,5.0,13871.0,0.0036719706242350062,0.0012573977934301726,3640,5,Freestone,Texas,0.0036719706242350062,both,0.12573977934301728,0.12573977934301728,0.36719706242350064,0.36719706242350064,0.0,0.0,0.0,0.0,0.06-0.14,0.06-0.14,0.24-0.57,0.24-0.57,True,True,0.0,0.0
48163,0.0013842820350533965,6199.0,8.0,11719.0,-0.0009184328302232741,0.0013842820350533965,6199,8,Frio,Texas,-0.0009184328302232741,both,0.13842820350533966,0.13842820350533966,-0.09184328302232742,-0.09184328302232742,0.0,0.0,0.0,0.0,0.06-0.14,0.06-0.14,-0.12-0,-0.12-0,True,True,0.0,0.0
48165,0.009181380172800974,4435.0,33.0,11665.0,-0.015996726768597633,0.009181380172800974,4435,33,Gaines,Texas,-0.015996726768597633,both,0.9181380172800975,0.9181380172800975,-1.5996726768597633,-1.5996726768597633,0.0,0.0,0.0,0.0,0.70+,0.70+,<-0.12,<-0.12,True,True,0.0,0.0
48167,0.004530386682759399,175061.0,995.0,236769.0,0.009734947822962692,0.004530386682759399,175061,995,Galveston,Texas,0.009734947822962692,both,0.4530386682759399,0.4530386682759399,0.9734947822962692,0.9734947822962692,0.0,0.0,0.0,0.0,0.37-0.70,0.37-0.70,0.57+,0.57+,True,True,0.0,0.0
48169,0.006350639151415925,1626.0,12.0,4158.0,0.0019975807845170213,0.006350639151415925,1626,12,Garza,Texas,0.0019975807845170213,both,0.6350639151415924,0.6350639151415924,0.19975807845170213,0.19975807845170213,0.0,0.0,0.0,0.0,0.37-0.70,0.37-0.70,0.09-0.24,0.09-0.24,True,True,0.0,0.0
48171,0.0007485129238027956,6653.0,5.0,19720.0,-0.002279421474791436,0.0007485129238027956,6653,5,Gillespie,Texas,-0.002279421474791436,both,0.07485129238027956,0.07485129238027956,-0.2279421474791436,-0.2279421474791436,0.0,0.0,0.0,0.0,0.06-0.14,0.06-0.14,<-0.12,<-0.12,True,True,0.0,0.0
48173,0.002485334979932078,1078.0,3.0,739.0,0.000736582258321389,0.002485334979932078,1078,3,Glasscock,Texas,0.000736582258321389,both,0.24853349799320779,0.24853349799320779,0.0736582258321389,0.0736582258321389,0.0,0.0,0.0,0.0,0.23-0.37,0.23-0.37,0-0.09,0-0.09,True,True,0.0,0.0
48175,0.005970149253731343,1108.0,12.0,5044.0,0.0,0.005970149253731343,1108,12,Goliad,Texas,0.0,both,0.5970149253731344,0.5970149253731344,0.0,0.0,0.0,0.0,0.0,0.0,0.37-0.70,0.37-0.70,-0.12-0,-0.12-0,True,True,0.0,0.0
48177,0.00240297741262054,5018.0,12.0,12754.0,-0.00038724098911087617,0.00240297741262054,5018,12,Gonzales,Texas,-0.00038724098911087617,both,0.240297741262054,0.240297741262054,-0.03872409891108762,-0.03872409891108762,0.0,0.0,0.0,0.0,0.23-0.37,0.23-0.37,-0.12-0,-0.12-0,True,True,0.0,0.0
48179,0.004386852338574033,7541.0,40.0,14061.0,0.0001272622425993312,0.004386852338574033,7541,40,Gray,Texas,0.0001272622425993312,both,0.43868523385740327,0.43868523385740327,0.01272622425993312,0.01272622425993312,0.0,0.0,0.0,0.0,0.37-0.70,0.37-0.70,0-0.09,0-0.09,True,True,0.0,0.0
48181,0.003931772582572482,66783.0,270.0,92530.0,-0.00191199683116797,0.003931772582572482,66783,270,Grayson,Texas,-0.00191199683116797,both,0.39317725825724814,0.39317725825724814,-0.191199683116797,-0.191199683116797,0.0,0.0,0.0,0.0,0.37-0.70,0.37-0.70,<-0.12,<-0.12,True,True,0.0,0.0
48183,0.0010783531707847789,94120.0,114.0,80126.0,0.0008566781575708147,0.0010783531707847789,94120,114,Gregg,Texas,0.0008566781575708147,both,0.10783531707847789,0.10783531707847789,0.08566781575708148,0.08566781575708148,0.0,0.0,0.0,0.0,0.06-0.14,0.06-0.14,0-0.09,0-0.09,True,True,0.0,0.0
48185,0.003256200883063895,8784.0,37.0,20175.0,0.0028508021593673964,0.003256200883063895,8784,37,Grimes,Texas,0.0028508021593673964,both,0.3256200883063895,0.3256200883063895,0.28508021593673966,0.28508021593673966,0.0,0.0,0.0,0.0,0.23-0.37,0.23-0.37,0.24-0.57,0.24-0.57,True,True,0.0,0.0
48187,0.004211994925477908,70272.0,366.0,115577.0,0.0037956773657277184,0.004211994925477908,70272,366,Guadalupe,Texas,0.0037956773657277184,both,0.4211994925477908,0.4211994925477908,0.3795677365727718,0.3795677365727718,0.0,0.0,0.0,0.0,0.37-0.70,0.37-0.70,0.24-0.57,0.24-0.57,True,True,0.0,0.0
48189,0.0032470221627558344,12809.0,52.0,19888.0,0.008712356573117811,0.0032470221627558344,12809,52,Hale,Texas,0.008712356573117811,both,0.32470221627558343,0.32470221627558343,0.8712356573117811,0.8712356573117811,0.0,0.0,0.0,0.0,0.23-0.37,0.23-0.37,0.57+,0.57+,True,True,0.0,0.0
48191,0.008941569362153231,1187.0,9.0,1978.0,0.009287925696594427,0.008941569362153231,1187,9,Hall,Texas,0.009287925696594427,both,0.8941569362153231,0.8941569362153231,0.9287925696594427,0.9287925696594427,0.0,0.0,0.0,0.0,0.70+,0.70+,0.57+,0.57+,True,True,0.0,0.0
48193,0.0009003759398496239,1918.0,3.0,5812.0,0.0045871559633027525,0.0009003759398496239,1918,3,Hamilton,Texas,0.0045871559633027525,both,0.09003759398496239,0.09003759398496239,0.45871559633027525,0.45871559633027525,0.0,0.0,0.0,0.0,0.06-0.14,0.06-0.14,0.24-0.57,0.24-0.57,True,True,0.0,0.0
48195,0.0021904761904761906,949.0,2.0,3276.0,0.00398406374501992,0.0021904761904761906,949,2,Hansford,Texas,0.00398406374501992,both,0.21904761904761905,0.21904761904761905,0.398406374501992,0.398406374501992,0.0,0.0,0.0,0.0,0.14-0.23,0.14-0.23,0.24-0.57,0.24-0.57,True,True,0.0,0.0
48197,0.004659470963818789,925.0,8.0,2473.0,0.024464831804281346,0.004659470963818789,925,8,Hardeman,Texas,0.024464831804281346,both,0.4659470963818789,0.4659470963818789,2.4464831804281344,2.4464831804281344,0.0,0.0,0.0,0.0,0.37-0.70,0.37-0.70,0.57+,0.57+,True,True,0.0,0.0
48199,0.00042062521892670515,9454.0,4.0,38319.0,0.0009121313469139556,0.00042062521892670515,9454,4,Hardin,Texas,0.0009121313469139556,both,0.04206252189267051,0.04206252189267051,0.09121313469139557,0.09121313469139557,0.0,0.0,0.0,0.0,0-0.06,0-0.06,0.09-0.24,0.09-0.24,True,True,0.0,0.0
48201,0.01484418703813436,3570620.0,58767.0,3032681.0,0.006644281453094902,0.01484418703813436,3570620,58767,Harris,Texas,0.006644281453094902,both,1.484418703813436,1.484418703813436,0.6644281453094902,0.6644281453094902,0.0,0.0,0.0,0.0,0.70+,0.70+,0.57+,0.57+,True,True,0.0,0.0
48203,0.004042983884027141,17390.0,81.0,45553.0,-0.006448822557322868,0.004042983884027141,17390,81,Harrison,Texas,-0.006448822557322868,both,0.40429838840271415,0.40429838840271415,-0.6448822557322869,-0.6448822557322869,0.0,0.0,0.0,0.0,0.37-0.70,0.37-0.70,<-0.12,<-0.12,True,True,0.0,0.0
48205,0.0,409.0,0.0,4062.0,0.0,0.0,409,0,Hartley,Texas,0.0,both,0.0,0.0,0.0,0.0,0.0,0.0,0.0,0.0,0-0.06,0-0.06,-0.12-0,-0.12-0,True,True,0.0,0.0
48207,0.008978277085829245,1338.0,14.0,3963.0,0.0,0.008978277085829245,1338,14,Haskell,Texas,0.0,both,0.8978277085829245,0.8978277085829245,0.0,0.0,0.0,0.0,0.0,0.0,0.70+,0.70+,-0.12-0,-0.12-0,True,True,0.0,0.0
48209,0.008617737282962185,142949.0,1419.0,149815.0,0.005343553556698007,0.008617737282962185,142949,1419,Hays,Texas,0.005343553556698007,both,0.8617737282962186,0.8617737282962186,0.5343553556698007,0.5343553556698007,0.0,0.0,0.0,0.0,0.70+,0.70+,0.24-0.57,0.24-0.57,True,True,0.0,0.0
48211,0.002857142857142857,700.0,1.0,2262.0,0.0,0.002857142857142857,700,1,Hemphill,Texas,0.0,both,0.2857142857142857,0.2857142857142857,0.0,0.0,0.0,0.0,0.0,0.0,0.23-0.37,0.23-0.37,-0.12-0,-0.12-0,True,True,0.0,0.0
48213,0.009542528947369086,24114.0,319.0,58449.0,0.004506875962762884,0.009542528947369086,24114,319,Henderson,Texas,0.004506875962762884,both,0.9542528947369086,0.9542528947369086,0.4506875962762884,0.4506875962762884,0.0,0.0,0.0,0.0,0.70+,0.70+,0.24-0.57,0.24-0.57,True,True,0.0,0.0
48215,0.0017061282324104966,229693.0,464.0,496398.0,0.001435809823884407,0.0017061282324104966,229693,464,Hidalgo,Texas,0.001435809823884407,both,0.17061282324104965,0.17061282324104965,0.1435809823884407,0.1435809823884407,0.0,0.0,0.0,0.0,0.14-0.23,0.14-0.23,0.09-0.24,0.09-0.24,True,True,0.0,0.0
48217,0.0023166303375481223,14305.0,39.0,24820.0,0.004711849624750407,0.0023166303375481223,14305,39,Hill,Texas,0.004711849624750407,both,0.23166303375481223,0.23166303375481223,0.4711849624750407,0.4711849624750407,0.0,0.0,0.0,0.0,0.23-0.37,0.23-0.37,0.24-0.57,0.24-0.57,True,True,0.0,0.0
48219,0.011251393014705473,8438.0,115.0,13638.0,0.023845436594997806,0.011251393014705473,8438,115,Hockley,Texas,0.023845436594997806,both,1.1251393014705473,1.1251393014705473,2.3845436594997804,2.3845436594997804,0.0,0.0,0.0,0.0,0.70+,0.70+,0.57+,0.57+,True,True,0.0,0.0
48221,0.0009942799633604657,18661.0,23.0,45404.0,0.0009035427088210412,0.0009942799633604657,18661,23,Hood,Texas,0.0009035427088210412,both,0.09942799633604657,0.09942799633604657,0.09035427088210411,0.09035427088210411,0.0,0.0,0.0,0.0,0.06-0.14,0.06-0.14,0.09-0.24,0.09-0.24,True,True,0.0,0.0
48223,0.000550072247518681,10601.0,8.0,24949.0,0.0010245901639344263,0.000550072247518681,10601,8,Hopkins,Texas,0.0010245901639344263,both,0.055007224751868096,0.055007224751868096,0.10245901639344263,0.10245901639344263,0.0,0.0,0.0,0.0,0-0.06,0-0.06,0.09-0.24,0.09-0.24,True,True,0.0,0.0
48225,0.001177458030385013,3191.0,4.0,16318.0,0.0,0.001177458030385013,3191,4,Houston,Texas,0.0,both,0.1177458030385013,0.1177458030385013,0.0,0.0,0.0,0.0,0.0,0.0,0.06-0.14,0.06-0.14,-0.12-0,-0.12-0,True,True,0.0,0.0
48227,0.003081701268852828,14833.0,46.0,23829.0,-0.007016917919364845,0.003081701268852828,14833,46,Howard,Texas,-0.007016917919364845,both,0.3081701268852828,0.3081701268852828,-0.7016917919364845,-0.7016917919364845,0.0,0.0,0.0,0.0,0.23-0.37,0.23-0.37,<-0.12,<-0.12,True,True,0.0,0.0
48229,0.0077083333333333335,655.0,4.0,2242.0,0.03225806451612903,0.0077083333333333335,655,4,Hudspeth,Texas,0.03225806451612903,both,0.7708333333333334,0.7708333333333334,3.225806451612903,3.225806451612903,0.0,0.0,0.0,0.0,0.70+,0.70+,0.57+,0.57+,True,True,0.0,0.0
48231,0.007945317594710817,42108.0,452.0,67094.0,0.019288311639348896,0.007945317594710817,42108,452,Hunt,Texas,0.019288311639348896,both,0.7945317594710818,0.7945317594710818,1.9288311639348896,1.9288311639348896,0.0,0.0,0.0,0.0,0.70+,0.70+,0.57+,0.57+,True,True,0.0,0.0
48233,0.0013438630598120393,9046.0,15.0,13527.0,0.003031012752715653,0.0013438630598120393,9046,15,Hutchinson,Texas,0.003031012752715653,both,0.13438630598120394,0.13438630598120394,0.3031012752715653,0.3031012752715653,0.0,0.0,0.0,0.0,0.06-0.14,0.06-0.14,0.24-0.57,0.24-0.57,True,True,0.0,0.0
48235,0.00196078431372549,763.0,1.0,1127.0,0.0,0.00196078431372549,763,1,Irion,Texas,0.0,both,0.19607843137254902,0.19607843137254902,0.0,0.0,0.0,0.0,0.0,0.0,0.14-0.23,0.14-0.23,-0.12-0,-0.12-0,True,True,0.0,0.0
48237,0.001029641948738016,1885.0,2.0,5841.0,0.0026455026455026454,0.001029641948738016,1885,2,Jack,Texas,0.0026455026455026454,both,0.10296419487380161,0.10296419487380161,0.26455026455026454,0.26455026455026454,0.0,0.0,0.0,0.0,0.06-0.14,0.06-0.14,0.24-0.57,0.24-0.57,True,True,0.0,0.0
48239,0.002123549392305759,3240.0,6.0,10059.0,-7.931310781295118e-05,0.002123549392305759,3240,6,Jackson,Texas,-7.931310781295118e-05,both,0.21235493923057588,0.21235493923057588,-0.00793131078129512,-0.00793131078129512,0.0,0.0,0.0,0.0,0.14-0.23,0.14-0.23,-0.12-0,-0.12-0,True,True,0.0,0.0
48241,0.0012860254502888376,8227.0,12.0,22805.0,-0.001196972364020419,0.0012860254502888376,8227,12,Jasper,Texas,-0.001196972364020419,both,0.12860254502888377,0.12860254502888377,-0.1196972364020419,-0.1196972364020419,0.0,0.0,0.0,0.0,0.06-0.14,0.06-0.14,-0.12-0,-0.12-0,True,True,0.0,0.0
48243,0.0,290.0,0.0,1634.0,0.0,0.0,290,0,Jeff Davis,Texas,0.0,both,0.0,0.0,0.0,0.0,0.0,0.0,0.0,0.0,0-0.06,0-0.06,-0.12-0,-0.12-0,True,True,0.0,0.0
48245,0.0026247777260926678,177188.0,510.0,170001.0,0.0007646743928432374,0.0026247777260926678,177188,510,Jefferson,Texas,0.0007646743928432374,both,0.2624777726092668,0.2624777726092668,0.07646743928432374,0.07646743928432374,0.0,0.0,0.0,0.0,0.23-0.37,0.23-0.37,0-0.09,0-0.09,True,True,0.0,0.0
48247,0.0,688.0,0.0,2439.0,0.0,0.0,688,0,Jim Hogg,Texas,0.0,both,0.0,0.0,0.0,0.0,0.0,0.0,0.0,0.0,0-0.06,0-0.06,-0.12-0,-0.12-0,True,True,0.0,0.0
48249,0.004788658339839451,11286.0,55.0,24864.0,0.0015465916052139796,0.004788658339839451,11286,55,Jim Wells,Texas,0.0015465916052139796,both,0.4788658339839451,0.4788658339839451,0.15465916052139794,0.15465916052139794,0.0,0.0,0.0,0.0,0.37-0.70,0.37-0.70,0.09-0.24,0.09-0.24,True,True,0.0,0.0
48251,0.0015376581996760716,80745.0,178.0,119361.0,0.0038216103432500287,0.0015376581996760716,80745,178,Johnson,Texas,0.0038216103432500287,both,0.15376581996760716,0.15376581996760716,0.38216103432500287,0.38216103432500287,0.0,0.0,0.0,0.0,0.14-0.23,0.14-0.23,0.24-0.57,0.24-0.57,True,True,0.0,0.0
48253,0.002441319572029628,3340.0,11.0,14653.0,0.0,0.002441319572029628,3340,11,Jones,Texas,0.0,both,0.2441319572029628,0.2441319572029628,0.0,0.0,0.0,0.0,0.0,0.0,0.23-0.37,0.23-0.37,-0.12-0,-0.12-0,True,True,0.0,0.0
48255,0.00510038390614801,5962.0,29.0,10347.0,0.0017480753128094528,0.00510038390614801,5962,29,Karnes,Texas,0.0017480753128094528,both,0.5100383906148009,0.5100383906148009,0.17480753128094528,0.17480753128094528,0.0,0.0,0.0,0.0,0.37-0.70,0.37-0.70,0.09-0.24,0.09-0.24,True,True,0.0,0.0
48257,0.0016532124293326903,43503.0,117.0,94837.0,0.006407129647053466,0.0016532124293326903,43503,117,Kaufman,Texas,0.006407129647053466,both,0.16532124293326902,0.16532124293326902,0.6407129647053466,0.6407129647053466,0.0,0.0,0.0,0.0,0.14-0.23,0.14-0.23,0.57+,0.57+,True,True,0.0,0.0
48259,0.0031284691143951687,18246.0,74.0,31578.0,0.0006834823595117216,0.0031284691143951687,18246,74,Kendall,Texas,0.0006834823595117216,both,0.3128469114395169,0.3128469114395169,0.06834823595117216,0.06834823595117216,0.0,0.0,0.0,0.0,0.23-0.37,0.23-0.37,0-0.09,0-0.09,True,True,0.0,0.0
48261,0.0,279.0,0.0,87.0,0.0,0.0,279,0,Kenedy,Texas,0.0,both,0.0,0.0,0.0,0.0,0.0,0.0,0.0,0.0,0-0.06,0-0.06,-0.12-0,-0.12-0,True,True,0.0,0.0
48263,0.00981191222570533,292.0,3.0,452.0,-0.031746031746031744,0.00981191222570533,292,3,Kent,Texas,-0.031746031746031744,both,0.981191222570533,0.981191222570533,-3.1746031746031744,-3.1746031746031744,0.0,0.0,0.0,0.0,0.70+,0.70+,<-0.12,<-0.12,True,True,0.0,0.0
48265,0.0006358344658894694,17099.0,13.0,38482.0,0.0017713933643955465,0.0006358344658894694,17099,13,Kerr,Texas,0.0017713933643955465,both,0.06358344658894693,0.06358344658894693,0.17713933643955465,0.17713933643955465,0.0,0.0,0.0,0.0,0.06-0.14,0.06-0.14,0.09-0.24,0.09-0.24,True,True,0.0,0.0
48267,0.009732578293800604,1293.0,14.0,3177.0,-0.02527184989415276,0.009732578293800604,1293,14,Kimble,Texas,-0.02527184989415276,both,0.9732578293800604,0.9732578293800604,-2.527184989415276,-2.527184989415276,0.0,0.0,0.0,0.0,0.70+,0.70+,<-0.12,<-0.12,True,True,0.0,0.0
48269,0.011111111111111112,55.0,1.0,160.0,0.0,0.011111111111111112,55,1,King,Texas,0.0,both,1.1111111111111112,1.1111111111111112,0.0,0.0,0.0,0.0,0.0,0.0,0.70+,0.70+,-0.12-0,-0.12-0,True,True,0.0,0.0
48271,0.019900404606286958,349.0,7.0,2536.0,0.06159754224270353,0.019900404606286958,349,7,Kinney,Texas,0.06159754224270353,both,1.9900404606286959,1.9900404606286959,6.159754224270353,6.159754224270353,0.0,0.0,0.0,0.0,0.70+,0.70+,0.57+,0.57+,True,True,0.0,0.0
48273,0.0020281771776424124,15960.0,31.0,17217.0,0.0007370299279654941,0.0020281771776424124,15960,31,Kleberg,Texas,0.0007370299279654941,both,0.20281771776424123,0.20281771776424123,0.0737029927965494,0.0737029927965494,0.0,0.0,0.0,0.0,0.14-0.23,0.14-0.23,0-0.09,0-0.09,True,True,0.0,0.0
48275,0.0043364259782170235,641.0,3.0,2310.0,0.0,0.0043364259782170235,641,3,Knox,Texas,0.0,both,0.43364259782170234,0.43364259782170234,0.0,0.0,0.0,0.0,0.0,0.0,0.37-0.70,0.37-0.70,-0.12-0,-0.12-0,True,True,0.0,0.0
48277,0.0029494954227320238,18576.0,60.0,34191.0,0.004380631295689082,0.0029494954227320238,18576,60,Lamar,Texas,0.004380631295689082,both,0.29494954227320236,0.29494954227320236,0.4380631295689082,0.4380631295689082,0.0,0.0,0.0,0.0,0.23-0.37,0.23-0.37,0.24-0.57,0.24-0.57,True,True,0.0,0.0
48279,0.0028688345190755085,3138.0,10.0,8225.0,0.0011235786166830758,0.0028688345190755085,3138,10,Lamb,Texas,0.0011235786166830758,both,0.2868834519075508,0.2868834519075508,0.11235786166830758,0.11235786166830758,0.0,0.0,0.0,0.0,0.23-0.37,0.23-0.37,0.09-0.24,0.09-0.24,True,True,0.0,0.0
48281,0.0003415640432581109,5378.0,2.0,15447.0,-0.0007681375155556615,0.0003415640432581109,5378,2,Lampasas,Texas,-0.0007681375155556615,both,0.03415640432581109,0.03415640432581109,-0.07681375155556615,-0.07681375155556615,0.0,0.0,0.0,0.0,0-0.06,0-0.06,-0.12-0,-0.12-0,True,True,0.0,0.0
48283,0.0037217273172783067,4623.0,16.0,4483.0,-0.0034888008472914135,0.0037217273172783067,4623,16,La Salle,Texas,-0.0034888008472914135,both,0.37217273172783066,0.37217273172783066,-0.34888008472914134,-0.34888008472914134,0.0,0.0,0.0,0.0,0.37-0.70,0.37-0.70,<-0.12,<-0.12,True,True,0.0,0.0
48285,0.00146788927935983,4857.0,6.0,14057.0,-0.0017574692442882249,0.00146788927935983,4857,6,Lavaca,Texas,-0.0017574692442882249,both,0.146788927935983,0.146788927935983,-0.17574692442882248,-0.17574692442882248,0.0,0.0,0.0,0.0,0.14-0.23,0.14-0.23,<-0.12,<-0.12,True,True,0.0,0.0
48287,0.0040254192409532215,6187.0,46.0,12387.0,0.019635343618513323,0.0040254192409532215,6187,46,Lee,Texas,0.019635343618513323,both,0.40254192409532213,0.40254192409532213,1.9635343618513323,1.9635343618513323,0.0,0.0,0.0,0.0,0.37-0.70,0.37-0.70,0.57+,0.57+,True,True,0.0,0.0
48289,0.008527645988705085,3323.0,29.0,11219.0,-0.00996456118407338,0.008527645988705085,3323,29,Leon,Texas,-0.00996456118407338,both,0.8527645988705085,0.8527645988705085,-0.996456118407338,-0.996456118407338,0.0,0.0,0.0,0.0,0.70+,0.70+,<-0.12,<-0.12,True,True,0.0,0.0
48291,0.0030770524790000287,16901.0,65.0,58795.0,0.00565869728306689,0.0030770524790000287,16901,65,Liberty,Texas,0.00565869728306689,both,0.30770524790000287,0.30770524790000287,0.565869728306689,0.565869728306689,0.0,0.0,0.0,0.0,0.23-0.37,0.23-0.37,0.24-0.57,0.24-0.57,True,True,0.0,0.0
48293,0.0005783857407494146,7330.0,7.0,15524.0,0.0024906600249066002,0.0005783857407494146,7330,7,Limestone,Texas,0.0024906600249066002,both,0.05783857407494145,0.05783857407494145,0.24906600249066002,0.24906600249066002,0.0,0.0,0.0,0.0,0-0.06,0-0.06,0.24-0.57,0.24-0.57,True,True,0.0,0.0
48295,0.0,358.0,0.0,1872.0,0.0,0.0,358,0,Lipscomb,Texas,0.0,both,0.0,0.0,0.0,0.0,0.0,0.0,0.0,0.0,0-0.06,0-0.06,-0.12-0,-0.12-0,True,True,0.0,0.0
48297,0.003420935149005322,3383.0,11.0,8273.0,0.0034068575698020043,0.003420935149005322,3383,11,Live Oak,Texas,0.0034068575698020043,both,0.3420935149005322,0.3420935149005322,0.3406857569802004,0.3406857569802004,0.0,0.0,0.0,0.0,0.23-0.37,0.23-0.37,0.24-0.57,0.24-0.57,True,True,0.0,0.0
48299,0.0004378247296193201,7314.0,6.0,17083.0,0.0007933359777865926,0.0004378247296193201,7314,6,Llano,Texas,0.0007933359777865926,both,0.04378247296193201,0.04378247296193201,0.07933359777865927,0.07933359777865927,0.0,0.0,0.0,0.0,0-0.06,0-0.06,0-0.09,0-0.09,True,True,0.0,0.0
48301,0.012716035337329137,818.0,12.0,63.0,0.009174311926605505,0.012716035337329137,818,12,Loving,Texas,0.009174311926605505,both,1.2716035337329137,1.2716035337329137,0.9174311926605505,0.9174311926605505,0.0,0.0,0.0,0.0,0.70+,0.70+,0.57+,0.57+,True,True,0.0,0.0
48303,0.0034760141414752798,254934.0,1134.0,184975.0,0.00464117111402011,0.0034760141414752798,254934,1134,Lubbock,Texas,0.00464117111402011,both,0.347601414147528,0.347601414147528,0.46411711140201095,0.46411711140201095,0.0,0.0,0.0,0.0,0.23-0.37,0.23-0.37,0.24-0.57,0.24-0.57,True,True,0.0,0.0
48305,0.01368618266978923,1415.0,57.0,3668.0,0.0946843853820598,0.01368618266978923,1415,57,Lynn,Texas,0.0946843853820598,both,1.3686182669789229,1.3686182669789229,9.46843853820598,9.46843853820598,0.0,0.0,0.0,0.0,0.70+,0.70+,0.57+,0.57+,True,True,0.0,0.0
48307,0.0041150601770240745,1473.0,5.0,5385.0,0.004347826086956522,0.0041150601770240745,1473,5,McCulloch,Texas,0.004347826086956522,both,0.41150601770240747,0.41150601770240747,0.43478260869565216,0.43478260869565216,0.0,0.0,0.0,0.0,0.37-0.70,0.37-0.70,0.24-0.57,0.24-0.57,True,True,0.0,0.0
48309,0.003647037834660269,192737.0,899.0,159035.0,0.00584449037723426,0.003647037834660269,192737,899,McLennan,Texas,0.00584449037723426,both,0.3647037834660269,0.3647037834660269,0.584449037723426,0.584449037723426,0.0,0.0,0.0,0.0,0.23-0.37,0.23-0.37,0.57+,0.57+,True,True,0.0,0.0
48311,0.009383606232044922,1078.0,10.0,432.0,0.010231416027978273,0.009383606232044922,1078,10,McMullen,Texas,0.010231416027978273,both,0.9383606232044922,0.9383606232044922,1.0231416027978273,1.0231416027978273,0.0,0.0,0.0,0.0,0.70+,0.70+,0.57+,0.57+,True,True,0.0,0.0
48313,0.0031490786086192948,3201.0,19.0,9295.0,0.0063006300630063005,0.0031490786086192948,3201,19,Madison,Texas,0.0063006300630063005,both,0.31490786086192946,0.31490786086192946,0.6300630063006301,0.6300630063006301,0.0,0.0,0.0,0.0,0.23-0.37,0.23-0.37,0.57+,0.57+,True,True,0.0,0.0
48315,0.0005813953488372093,1606.0,2.0,7233.0,0.0,0.0005813953488372093,1606,2,Marion,Texas,0.0,both,0.05813953488372093,0.05813953488372093,0.0,0.0,0.0,0.0,0.0,0.0,0-0.06,0-0.06,-0.12-0,-0.12-0,True,True,0.0,0.0
48317,0.002362786745964316,2585.0,11.0,3019.0,0.011247443762781187,0.002362786745964316,2585,11,Martin,Texas,0.011247443762781187,both,0.2362786745964316,0.2362786745964316,1.1247443762781186,1.1247443762781186,0.0,0.0,0.0,0.0,0.23-0.37,0.23-0.37,0.57+,0.57+,True,True,0.0,0.0
48319,0.016997890518942436,757.0,22.0,2769.0,-0.022027290448343076,0.016997890518942436,757,22,Mason,Texas,-0.022027290448343076,both,1.6997890518942436,1.6997890518942436,-2.2027290448343075,-2.2027290448343075,0.0,0.0,0.0,0.0,0.70+,0.70+,<-0.12,<-0.12,True,True,0.0,0.0
48321,0.0016072054161424653,7249.0,13.0,23788.0,-0.004021734479955505,0.0016072054161424653,7249,13,Matagorda,Texas,-0.004021734479955505,both,0.16072054161424654,0.16072054161424654,-0.4021734479955505,-0.4021734479955505,0.0,0.0,0.0,0.0,0.14-0.23,0.14-0.23,<-0.12,<-0.12,True,True,0.0,0.0
48323,0.0002267021778191225,8992.0,2.0,33187.0,0.000546448087431694,0.0002267021778191225,8992,2,Maverick,Texas,0.000546448087431694,both,0.02267021778191225,0.02267021778191225,0.0546448087431694,0.0546448087431694,0.0,0.0,0.0,0.0,0-0.06,0-0.06,0-0.09,0-0.09,True,True,0.0,0.0
48325,0.008650673225369287,11183.0,147.0,34739.0,0.017765814266487216,0.008650673225369287,11183,147,Medina,Texas,0.017765814266487216,both,0.8650673225369286,0.8650673225369286,1.7765814266487217,1.7765814266487217,0.0,0.0,0.0,0.0,0.70+,0.70+,0.57+,0.57+,True,True,0.0,0.0
48327,0.0,281.0,0.0,1525.0,0.0,0.0,281,0,Menard,Texas,0.0,both,0.0,0.0,0.0,0.0,0.0,0.0,0.0,0.0,0-0.06,0-0.06,-0.12-0,-0.12-0,True,True,0.0,0.0
48329,0.0045500816718605525,159055.0,736.0,105464.0,-0.0007448823479902908,0.0045500816718605525,159055,736,Midland,Texas,-0.0007448823479902908,both,0.45500816718605525,0.45500816718605525,-0.07448823479902908,-0.07448823479902908,0.0,0.0,0.0,0.0,0.37-0.70,0.37-0.70,-0.12-0,-0.12-0,True,True,0.0,0.0
48331,0.0033838779746172146,7720.0,33.0,17084.0,0.005721065952767347,0.0033838779746172146,7720,33,Milam,Texas,0.005721065952767347,both,0.3383877974617215,0.3383877974617215,0.5721065952767347,0.5721065952767347,0.0,0.0,0.0,0.0,0.23-0.37,0.23-0.37,0.57+,0.57+,True,True,0.0,0.0
48333,0.0017133275007290756,926.0,2.0,3395.0,0.0,0.0017133275007290756,926,2,Mills,Texas,0.0,both,0.17133275007290755,0.17133275007290755,0.0,0.0,0.0,0.0,0.0,0.0,0.14-0.23,0.14-0.23,-0.12-0,-0.12-0,True,True,0.0,0.0
48335,0.005596578847525067,1151.0,6.0,5459.0,-0.0047098693778435995,0.005596578847525067,1151,6,Mitchell,Texas,-0.0047098693778435995,both,0.5596578847525067,0.5596578847525067,-0.47098693778435996,-0.47098693778435996,0.0,0.0,0.0,0.0,0.37-0.70,0.37-0.70,<-0.12,<-0.12,True,True,0.0,0.0
48337,0.0035083825033163677,3759.0,12.0,14199.0,0.0030534351145038168,0.0035083825033163677,3759,12,Montague,Texas,0.0030534351145038168,both,0.3508382503316368,0.3508382503316368,0.3053435114503817,0.3053435114503817,0.0,0.0,0.0,0.0,0.23-0.37,0.23-0.37,0.24-0.57,0.24-0.57,True,True,0.0,0.0
48339,0.008022209758605089,215528.0,1820.0,412475.0,-0.0015977299663649022,0.008022209758605089,215528,1820,Montgomery,Texas,-0.0015977299663649022,both,0.8022209758605089,0.8022209758605089,-0.15977299663649022,-0.15977299663649022,0.0,0.0,0.0,0.0,0.70+,0.70+,<-0.12,<-0.12,True,True,0.0,0.0
48341,0.0015944217935988428,7757.0,12.0,12547.0,0.00016617423224997777,0.0015944217935988428,7757,12,Moore,Texas,0.00016617423224997777,both,0.15944217935988428,0.15944217935988428,0.016617423224997777,0.016617423224997777,0.0,0.0,0.0,0.0,0.14-0.23,0.14-0.23,0-0.09,0-0.09,True,True,0.0,0.0
48343,0.00910300842943588,2828.0,19.0,8137.0,0.004083918493947356,0.00910300842943588,2828,19,Morris,Texas,0.004083918493947356,both,0.910300842943588,0.910300842943588,0.4083918493947356,0.4083918493947356,0.0,0.0,0.0,0.0,0.70+,0.70+,0.24-0.57,0.24-0.57,True,True,0.0,0.0
48345,0.0,460.0,0.0,921.0,0.0,0.0,460,0,Motley,Texas,0.0,both,0.0,0.0,0.0,0.0,0.0,0.0,0.0,0.0,0-0.06,0-0.06,-0.12-0,-0.12-0,True,True,0.0,0.0
48347,0.0005507418398054549,18058.0,10.0,37715.0,0.001122649452708392,0.0005507418398054549,18058,10,Nacogdoches,Texas,0.001122649452708392,both,0.05507418398054549,0.05507418398054549,0.11226494527083919,0.11226494527083919,0.0,0.0,0.0,0.0,0-0.06,0-0.06,0.09-0.24,0.09-0.24,True,True,0.0,0.0
48349,0.0016734953564574201,19532.0,35.0,33975.0,0.0007583696879595102,0.0016734953564574201,19532,35,Navarro,Texas,0.0007583696879595102,both,0.167349535645742,0.167349535645742,0.07583696879595102,0.07583696879595102,0.0,0.0,0.0,0.0,0.14-0.23,0.14-0.23,0-0.09,0-0.09,True,True,0.0,0.0
48351,0.001140645478374836,1968.0,3.0,8735.0,0.0013850415512465374,0.001140645478374836,1968,3,Newton,Texas,0.0013850415512465374,both,0.11406454783748361,0.11406454783748361,0.13850415512465375,0.13850415512465375,0.0,0.0,0.0,0.0,0.06-0.14,0.06-0.14,0.09-0.24,0.09-0.24,True,True,0.0,0.0
48353,0.003958515165810243,12459.0,65.0,9530.0,-0.0068030357087798575,0.003958515165810243,12459,65,Nolan,Texas,-0.0068030357087798575,both,0.39585151658102435,0.39585151658102435,-0.6803035708779858,-0.6803035708779858,0.0,0.0,0.0,0.0,0.37-0.70,0.37-0.70,<-0.12,<-0.12,True,True,0.0,0.0
48355,0.002494231418955221,281164.0,791.0,231734.0,0.0020251910601794226,0.002494231418955221,281164,791,Nueces,Texas,0.0020251910601794226,both,0.24942314189552212,0.24942314189552212,0.20251910601794226,0.20251910601794226,0.0,0.0,0.0,0.0,0.23-0.37,0.23-0.37,0.09-0.24,0.09-0.24,True,True,0.0,0.0
48357,0.001264661294183356,1911.0,2.0,6078.0,0.0,0.001264661294183356,1911,2,Ochiltree,Texas,0.0,both,0.1264661294183356,0.1264661294183356,0.0,0.0,0.0,0.0,0.0,0.0,0.06-0.14,0.06-0.14,-0.12-0,-0.12-0,True,True,0.0,0.0
48359,0.0,1103.0,0.0,1302.0,0.0,0.0,1103,0,Oldham,Texas,0.0,both,0.0,0.0,0.0,0.0,0.0,0.0,0.0,0.0,0-0.06,0-0.06,-0.12-0,-0.12-0,True,True,0.0,0.0
48361,0.0009638002181967621,21990.0,29.0,56679.0,0.0023872679045092837,0.0009638002181967621,21990,29,Orange,Texas,0.0023872679045092837,both,0.09638002181967621,0.09638002181967621,0.23872679045092837,0.23872679045092837,0.0,0.0,0.0,0.0,0.06-0.14,0.06-0.14,0.09-0.24,0.09-0.24,True,True,0.0,0.0
48363,0.00041763201993166735,6825.0,4.0,19471.0,0.0,0.00041763201993166735,6825,4,Palo Pinto,Texas,0.0,both,0.041763201993166736,0.041763201993166736,0.0,0.0,0.0,0.0,0.0,0.0,0-0.06,0-0.06,-0.12-0,-0.12-0,True,True,0.0,0.0
48365,0.0008048802484778095,6167.0,7.0,15292.0,0.0014457831325301205,0.0008048802484778095,6167,7,Panola,Texas,0.0014457831325301205,both,0.08048802484778095,0.08048802484778095,0.14457831325301204,0.14457831325301204,0.0,0.0,0.0,0.0,0.06-0.14,0.06-0.14,0.09-0.24,0.09-0.24,True,True,0.0,0.0
48367,0.0011729634538152189,42014.0,63.0,102048.0,0.002876595831232094,0.0011729634538152189,42014,63,Parker,Texas,0.002876595831232094,both,0.1172963453815219,0.1172963453815219,0.2876595831232094,0.2876595831232094,0.0,0.0,0.0,0.0,0.06-0.14,0.06-0.14,0.24-0.57,0.24-0.57,True,True,0.0,0.0
48369,0.0014938531899899366,1826.0,3.0,6233.0,0.0020920502092050207,0.0014938531899899366,1826,3,Parmer,Texas,0.0020920502092050207,both,0.14938531899899365,0.14938531899899365,0.20920502092050208,0.20920502092050208,0.0,0.0,0.0,0.0,0.14-0.23,0.14-0.23,0.09-0.24,0.09-0.24,True,True,0.0,0.0
48371,0.008399432094843054,5684.0,49.0,10286.0,-0.0003529719476179482,0.008399432094843054,5684,49,Pecos,Texas,-0.0003529719476179482,both,0.8399432094843053,0.8399432094843053,-0.03529719476179482,-0.03529719476179482,0.0,0.0,0.0,0.0,0.70+,0.70+,-0.12-0,-0.12-0,True,True,0.0,0.0
48373,0.0014635148719170804,9083.0,13.0,36530.0,0.0032426432111306064,0.0014635148719170804,9083,13,Polk,Texas,0.0032426432111306064,both,0.14635148719170804,0.14635148719170804,0.32426432111306064,0.32426432111306064,0.0,0.0,0.0,0.0,0.14-0.23,0.14-0.23,0.24-0.57,0.24-0.57,True,True,0.0,0.0
48375,0.003474622891384791,88877.0,365.0,75078.0,0.003530973712015242,0.003474622891384791,88877,365,Potter,Texas,0.003530973712015242,both,0.3474622891384791,0.3474622891384791,0.35309737120152423,0.35309737120152423,0.0,0.0,0.0,0.0,0.23-0.37,0.23-0.37,0.24-0.57,0.24-0.57,True,True,0.0,0.0
48377,0.0016215861344537814,1232.0,2.0,3794.0,-0.004484304932735426,0.0016215861344537814,1232,2,Presidio,Texas,-0.004484304932735426,both,0.16215861344537813,0.16215861344537813,-0.4484304932735426,-0.4484304932735426,0.0,0.0,0.0,0.0,0.14-0.23,0.14-0.23,<-0.12,<-0.12,True,True,0.0,0.0
48379,0.0028543469871547497,2058.0,11.0,9191.0,0.014435695538057743,0.0028543469871547497,2058,11,Rains,Texas,0.014435695538057743,both,0.28543469871547494,0.28543469871547494,1.4435695538057742,1.4435695538057742,0.0,0.0,0.0,0.0,0.23-0.37,0.23-0.37,0.57+,0.57+,True,True,0.0,0.0
48381,0.003300821586954247,68184.0,271.0,93239.0,0.003971751996345673,0.003300821586954247,68184,271,Randall,Texas,0.003971751996345673,both,0.33008215869542473,0.33008215869542473,0.3971751996345673,0.3971751996345673,0.0,0.0,0.0,0.0,0.23-0.37,0.23-0.37,0.24-0.57,0.24-0.57,True,True,0.0,0.0
48383,0.003020208749722407,1491.0,4.0,1986.0,0.0,0.003020208749722407,1491,4,Reagan,Texas,0.0,both,0.30202087497224067,0.30202087497224067,0.0,0.0,0.0,0.0,0.0,0.0,0.23-0.37,0.23-0.37,-0.12-0,-0.12-0,True,True,0.0,0.0
48385,0.0018518518518518517,351.0,1.0,1967.0,0.0,0.0018518518518518517,351,1,Real,Texas,0.0,both,0.18518518518518517,0.18518518518518517,0.0,0.0,0.0,0.0,0.0,0.0,0.14-0.23,0.14-0.23,-0.12-0,-0.12-0,True,True,0.0,0.0
48387,0.006968994933221008,1851.0,19.0,8469.0,0.026654103852596315,0.006968994933221008,1851,19,Red River,Texas,0.026654103852596315,both,0.6968994933221009,0.6968994933221009,2.6654103852596314,2.6654103852596314,0.0,0.0,0.0,0.0,0.37-0.70,0.37-0.70,0.57+,0.57+,True,True,0.0,0.0
48389,0.006216184214298306,9217.0,69.0,9135.0,-0.006560430720174109,0.006216184214298306,9217,69,Reeves,Texas,-0.006560430720174109,both,0.6216184214298306,0.6216184214298306,-0.6560430720174109,-0.6560430720174109,0.0,0.0,0.0,0.0,0.37-0.70,0.37-0.70,<-0.12,<-0.12,True,True,0.0,0.0
48391,0.002853418982451241,1561.0,7.0,4703.0,0.009259259259259259,0.002853418982451241,1561,7,Refugio,Texas,0.009259259259259259,both,0.28534189824512407,0.28534189824512407,0.9259259259259258,0.9259259259259258,0.0,0.0,0.0,0.0,0.23-0.37,0.23-0.37,0.57+,0.57+,True,True,0.0,0.0
48393,0.0,380.0,0.0,536.0,0.0,0.0,380,0,Roberts,Texas,0.0,both,0.0,0.0,0.0,0.0,0.0,0.0,0.0,0.0,0-0.06,0-0.06,-0.12-0,-0.12-0,True,True,0.0,0.0
48395,0.003918026290101807,5193.0,29.0,11556.0,0.008594438397346188,0.003918026290101807,5193,29,Robertson,Texas,0.008594438397346188,both,0.3918026290101807,0.3918026290101807,0.8594438397346188,0.8594438397346188,0.0,0.0,0.0,0.0,0.37-0.70,0.37-0.70,0.57+,0.57+,True,True,0.0,0.0
48397,0.007730824651281111,50626.0,469.0,72042.0,0.0059625393089483385,0.007730824651281111,50626,469,Rockwall,Texas,0.0059625393089483385,both,0.7730824651281112,0.7730824651281112,0.5962539308948338,0.5962539308948338,0.0,0.0,0.0,0.0,0.70+,0.70+,0.57+,0.57+,True,True,0.0,0.0
48399,0.006043971330870254,3533.0,24.0,6840.0,0.011432022361724314,0.006043971330870254,3533,24,Runnels,Texas,0.011432022361724314,both,0.6043971330870255,0.6043971330870255,1.1432022361724314,1.1432022361724314,0.0,0.0,0.0,0.0,0.37-0.70,0.37-0.70,0.57+,0.57+,True,True,0.0,0.0
48401,0.0009598600197571362,11932.0,16.0,36101.0,0.00294478527607362,0.0009598600197571362,11932,16,Rusk,Texas,0.00294478527607362,both,0.09598600197571362,0.09598600197571362,0.294478527607362,0.294478527607362,0.0,0.0,0.0,0.0,0.06-0.14,0.06-0.14,0.24-0.57,0.24-0.57,True,True,0.0,0.0
48403,0.003076923076923077,1297.0,4.0,7611.0,0.017467248908296942,0.003076923076923077,1297,4,Sabine,Texas,0.017467248908296942,both,0.3076923076923077,0.3076923076923077,1.7467248908296942,1.7467248908296942,0.0,0.0,0.0,0.0,0.23-0.37,0.23-0.37,0.57+,0.57+,True,True,0.0,0.0
48405,0.0,1176.0,0.0,5847.0,0.0,0.0,1176,0,San Augustine,Texas,0.0,both,0.0,0.0,0.0,0.0,0.0,0.0,0.0,0.0,0-0.06,0-0.06,-0.12-0,-0.12-0,True,True,0.0,0.0
48407,0.002754385964912281,1101.0,4.0,19564.0,0.011235955056179775,0.002754385964912281,1101,4,San Jacinto,Texas,0.011235955056179775,both,0.2754385964912281,0.2754385964912281,1.1235955056179776,1.1235955056179776,0.0,0.0,0.0,0.0,0.23-0.37,0.23-0.37,0.57+,0.57+,True,True,0.0,0.0
48409,0.0030248405516443678,31906.0,123.0,44640.0,0.006401310199883737,0.0030248405516443678,31906,123,San Patricio,Texas,0.006401310199883737,both,0.30248405516443677,0.30248405516443677,0.6401310199883736,0.6401310199883736,0.0,0.0,0.0,0.0,0.23-0.37,0.23-0.37,0.57+,0.57+,True,True,0.0,0.0
48411,0.0012875536480686696,1868.0,3.0,4116.0,0.0,0.0012875536480686696,1868,3,San Saba,Texas,0.0,both,0.12875536480686695,0.12875536480686695,0.0,0.0,0.0,0.0,0.0,0.0,0.06-0.14,0.06-0.14,-0.12-0,-0.12-0,True,True,0.0,0.0
48413,0.008695652173913044,327.0,4.0,1655.0,0.0,0.008695652173913044,327,4,Schleicher,Texas,0.0,both,0.8695652173913043,0.8695652173913043,0.0,0.0,0.0,0.0,0.0,0.0,0.70+,0.70+,-0.12-0,-0.12-0,True,True,0.0,0.0
48415,0.004692501506231062,4641.0,24.0,11030.0,0.002210049393593091,0.004692501506231062,4641,24,Scurry,Texas,0.002210049393593091,both,0.4692501506231062,0.4692501506231062,0.2210049393593091,0.2210049393593091,0.0,0.0,0.0,0.0,0.37-0.70,0.37-0.70,0.09-0.24,0.09-0.24,True,True,0.0,0.0
48417,0.0,793.0,0.0,2148.0,0.0,0.0,793,0,Shackelford,Texas,0.0,both,0.0,0.0,0.0,0.0,0.0,0.0,0.0,0.0,0-0.06,0-0.06,-0.12-0,-0.12-0,True,True,0.0,0.0
48419,0.006685285159595241,9927.0,77.0,15896.0,0.00898496612782327,0.006685285159595241,9927,77,Shelby,Texas,0.00898496612782327,both,0.6685285159595241,0.6685285159595241,0.898496612782327,0.898496612782327,0.0,0.0,0.0,0.0,0.37-0.70,0.37-0.70,0.57+,0.57+,True,True,0.0,0.0
48421,0.0,830.0,0.0,1579.0,0.0,0.0,830,0,Sherman,Texas,0.0,both,0.0,0.0,0.0,0.0,0.0,0.0,0.0,0.0,0-0.06,0-0.06,-0.12-0,-0.12-0,True,True,0.0,0.0
48423,0.0023844550897958536,151520.0,359.0,154691.0,-0.0006113535519150807,0.0023844550897958536,151520,359,Smith,Texas,-0.0006113535519150807,both,0.23844550897958536,0.23844550897958536,-0.061135355191508076,-0.061135355191508076,0.0,0.0,0.0,0.0,0.23-0.37,0.23-0.37,-0.12-0,-0.12-0,True,True,0.0,0.0
48425,0.000718908135461269,2716.0,2.0,6560.0,0.001445086705202312,0.000718908135461269,2716,2,Somervell,Texas,0.001445086705202312,both,0.0718908135461269,0.0718908135461269,0.1445086705202312,0.1445086705202312,0.0,0.0,0.0,0.0,0.06-0.14,0.06-0.14,0.09-0.24,0.09-0.24,True,True,0.0,0.0
48427,0.004828174728628401,12179.0,69.0,36496.0,0.0032667908792476264,0.004828174728628401,12179,69,Starr,Texas,0.0032667908792476264,both,0.4828174728628401,0.4828174728628401,0.32667908792476263,0.32667908792476263,0.0,0.0,0.0,0.0,0.37-0.70,0.37-0.70,0.24-0.57,0.24-0.57,True,True,0.0,0.0
48429,0.0004608294930875576,1482.0,1.0,6350.0,0.0,0.0004608294930875576,1482,1,Stephens,Texas,0.0,both,0.04608294930875576,0.04608294930875576,0.0,0.0,0.0,0.0,0.0,0.0,0-0.06,0-0.06,-0.12-0,-0.12-0,True,True,0.0,0.0
48431,0.0,543.0,0.0,820.0,0.0,0.0,543,0,Sterling,Texas,0.0,both,0.0,0.0,0.0,0.0,0.0,0.0,0.0,0.0,0-0.06,0-0.06,-0.12-0,-0.12-0,True,True,0.0,0.0
48433,0.0,229.0,0.0,769.0,0.0,0.0,229,0,Stonewall,Texas,0.0,both,0.0,0.0,0.0,0.0,0.0,0.0,0.0,0.0,0-0.06,0-0.06,-0.12-0,-0.12-0,True,True,0.0,0.0
48435,0.0,1077.0,0.0,1975.0,0.0,0.0,1077,0,Sutton,Texas,0.0,both,0.0,0.0,0.0,0.0,0.0,0.0,0.0,0.0,0-0.06,0-0.06,-0.12-0,-0.12-0,True,True,0.0,0.0
48437,0.004060913705583756,1278.0,8.0,4529.0,0.0,0.004060913705583756,1278,8,Swisher,Texas,0.0,both,0.4060913705583756,0.4060913705583756,0.0,0.0,0.0,0.0,0.0,0.0,0.37-0.70,0.37-0.70,-0.12-0,-0.12-0,True,True,0.0,0.0
48439,0.01087873046289618,1853069.0,21760.0,1365169.0,0.0028609444163257038,0.01087873046289618,1853069,21760,Tarrant,Texas,0.0028609444163257038,both,1.087873046289618,1.087873046289618,0.28609444163257036,0.28609444163257036,0.0,0.0,0.0,0.0,0.70+,0.70+,0.24-0.57,0.24-0.57,True,True,0.0,0.0
48441,0.002582825120922206,128206.0,368.0,87176.0,-0.0011398739429097915,0.002582825120922206,128206,368,Taylor,Texas,-0.0011398739429097915,both,0.2582825120922206,0.2582825120922206,-0.11398739429097915,-0.11398739429097915,0.0,0.0,0.0,0.0,0.23-0.37,0.23-0.37,-0.12-0,-0.12-0,True,True,0.0,0.0
48443,0.0,148.0,0.0,718.0,0.0,0.0,148,0,Terrell,Texas,0.0,both,0.0,0.0,0.0,0.0,0.0,0.0,0.0,0.0,0-0.06,0-0.06,-0.12-0,-0.12-0,True,True,0.0,0.0
48445,0.00226499814017748,3177.0,11.0,7356.0,0.008849557522123894,0.00226499814017748,3177,11,Terry,Texas,0.008849557522123894,both,0.22649981401774802,0.22649981401774802,0.8849557522123894,0.8849557522123894,0.0,0.0,0.0,0.0,0.14-0.23,0.14-0.23,0.57+,0.57+,True,True,0.0,0.0
48447,0.0,225.0,0.0,1064.0,0.0,0.0,225,0,Throckmorton,Texas,0.0,both,0.0,0.0,0.0,0.0,0.0,0.0,0.0,0.0,0-0.06,0-0.06,-0.12-0,-0.12-0,True,True,0.0,0.0
48449,0.000898541617302797,9799.0,9.0,19428.0,0.002849002849002849,0.000898541617302797,9799,9,Titus,Texas,0.002849002849002849,both,0.0898541617302797,0.0898541617302797,0.2849002849002849,0.2849002849002849,0.0,0.0,0.0,0.0,0.06-0.14,0.06-0.14,0.24-0.57,0.24-0.57,True,True,0.0,0.0
48451,0.0014557172573716644,50447.0,79.0,77310.0,0.0015424124213911086,0.0014557172573716644,50447,79,Tom Green,Texas,0.0015424124213911086,both,0.14557172573716642,0.14557172573716642,0.15424124213911086,0.15424124213911086,0.0,0.0,0.0,0.0,0.14-0.23,0.14-0.23,0.09-0.24,0.09-0.24,True,True,0.0,0.0
48453,0.04403478254033327,1955818.0,95943.0,901585.0,0.01517738629281587,0.04403478254033327,1955818,95943,Travis,Texas,0.01517738629281587,both,4.4034782540333275,4.4034782540333275,1.5177386292815869,1.5177386292815869,0.0,0.0,0.0,0.0,0.70+,0.70+,0.57+,0.57+,True,True,0.0,0.0
48455,0.003834698956764645,4096.0,15.0,9979.0,0.008711248933456886,0.003834698956764645,4096,15,Trinity,Texas,0.008711248933456886,both,0.3834698956764645,0.3834698956764645,0.8711248933456885,0.8711248933456885,0.0,0.0,0.0,0.0,0.37-0.70,0.37-0.70,0.57+,0.57+,True,True,0.0,0.0
48457,0.003693713479508605,2482.0,14.0,14458.0,0.006311486456134046,0.003693713479508605,2482,14,Tyler,Texas,0.006311486456134046,both,0.3693713479508605,0.3693713479508605,0.6311486456134047,0.6311486456134047,0.0,0.0,0.0,0.0,0.23-0.37,0.23-0.37,0.57+,0.57+,True,True,0.0,0.0
48459,0.0004149377593360996,5028.0,4.0,28275.0,0.002135611318739989,0.0004149377593360996,5028,4,Upshur,Texas,0.002135611318739989,both,0.04149377593360996,0.04149377593360996,0.21356113187399892,0.21356113187399892,0.0,0.0,0.0,0.0,0-0.06,0-0.06,0.09-0.24,0.09-0.24,True,True,0.0,0.0
48461,0.007035096396798525,2105.0,13.0,2195.0,0.006472491909385114,0.007035096396798525,2105,13,Upton,Texas,0.006472491909385114,both,0.7035096396798525,0.7035096396798525,0.6472491909385114,0.6472491909385114,0.0,0.0,0.0,0.0,0.70+,0.70+,0.57+,0.57+,True,True,0.0,0.0
48463,0.00038044847568657094,6126.0,2.0,15486.0,-0.0009174311926605505,0.00038044847568657094,6126,2,Uvalde,Texas,-0.0009174311926605505,both,0.03804484756865709,0.03804484756865709,-0.09174311926605505,-0.09174311926605505,0.0,0.0,0.0,0.0,0-0.06,0-0.06,-0.12-0,-0.12-0,True,True,0.0,0.0
48465,0.0024090018860641878,9774.0,23.0,28847.0,0.0037922674146162573,0.0024090018860641878,9774,23,Val Verde,Texas,0.0037922674146162573,both,0.24090018860641876,0.24090018860641876,0.3792267414616257,0.3792267414616257,0.0,0.0,0.0,0.0,0.23-0.37,0.23-0.37,0.24-0.57,0.24-0.57,True,True,0.0,0.0
48467,0.0009932476914896603,9739.0,7.0,41750.0,0.0,0.0009932476914896603,9739,7,Van Zandt,Texas,0.0,both,0.09932476914896603,0.09932476914896603,0.0,0.0,0.0,0.0,0.0,0.0,0.06-0.14,0.06-0.14,-0.12-0,-0.12-0,True,True,0.0,0.0
48469,0.0019403367394099445,36349.0,69.0,59744.0,0.004561498220572605,0.0019403367394099445,36349,69,Victoria,Texas,0.004561498220572605,both,0.19403367394099444,0.19403367394099444,0.4561498220572605,0.4561498220572605,0.0,0.0,0.0,0.0,0.14-0.23,0.14-0.23,0.24-0.57,0.24-0.57,True,True,0.0,0.0
48471,0.004193008584589651,27806.0,198.0,51244.0,0.009612798998515608,0.004193008584589651,27806,198,Walker,Texas,0.009612798998515608,both,0.4193008584589651,0.4193008584589651,0.9612798998515607,0.9612798998515607,0.0,0.0,0.0,0.0,0.37-0.70,0.37-0.70,0.57+,0.57+,True,True,0.0,0.0
48473,0.005885243280279312,19308.0,122.0,31707.0,0.0005349483243634757,0.005885243280279312,19308,122,Waller,Texas,0.0005349483243634757,both,0.5885243280279312,0.5885243280279312,0.05349483243634757,0.05349483243634757,0.0,0.0,0.0,0.0,0.37-0.70,0.37-0.70,0-0.09,0-0.09,True,True,0.0,0.0
48475,0.003158487087900421,5776.0,29.0,7184.0,0.010054844606946984,0.003158487087900421,5776,29,Ward,Texas,0.010054844606946984,both,0.3158487087900421,0.3158487087900421,1.0054844606946984,1.0054844606946984,0.0,0.0,0.0,0.0,0.23-0.37,0.23-0.37,0.57+,0.57+,True,True,0.0,0.0
48477,0.001923275065718831,20221.0,53.0,24195.0,0.0046716612222937395,0.001923275065718831,20221,53,Washington,Texas,0.0046716612222937395,both,0.1923275065718831,0.1923275065718831,0.4671661222293739,0.4671661222293739,0.0,0.0,0.0,0.0,0.14-0.23,0.14-0.23,0.24-0.57,0.24-0.57,True,True,0.0,0.0
48479,0.002332367607540313,127461.0,393.0,150530.0,0.004448536991639693,0.002332367607540313,127461,393,Webb,Texas,0.004448536991639693,both,0.2332367607540313,0.2332367607540313,0.44485369916396933,0.44485369916396933,0.0,0.0,0.0,0.0,0.23-0.37,0.23-0.37,0.24-0.57,0.24-0.57,True,True,0.0,0.0
48481,0.0024212041653604377,9663.0,21.0,27211.0,-0.00139262544224122,0.0024212041653604377,9663,21,Wharton,Texas,-0.00139262544224122,both,0.24212041653604377,0.24212041653604377,-0.139262544224122,-0.139262544224122,0.0,0.0,0.0,0.0,0.23-0.37,0.23-0.37,<-0.12,<-0.12,True,True,0.0,0.0
48483,0.000689655172413793,1111.0,1.0,3452.0,-0.003875968992248062,0.000689655172413793,1111,1,Wheeler,Texas,-0.003875968992248062,both,0.06896551724137931,0.06896551724137931,-0.3875968992248062,-0.3875968992248062,0.0,0.0,0.0,0.0,0.06-0.14,0.06-0.14,<-0.12,<-0.12,True,True,0.0,0.0
48485,0.005326166832553729,77462.0,558.0,83476.0,0.009976756857865114,0.005326166832553729,77462,558,Wichita,Texas,0.009976756857865114,both,0.5326166832553729,0.5326166832553729,0.9976756857865113,0.9976756857865113,0.0,0.0,0.0,0.0,0.37-0.70,0.37-0.70,0.57+,0.57+,True,True,0.0,0.0
48487,0.0020644964070968943,4828.0,15.0,8703.0,0.002204415900473096,0.0020644964070968943,4828,15,Wilbarger,Texas,0.002204415900473096,both,0.20644964070968944,0.20644964070968944,0.22044159004730962,0.22044159004730962,0.0,0.0,0.0,0.0,0.14-0.23,0.14-0.23,0.09-0.24,0.09-0.24,True,True,0.0,0.0
48489,0.0006309642238679488,3985.0,2.0,12926.0,-0.0016556291390728477,0.0006309642238679488,3985,2,Willacy,Texas,-0.0016556291390728477,both,0.06309642238679489,0.06309642238679489,-0.16556291390728478,-0.16556291390728478,0.0,0.0,0.0,0.0,0.06-0.14,0.06-0.14,<-0.12,<-0.12,True,True,0.0,0.0
48491,0.01746515505131253,414928.0,7655.0,414552.0,-0.004076758635410113,0.01746515505131253,414928,7655,Williamson,Texas,-0.004076758635410113,both,1.746515505131253,1.746515505131253,-0.4076758635410113,-0.4076758635410113,0.0,0.0,0.0,0.0,0.70+,0.70+,<-0.12,<-0.12,True,True,0.0,0.0
48493,0.0015276000481469405,9220.0,20.0,34277.0,0.0035015519140993543,0.0015276000481469405,9220,20,Wilson,Texas,0.0035015519140993543,both,0.15276000481469404,0.15276000481469404,0.35015519140993545,0.35015519140993545,0.0,0.0,0.0,0.0,0.14-0.23,0.14-0.23,0.24-0.57,0.24-0.57,True,True,0.0,0.0
48495,0.014147754711659235,4675.0,64.0,4675.0,-0.00013860013860013919,0.014147754711659235,4675,64,Winkler,Texas,-0.00013860013860013919,both,1.4147754711659235,1.4147754711659235,-0.013860013860013919,-0.013860013860013919,0.0,0.0,0.0,0.0,0.70+,0.70+,-0.12-0,-0.12-0,True,True,0.0,0.0
48497,0.0032710806993042165,20578.0,88.0,47242.0,0.006688809275016171,0.0032710806993042165,20578,88,Wise,Texas,0.006688809275016171,both,0.32710806993042163,0.32710806993042163,0.6688809275016171,0.6688809275016171,0.0,0.0,0.0,0.0,0.23-0.37,0.23-0.37,0.57+,0.57+,True,True,0.0,0.0
48499,0.0011807709705382737,10337.0,16.0,32972.0,0.002330398757120663,0.0011807709705382737,10337,16,Wood,Texas,0.002330398757120663,both,0.11807709705382737,0.11807709705382737,0.2330398757120663,0.2330398757120663,0.0,0.0,0.0,0.0,0.06-0.14,0.06-0.14,0.09-0.24,0.09-0.24,True,True,0.0,0.0
48501,0.03599869947411862,2197.0,81.0,4596.0,-0.024585795757339546,0.03599869947411862,2197,81,Yoakum,Texas,-0.024585795757339546,both,3.5998699474118623,3.5998699474118623,-2.4585795757339546,-2.4585795757339546,0.0,0.0,0.0,0.0,0.70+,0.70+,<-0.12,<-0.12,True,True,0.0,0.0
48503,0.0008310249307479225,3501.0,3.0,12426.0,0.0,0.0008310249307479225,3501,3,Young,Texas,0.0,both,0.08310249307479226,0.08310249307479226,0.0,0.0,0.0,0.0,0.0,0.0,0.06-0.14,0.06-0.14,-0.12-0,-0.12-0,True,True,0.0,0.0
48505,0.002916666666666667,1395.0,3.0,7912.0,0.0,0.002916666666666667,1395,3,Zapata,Texas,0.0,both,0.2916666666666667,0.2916666666666667,0.0,0.0,0.0,0.0,0.0,0.0,0.23-0.37,0.23-0.37,-0.12-0,-0.12-0,True,True,0.0,0.0
48507,0.0007246376811594203,1029.0,1.0,5822.0,0.0,0.0007246376811594203,1029,1,Zavala,Texas,0.0,both,0.07246376811594203,0.07246376811594203,0.0,0.0,0.0,0.0,0.0,0.0,0.06-0.14,0.06-0.14,-0.12-0,-0.12-0,True,True,0.0,0.0
48999,,,,,,0.04437369521949524,210553,13029,"[Texas, county not reported]",Texas,0.0377516075172451,right_only,,4.437369521949524,,3.77516075172451,,,,,No data,0.70+,No data,0.57+,False,False,,
49001,0.000832708943532457,2196.0,2.0,4241.0,0.0009091974223784417,0.000832708943532457,2196,2,Beaver,Utah,0.0009091974223784417,both,0.0832708943532457,0.0832708943532457,0.09091974223784417,0.09091974223784417,0.0,0.0,0.0,0.0,0.06-0.14,0.06-0.14,0.09-0.24,0.09-0.24,True,True,0.0,0.0
49003,0.003144200680116816,22690.0,84.0,34857.0,0.007110370866053915,0.003144200680116816,22690,84,Box Elder,Utah,0.007110370866053915,both,0.3144200680116816,0.3144200680116816,0.7110370866053914,0.7110370866053914,0.0,0.0,0.0,0.0,0.23-0.37,0.23-0.37,0.57+,0.57+,True,True,0.0,0.0
49005,0.007005223561724036,53160.0,367.0,68799.0,0.007658741784074297,0.007005223561724036,53160,367,Cache,Utah,0.007658741784074297,both,0.7005223561724035,0.7005223561724035,0.7658741784074297,0.7658741784074297,0.0,0.0,0.0,0.0,0.70+,0.70+,0.57+,0.57+,True,True,0.0,0.0
49007,0.0018045479743046505,8475.0,11.0,13286.0,0.0056997885014649675,0.0018045479743046505,8475,11,Carbon,Utah,0.0056997885014649675,both,0.18045479743046505,0.18045479743046505,0.5699788501464967,0.5699788501464967,0.0,0.0,0.0,0.0,0.14-0.23,0.14-0.23,0.24-0.57,0.24-0.57,True,True,0.0,0.0
49009,0.014583333333333334,316.0,2.0,429.0,0.058823529411764705,0.014583333333333334,316,2,Daggett,Utah,0.058823529411764705,both,1.4583333333333333,1.4583333333333333,5.88235294117647,5.88235294117647,0.0,0.0,0.0,0.0,0.70+,0.70+,0.57+,0.57+,True,True,0.0,0.0
49011,0.006971783877009379,190964.0,1424.0,215372.0,0.005145816343168794,0.006971783877009379,190964,1424,Davis,Utah,0.005145816343168794,both,0.6971783877009379,0.6971783877009379,0.5145816343168794,0.5145816343168794,0.0,0.0,0.0,0.0,0.37-0.70,0.37-0.70,0.24-0.57,0.24-0.57,True,True,0.0,0.0
49013,0.002441529228384198,6537.0,18.0,11720.0,-0.001895475205636727,0.002441529228384198,6537,18,Duchesne,Utah,-0.001895475205636727,both,0.24415292283841977,0.24415292283841977,-0.1895475205636727,-0.1895475205636727,0.0,0.0,0.0,0.0,0.23-0.37,0.23-0.37,<-0.12,<-0.12,True,True,0.0,0.0
49015,0.0035328136786522504,2805.0,9.0,6282.0,0.01675977653631285,0.0035328136786522504,2805,9,Emery,Utah,0.01675977653631285,both,0.353281367865225,0.353281367865225,1.675977653631285,1.675977653631285,0.0,0.0,0.0,0.0,0.23-0.37,0.23-0.37,0.57+,0.57+,True,True,0.0,0.0
49017,0.0005405405405405405,1666.0,1.0,3747.0,0.0,0.0005405405405405405,1666,1,Garfield,Utah,0.0,both,0.05405405405405406,0.05405405405405406,0.0,0.0,0.0,0.0,0.0,0.0,0-0.06,0-0.06,-0.12-0,-0.12-0,True,True,0.0,0.0
49019,0.0037354892699886988,5198.0,19.0,6970.0,0.004268951675158252,0.0037354892699886988,5198,19,Grand,Utah,0.004268951675158252,both,0.3735489269988699,0.3735489269988699,0.42689516751582524,0.42689516751582524,0.0,0.0,0.0,0.0,0.37-0.70,0.37-0.70,0.24-0.57,0.24-0.57,True,True,0.0,0.0
49021,0.0018752428340110885,16094.0,30.0,32559.0,0.004944805648072435,0.0018752428340110885,16094,30,Iron,Utah,0.004944805648072435,both,0.18752428340110885,0.18752428340110885,0.4944805648072435,0.4944805648072435,0.0,0.0,0.0,0.0,0.14-0.23,0.14-0.23,0.24-0.57,0.24-0.57,True,True,0.0,0.0
49023,0.0013042854630753121,3837.0,6.0,6736.0,0.00425531914893617,0.0013042854630753121,3837,6,Juab,Utah,0.00425531914893617,both,0.1304285463075312,0.1304285463075312,0.425531914893617,0.425531914893617,0.0,0.0,0.0,0.0,0.06-0.14,0.06-0.14,0.24-0.57,0.24-0.57,True,True,0.0,0.0
49025,0.0005759740849505011,2960.0,2.0,5607.0,0.0007858083945040464,0.0005759740849505011,2960,2,Kane,Utah,0.0007858083945040464,both,0.05759740849505011,0.05759740849505011,0.07858083945040464,0.07858083945040464,0.0,0.0,0.0,0.0,0-0.06,0-0.06,0-0.09,0-0.09,True,True,0.0,0.0
49027,0.00021231422505307856,3863.0,1.0,7915.0,0.0012360939431396785,0.00021231422505307856,3863,1,Millard,Utah,0.0012360939431396785,both,0.021231422505307858,0.021231422505307858,0.12360939431396785,0.12360939431396785,0.0,0.0,0.0,0.0,0-0.06,0-0.06,0.09-0.24,0.09-0.24,True,True,0.0,0.0
49029,0.00530119390413508,2196.0,15.0,6940.0,0.022181146025878003,0.00530119390413508,2196,15,Morgan,Utah,0.022181146025878003,both,0.530119390413508,0.530119390413508,2.2181146025878005,2.2181146025878005,0.0,0.0,0.0,0.0,0.37-0.70,0.37-0.70,0.57+,0.57+,True,True,0.0,0.0
49031,0.005853797829811536,398.0,4.0,1234.0,-0.029197080291970802,0.005853797829811536,398,4,Piute,Utah,-0.029197080291970802,both,0.5853797829811537,0.5853797829811537,-2.9197080291970803,-2.9197080291970803,0.0,0.0,0.0,0.0,0.37-0.70,0.37-0.70,<-0.12,<-0.12,True,True,0.0,0.0
49033,0.005063291139240506,965.0,4.0,1528.0,0.022598870056497175,0.005063291139240506,965,4,Rich,Utah,0.022598870056497175,both,0.5063291139240507,0.5063291139240507,2.2598870056497176,2.2598870056497176,0.0,0.0,0.0,0.0,0.37-0.70,0.37-0.70,0.57+,0.57+,True,True,0.0,0.0
49035,0.01946625776629548,1308301.0,27750.0,754424.0,0.0041588380158419265,0.01946625776629548,1308301,27750,Salt Lake,Utah,0.0041588380158419265,both,1.9466257766295478,1.9466257766295478,0.41588380158419264,0.41588380158419264,0.0,0.0,0.0,0.0,0.70+,0.70+,0.24-0.57,0.24-0.57,True,True,0.0,0.0
49037,0.027184978111878415,4566.0,183.0,8909.0,0.07858687815428983,0.027184978111878415,4566,183,San Juan,Utah,0.07858687815428983,both,2.7184978111878415,2.7184978111878415,7.858687815428983,7.858687815428983,0.0,0.0,0.0,0.0,0.70+,0.70+,0.57+,0.57+,True,True,0.0,0.0
49039,0.0066073963907490405,5443.0,29.0,17341.0,0.025569979273480967,0.0066073963907490405,5443,29,Sanpete,Utah,0.025569979273480967,both,0.6607396390749041,0.6607396390749041,2.5569979273480965,2.5569979273480965,0.0,0.0,0.0,0.0,0.37-0.70,0.37-0.70,0.57+,0.57+,True,True,0.0,0.0
49041,0.0024911681218056244,6682.0,15.0,13611.0,0.005808893902221475,0.0024911681218056244,6682,15,Sevier,Utah,0.005808893902221475,both,0.24911681218056245,0.24911681218056245,0.5808893902221476,0.5808893902221476,0.0,0.0,0.0,0.0,0.23-0.37,0.23-0.37,0.57+,0.57+,True,True,0.0,0.0
49043,0.003412377684582213,67617.0,249.0,28806.0,0.0042649482477443105,0.003412377684582213,67617,249,Summit,Utah,0.0042649482477443105,both,0.3412377684582213,0.3412377684582213,0.42649482477443107,0.42649482477443107,0.0,0.0,0.0,0.0,0.23-0.37,0.23-0.37,0.24-0.57,0.24-0.57,True,True,0.0,0.0
49045,0.002218677356941696,24153.0,59.0,43518.0,0.0007015957224497191,0.002218677356941696,24153,59,Tooele,Utah,0.0007015957224497191,both,0.2218677356941696,0.2218677356941696,0.07015957224497191,0.07015957224497191,0.0,0.0,0.0,0.0,0.14-0.23,0.14-0.23,0-0.09,0-0.09,True,True,0.0,0.0
49047,0.0003130802781016539,10834.0,3.0,21267.0,0.0006097560975609756,0.0003130802781016539,10834,3,Uintah,Utah,0.0006097560975609756,both,0.03130802781016539,0.03130802781016539,0.06097560975609756,0.06097560975609756,0.0,0.0,0.0,0.0,0-0.06,0-0.06,0-0.09,0-0.09,True,True,0.0,0.0
49049,0.021784854203830757,403154.0,9421.0,335378.0,-0.0001710842226364355,0.021784854203830757,403154,9421,Utah,Utah,-0.0001710842226364355,both,2.1784854203830757,2.1784854203830757,-0.01710842226364355,-0.01710842226364355,0.0,0.0,0.0,0.0,0.70+,0.70+,-0.12-0,-0.12-0,True,True,0.0,0.0
49051,0.002971548721238813,12773.0,62.0,21373.0,0.012048192771084338,0.002971548721238813,12773,62,Wasatch,Utah,0.012048192771084338,both,0.2971548721238813,0.2971548721238813,1.2048192771084338,1.2048192771084338,0.0,0.0,0.0,0.0,0.23-0.37,0.23-0.37,0.57+,0.57+,True,True,0.0,0.0
49053,0.00398088398466036,55123.0,224.0,120527.0,0.002799206654628341,0.00398088398466036,55123,224,Washington,Utah,0.002799206654628341,both,0.39808839846603605,0.39808839846603605,0.2799206654628341,0.2799206654628341,0.0,0.0,0.0,0.0,0.37-0.70,0.37-0.70,0.24-0.57,0.24-0.57,True,True,0.0,0.0
49055,0.0,537.0,0.0,1753.0,0.0,0.0,537,0,Wayne,Utah,0.0,both,0.0,0.0,0.0,0.0,0.0,0.0,0.0,0.0,0-0.06,0-0.06,-0.12-0,-0.12-0,True,True,0.0,0.0
49057,0.008808196623394146,150375.0,1670.0,164790.0,0.014582623064175123,0.008808196623394146,150375,1670,Weber,Utah,0.014582623064175123,both,0.8808196623394147,0.8808196623394147,1.4582623064175122,1.4582623064175122,0.0,0.0,0.0,0.0,0.70+,0.70+,0.57+,0.57+,True,True,0.0,0.0
49999,,,,,,0.02180000138236714,142483,4578,"[Utah, county not reported]",Utah,0.029269145870141337,right_only,,2.1800001382367142,,2.9269145870141338,,,,,No data,0.70+,No data,0.57+,False,False,,
50001,0.0020205536142827614,20380.0,43.0,26081.0,0.0033591221610023906,0.0020205536142827614,20380,43,Addison,Vermont,0.0033591221610023906,both,0.20205536142827613,0.20205536142827613,0.3359122161002391,0.3359122161002391,0.0,0.0,0.0,0.0,0.14-0.23,0.14-0.23,0.24-0.57,0.24-0.57,True,True,0.0,0.0
50003,0.004089688428245381,22343.0,108.0,26835.0,0.004604545888233679,0.004089688428245381,22343,108,Bennington,Vermont,0.004604545888233679,both,0.4089688428245381,0.4089688428245381,0.4604545888233679,0.4604545888233679,0.0,0.0,0.0,0.0,0.37-0.70,0.37-0.70,0.24-0.57,0.24-0.57,True,True,0.0,0.0
50005,0.0020134314725844494,14024.0,32.0,21985.0,0.0026198640159952186,0.0020134314725844494,14024,32,Caledonia,Vermont,0.0026198640159952186,both,0.20134314725844493,0.20134314725844493,0.26198640159952186,0.26198640159952186,0.0,0.0,0.0,0.0,0.14-0.23,0.14-0.23,0.24-0.57,0.24-0.57,True,True,0.0,0.0
50007,0.013093794516395644,152258.0,2155.0,112289.0,0.00968145832830489,0.013093794516395644,152258,2155,Chittenden,Vermont,0.00968145832830489,both,1.3093794516395645,1.3093794516395645,0.968145832830489,0.968145832830489,0.0,0.0,0.0,0.0,0.70+,0.70+,0.57+,0.57+,True,True,0.0,0.0
50009,0.002782608695652174,880.0,3.0,4562.0,0.002076492176936449,0.002782608695652174,880,3,Essex,Vermont,0.002076492176936449,both,0.2782608695652174,0.2782608695652174,0.20764921769364492,0.20764921769364492,0.0,0.0,0.0,0.0,0.23-0.37,0.23-0.37,0.09-0.24,0.09-0.24,True,True,0.0,0.0
50011,0.0017957616392949307,21152.0,43.0,35303.0,0.003119772241377279,0.0017957616392949307,21152,43,Franklin,Vermont,0.003119772241377279,both,0.17957616392949308,0.17957616392949308,0.3119772241377279,0.3119772241377279,0.0,0.0,0.0,0.0,0.14-0.23,0.14-0.23,0.24-0.57,0.24-0.57,True,True,0.0,0.0
50013,0.0013876999324172112,1025.0,2.0,5608.0,-0.002320185614849188,0.0013876999324172112,1025,2,Grand Isle,Vermont,-0.002320185614849188,both,0.13876999324172112,0.13876999324172112,-0.23201856148491878,-0.23201856148491878,0.0,0.0,0.0,0.0,0.06-0.14,0.06-0.14,<-0.12,<-0.12,True,True,0.0,0.0
50015,0.0017546969482995739,14796.0,27.0,18510.0,-0.0015626173731604093,0.0017546969482995739,14796,27,Lamoille,Vermont,-0.0015626173731604093,both,0.1754696948299574,0.1754696948299574,-0.15626173731604093,-0.15626173731604093,0.0,0.0,0.0,0.0,0.14-0.23,0.14-0.23,<-0.12,<-0.12,True,True,0.0,0.0
50017,0.004163634006764344,9482.0,45.0,21890.0,0.008356608997229934,0.004163634006764344,9482,45,Orange,Vermont,0.008356608997229934,both,0.41636340067643435,0.41636340067643435,0.8356608997229934,0.8356608997229934,0.0,0.0,0.0,0.0,0.37-0.70,0.37-0.70,0.57+,0.57+,True,True,0.0,0.0
50019,0.00030007683342138673,11315.0,3.0,20080.0,-1.2010331440428395e-05,0.00030007683342138673,11315,3,Orleans,Vermont,-1.2010331440428395e-05,both,0.030007683342138672,0.030007683342138672,-0.0012010331440428395,-0.0012010331440428395,0.0,0.0,0.0,0.0,0-0.06,0-0.06,-0.12-0,-0.12-0,True,True,0.0,0.0
50021,0.0025057505420790433,36224.0,98.0,44836.0,0.005097942010194613,0.0025057505420790433,36224,98,Rutland,Vermont,0.005097942010194613,both,0.2505750542079043,0.2505750542079043,0.5097942010194613,0.5097942010194613,0.0,0.0,0.0,0.0,0.23-0.37,0.23-0.37,0.24-0.57,0.24-0.57,True,True,0.0,0.0
50023,0.03367835862202129,100487.0,5412.0,43551.0,0.05686255241711048,0.03367835862202129,100487,5412,Washington,Vermont,0.05686255241711048,both,3.3678358622021287,3.3678358622021287,5.686255241711049,5.686255241711049,0.0,0.0,0.0,0.0,0.70+,0.70+,0.57+,0.57+,True,True,0.0,0.0
50025,0.002627345344258124,27963.0,76.0,34055.0,-0.00034527143152148247,0.002627345344258124,27963,76,Windham,Vermont,-0.00034527143152148247,both,0.2627345344258124,0.2627345344258124,-0.03452714315214825,-0.03452714315214825,0.0,0.0,0.0,0.0,0.23-0.37,0.23-0.37,-0.12-0,-0.12-0,True,True,0.0,0.0
50027,0.0018962139700547439,29904.0,59.0,43448.0,0.001014044061560551,0.0018962139700547439,29904,59,Windsor,Vermont,0.001014044061560551,both,0.1896213970054744,0.1896213970054744,0.10140440615605509,0.10140440615605509,0.0,0.0,0.0,0.0,0.14-0.23,0.14-0.23,0.09-0.24,0.09-0.24,True,True,0.0,0.0
50999,,,,,,0.013812803511340723,7035,71,"[Vermont, county not reported]",Vermont,0.0032868968729489988,right_only,,1.3812803511340723,,0.3286896872948999,,,,,No data,0.70+,No data,0.24-0.57,False,False,,
51001,0.008675121805018995,17047.0,170.0,24396.0,0.015317027433030539,0.008675121805018995,17047,170,Accomack,Virginia,0.015317027433030539,both,0.8675121805018995,0.8675121805018995,1.531702743303054,1.531702743303054,0.0,0.0,0.0,0.0,0.70+,0.70+,0.57+,0.57+,True,True,0.0,0.0
51003,0.01846850726787999,58081.0,1146.0,76936.0,0.0028044822753508017,0.01846850726787999,58081,1146,Albemarle,Virginia,0.0028044822753508017,both,1.846850726787999,1.846850726787999,0.28044822753508014,0.28044822753508014,0.0,0.0,0.0,0.0,0.70+,0.70+,0.24-0.57,0.24-0.57,True,True,0.0,0.0
51005,0.01759216323693646,4105.0,63.0,11161.0,0.008728179551122194,0.01759216323693646,4105,63,Alleghany,Virginia,0.008728179551122194,both,1.759216323693646,1.759216323693646,0.8728179551122194,0.8728179551122194,0.0,0.0,0.0,0.0,0.70+,0.70+,0.57+,0.57+,True,True,0.0,0.0
51007,0.0011125392152797932,1810.0,3.0,9801.0,0.0055762081784386614,0.0011125392152797932,1810,3,Amelia,Virginia,0.0055762081784386614,both,0.11125392152797932,0.11125392152797932,0.5576208178438662,0.5576208178438662,0.0,0.0,0.0,0.0,0.06-0.14,0.06-0.14,0.24-0.57,0.24-0.57,True,True,0.0,0.0
51009,0.006619005299058423,7435.0,75.0,22321.0,-0.008793546408804835,0.006619005299058423,7435,75,Amherst,Virginia,-0.008793546408804835,both,0.6619005299058422,0.6619005299058422,-0.8793546408804834,-0.8793546408804834,0.0,0.0,0.0,0.0,0.37-0.70,0.37-0.70,<-0.12,<-0.12,True,True,0.0,0.0
51011,0.006105797171253804,2032.0,18.0,11491.0,0.025848142164781908,0.006105797171253804,2032,18,Appomattox,Virginia,0.025848142164781908,both,0.6105797171253804,0.6105797171253804,2.5848142164781907,2.5848142164781907,0.0,0.0,0.0,0.0,0.37-0.70,0.37-0.70,0.57+,0.57+,True,True,0.0,0.0
51013,0.05520030648975841,557688.0,32706.0,173124.0,0.04082781182670062,0.05520030648975841,557688,32706,Arlington,Virginia,0.04082781182670062,both,5.520030648975841,5.520030648975841,4.082781182670062,4.082781182670062,0.0,0.0,0.0,0.0,0.70+,0.70+,0.57+,0.57+,True,True,0.0,0.0
51015,0.0024956560107686834,18802.0,47.0,57106.0,0.0031844649468800116,0.0024956560107686834,18802,47,Augusta,Virginia,0.0031844649468800116,both,0.24956560107686834,0.24956560107686834,0.3184464946880012,0.3184464946880012,0.0,0.0,0.0,0.0,0.23-0.37,0.23-0.37,0.24-0.57,0.24-0.57,True,True,0.0,0.0
51017,0.0,3970.0,0.0,3217.0,0.0,0.0,3970,0,Bath,Virginia,0.0,both,0.0,0.0,0.0,0.0,0.0,0.0,0.0,0.0,0-0.06,0-0.06,-0.12-0,-0.12-0,True,True,0.0,0.0
51019,0.005138321286136309,16896.0,91.0,58099.0,-0.0022303962970082105,0.005138321286136309,16896,91,Bedford,Virginia,-0.0022303962970082105,both,0.5138321286136308,0.5138321286136308,-0.22303962970082106,-0.22303962970082106,0.0,0.0,0.0,0.0,0.37-0.70,0.37-0.70,<-0.12,<-0.12,True,True,0.0,0.0
51021,0.00216077026421854,1160.0,2.0,4995.0,0.0,0.00216077026421854,1160,2,Bland,Virginia,0.0,both,0.216077026421854,0.216077026421854,0.0,0.0,0.0,0.0,0.0,0.0,0.14-0.23,0.14-0.23,-0.12-0,-0.12-0,True,True,0.0,0.0
51023,0.0029846238294902365,6961.0,20.0,24891.0,0.0001254741474996865,0.0029846238294902365,6961,20,Botetourt,Virginia,0.0001254741474996865,both,0.29846238294902366,0.29846238294902366,0.01254741474996865,0.01254741474996865,0.0,0.0,0.0,0.0,0.23-0.37,0.23-0.37,0-0.09,0-0.09,True,True,0.0,0.0
51025,0.0015221725107225307,2743.0,4.0,12066.0,0.00032785916824196594,0.0015221725107225307,2743,4,Brunswick,Virginia,0.00032785916824196594,both,0.15221725107225306,0.15221725107225306,0.03278591682419659,0.03278591682419659,0.0,0.0,0.0,0.0,0.14-0.23,0.14-0.23,0-0.09,0-0.09,True,True,0.0,0.0
51027,0.00827459351689228,2609.0,17.0,15445.0,0.0018050541516245488,0.00827459351689228,2609,17,Buchanan,Virginia,0.0018050541516245488,both,0.8274593516892279,0.8274593516892279,0.18050541516245489,0.18050541516245489,0.0,0.0,0.0,0.0,0.70+,0.70+,0.09-0.24,0.09-0.24,True,True,0.0,0.0
51029,0.0034395522879062473,1799.0,8.0,12595.0,0.004150579150579151,0.0034395522879062473,1799,8,Buckingham,Virginia,0.004150579150579151,both,0.34395522879062473,0.34395522879062473,0.4150579150579151,0.4150579150579151,0.0,0.0,0.0,0.0,0.23-0.37,0.23-0.37,0.24-0.57,0.24-0.57,True,True,0.0,0.0
51031,0.0017466203656276648,6740.0,12.0,40012.0,0.0002838484791506967,0.0017466203656276648,6740,12,Campbell,Virginia,0.0002838484791506967,both,0.1746620365627665,0.1746620365627665,0.02838484791506967,0.02838484791506967,0.0,0.0,0.0,0.0,0.14-0.23,0.14-0.23,0-0.09,0-0.09,True,True,0.0,0.0
51033,0.006247391992149211,13747.0,107.0,21511.0,0.00470226319498372,0.006247391992149211,13747,107,Caroline,Virginia,0.00470226319498372,both,0.624739199214921,0.624739199214921,0.470226319498372,0.470226319498372,0.0,0.0,0.0,0.0,0.37-0.70,0.37-0.70,0.24-0.57,0.24-0.57,True,True,0.0,0.0
51035,0.0011385714987413773,3676.0,4.0,21867.0,0.0011248593925759281,0.0011385714987413773,3676,4,Carroll,Virginia,0.0011248593925759281,both,0.11385714987413773,0.11385714987413773,0.11248593925759282,0.11248593925759282,0.0,0.0,0.0,0.0,0.06-0.14,0.06-0.14,0.09-0.24,0.09-0.24,True,True,0.0,0.0
51036,0.013852001970072964,1632.0,35.0,5323.0,0.028419182948490232,0.013852001970072964,1632,35,Charles City,Virginia,0.028419182948490232,both,1.3852001970072965,1.3852001970072965,2.841918294849023,2.841918294849023,0.0,0.0,0.0,0.0,0.70+,0.70+,0.57+,0.57+,True,True,0.0,0.0
51037,0.003217893217893218,1586.0,5.0,8154.0,0.011869436201780416,0.003217893217893218,1586,5,Charlotte,Virginia,0.011869436201780416,both,0.3217893217893218,0.3217893217893218,1.1869436201780417,1.1869436201780417,0.0,0.0,0.0,0.0,0.23-0.37,0.23-0.37,0.57+,0.57+,True,True,0.0,0.0
51041,0.01847782008854506,319444.0,6297.0,247120.0,-0.0012370847693240206,0.01847782008854506,319444,6297,Chesterfield,Virginia,-0.0012370847693240206,both,1.8477820088545058,1.8477820088545058,-0.12370847693240206,-0.12370847693240206,0.0,0.0,0.0,0.0,0.70+,0.70+,<-0.12,<-0.12,True,True,0.0,0.0
51043,0.024086005536718254,5483.0,133.0,10904.0,0.02960451218693346,0.024086005536718254,5483,133,Clarke,Virginia,0.02960451218693346,both,2.4086005536718256,2.4086005536718256,2.960451218693346,2.960451218693346,0.0,0.0,0.0,0.0,0.70+,0.70+,0.57+,0.57+,True,True,0.0,0.0
51045,0.0,440.0,0.0,3476.0,0.0,0.0,440,0,Craig,Virginia,0.0,both,0.0,0.0,0.0,0.0,0.0,0.0,0.0,0.0,0-0.06,0-0.06,-0.12-0,-0.12-0,True,True,0.0,0.0
51047,0.006129698000308959,23008.0,159.0,35453.0,-0.002291724938676047,0.006129698000308959,23008,159,Culpeper,Virginia,-0.002291724938676047,both,0.6129698000308959,0.6129698000308959,-0.2291724938676047,-0.2291724938676047,0.0,0.0,0.0,0.0,0.37-0.70,0.37-0.70,<-0.12,<-0.12,True,True,0.0,0.0
51049,0.005811851288608516,958.0,7.0,7215.0,0.0076208621100261964,0.005811851288608516,958,7,Cumberland,Virginia,0.0076208621100261964,both,0.5811851288608516,0.5811851288608516,0.7620862110026196,0.7620862110026196,0.0,0.0,0.0,0.0,0.37-0.70,0.37-0.70,0.57+,0.57+,True,True,0.0,0.0
51051,0.0021390374331550803,1723.0,4.0,10379.0,0.0,0.0021390374331550803,1723,4,Dickenson,Virginia,0.0,both,0.21390374331550802,0.21390374331550802,0.0,0.0,0.0,0.0,0.0,0.0,0.14-0.23,0.14-0.23,-0.12-0,-0.12-0,True,True,0.0,0.0
51053,0.00697632294506882,4075.0,42.0,20159.0,0.020554066130473638,0.00697632294506882,4075,42,Dinwiddie,Virginia,0.020554066130473638,both,0.697632294506882,0.697632294506882,2.0554066130473636,2.0554066130473636,0.0,0.0,0.0,0.0,0.37-0.70,0.37-0.70,0.57+,0.57+,True,True,0.0,0.0
51057,0.0014677071962631194,5593.0,11.0,7710.0,0.004639976557999086,0.0014677071962631194,5593,11,Essex,Virginia,0.004639976557999086,both,0.14677071962631194,0.14677071962631194,0.4639976557999086,0.4639976557999086,0.0,0.0,0.0,0.0,0.14-0.23,0.14-0.23,0.24-0.57,0.24-0.57,True,True,0.0,0.0
51059,0.07095897116808184,1866622.0,137597.0,782543.0,0.029858304734281013,0.07095897116808184,1866622,137597,Fairfax,Virginia,0.029858304734281013,both,7.0958971168081835,7.0958971168081835,2.985830473428101,2.985830473428101,0.0,0.0,0.0,0.0,0.70+,0.70+,0.57+,0.57+,True,True,0.0,0.0
51061,0.012778675594788009,32547.0,434.0,50357.0,0.008313634019834672,0.012778675594788009,32547,434,Fauquier,Virginia,0.008313634019834672,both,1.277867559478801,1.277867559478801,0.8313634019834673,0.8313634019834673,0.0,0.0,0.0,0.0,0.70+,0.70+,0.57+,0.57+,True,True,0.0,0.0
51063,0.0,1720.0,0.0,11686.0,0.0,0.0,1720,0,Floyd,Virginia,0.0,both,0.0,0.0,0.0,0.0,0.0,0.0,0.0,0.0,0-0.06,0-0.06,-0.12-0,-0.12-0,True,True,0.0,0.0
51065,0.015672866389178107,8951.0,146.0,20240.0,0.020835696601161222,0.015672866389178107,8951,146,Fluvanna,Virginia,0.020835696601161222,both,1.5672866389178106,1.5672866389178106,2.0835696601161224,2.0835696601161224,0.0,0.0,0.0,0.0,0.70+,0.70+,0.57+,0.57+,True,True,0.0,0.0
51067,0.0006496009461507855,10959.0,8.0,39873.0,0.0012057865839671346,0.0006496009461507855,10959,8,Franklin,Virginia,0.0012057865839671346,both,0.06496009461507855,0.06496009461507855,0.12057865839671346,0.12057865839671346,0.0,0.0,0.0,0.0,0.06-0.14,0.06-0.14,0.09-0.24,0.09-0.24,True,True,0.0,0.0
51069,0.006642033050553905,24721.0,171.0,64068.0,0.0072418904499945685,0.006642033050553905,24721,171,Frederick,Virginia,0.0072418904499945685,both,0.6642033050553905,0.6642033050553905,0.7241890449994568,0.7241890449994568,0.0,0.0,0.0,0.0,0.37-0.70,0.37-0.70,0.57+,0.57+,True,True,0.0,0.0
51071,0.003850309122292603,5036.0,20.0,12132.0,0.002576972679237723,0.003850309122292603,5036,20,Giles,Virginia,0.002576972679237723,both,0.3850309122292603,0.3850309122292603,0.25769726792377234,0.25769726792377234,0.0,0.0,0.0,0.0,0.37-0.70,0.37-0.70,0.24-0.57,0.24-0.57,True,True,0.0,0.0
51073,0.002032714220082765,12705.0,42.0,28272.0,0.006173884438240009,0.002032714220082765,12705,42,Gloucester,Virginia,0.006173884438240009,both,0.2032714220082765,0.2032714220082765,0.6173884438240008,0.6173884438240008,0.0,0.0,0.0,0.0,0.14-0.23,0.14-0.23,0.57+,0.57+,True,True,0.0,0.0
51075,0.008471622926874185,8466.0,100.0,18847.0,0.00474856170822217,0.008471622926874185,8466,100,Goochland,Virginia,0.00474856170822217,both,0.8471622926874185,0.8471622926874185,0.47485617082221704,0.47485617082221704,0.0,0.0,0.0,0.0,0.70+,0.70+,0.24-0.57,0.24-0.57,True,True,0.0,0.0
51077,0.0,1558.0,0.0,11769.0,0.0,0.0,1558,0,Grayson,Virginia,0.0,both,0.0,0.0,0.0,0.0,0.0,0.0,0.0,0.0,0-0.06,0-0.06,-0.12-0,-0.12-0,True,True,0.0,0.0
51079,0.0030211822284806856,2773.0,8.0,14314.0,0.012915129151291513,0.0030211822284806856,2773,8,Greene,Virginia,0.012915129151291513,both,0.30211822284806855,0.30211822284806855,1.2915129151291513,1.2915129151291513,0.0,0.0,0.0,0.0,0.23-0.37,0.23-0.37,0.57+,0.57+,True,True,0.0,0.0
51081,0.00047393364928909954,1766.0,1.0,8609.0,0.0031645569620253164,0.00047393364928909954,1766,1,Greensville,Virginia,0.0031645569620253164,both,0.047393364928909956,0.047393364928909956,0.31645569620253167,0.31645569620253167,0.0,0.0,0.0,0.0,0-0.06,0-0.06,0.24-0.57,0.24-0.57,True,True,0.0,0.0
51083,0.0031949678504428272,13911.0,60.0,24647.0,-0.006068498784280055,0.0031949678504428272,13911,60,Halifax,Virginia,-0.006068498784280055,both,0.3194967850442827,0.3194967850442827,-0.6068498784280055,-0.6068498784280055,0.0,0.0,0.0,0.0,0.23-0.37,0.23-0.37,<-0.12,<-0.12,True,True,0.0,0.0
51085,0.003496535310886859,89612.0,454.0,76949.0,0.006926666629119183,0.003496535310886859,89612,454,Hanover,Virginia,0.006926666629119183,both,0.3496535310886859,0.3496535310886859,0.6926666629119183,0.6926666629119183,0.0,0.0,0.0,0.0,0.23-0.37,0.23-0.37,0.57+,0.57+,True,True,0.0,0.0
51087,0.025173603680328883,309566.0,8181.0,232800.0,-0.003009223096364231,0.025173603680328883,309566,8181,Henrico,Virginia,-0.003009223096364231,both,2.517360368032888,2.517360368032888,-0.3009223096364231,-0.3009223096364231,0.0,0.0,0.0,0.0,0.70+,0.70+,<-0.12,<-0.12,True,True,0.0,0.0
51089,0.0013723556996753517,6368.0,13.0,37373.0,0.0043859649122807015,0.0013723556996753517,6368,13,Henry,Virginia,0.0043859649122807015,both,0.13723556996753516,0.13723556996753516,0.43859649122807015,0.43859649122807015,0.0,0.0,0.0,0.0,0.06-0.14,0.06-0.14,0.24-0.57,0.24-0.57,True,True,0.0,0.0
51091,0.0,397.0,0.0,1716.0,0.0,0.0,397,0,Highland,Virginia,0.0,both,0.0,0.0,0.0,0.0,0.0,0.0,0.0,0.0,0-0.06,0-0.06,-0.12-0,-0.12-0,True,True,0.0,0.0
51093,0.005509356075518829,22776.0,149.0,27889.0,-0.0029538883589550185,0.005509356075518829,22776,149,Isle of Wight,Virginia,-0.0029538883589550185,both,0.5509356075518829,0.5509356075518829,-0.29538883589550186,-0.29538883589550186,0.0,0.0,0.0,0.0,0.37-0.70,0.37-0.70,<-0.12,<-0.12,True,True,0.0,0.0
51095,0.00374012944731845,87963.0,407.0,57505.0,0.004020648037232448,0.00374012944731845,87963,407,James City,Virginia,0.004020648037232448,both,0.374012944731845,0.374012944731845,0.4020648037232448,0.4020648037232448,0.0,0.0,0.0,0.0,0.37-0.70,0.37-0.70,0.24-0.57,0.24-0.57,True,True,0.0,0.0
51097,0.008532355993057376,1473.0,23.0,5203.0,0.0412573673870334,0.008532355993057376,1473,23,King and Queen,Virginia,0.0412573673870334,both,0.8532355993057376,0.8532355993057376,4.12573673870334,4.12573673870334,0.0,0.0,0.0,0.0,0.70+,0.70+,0.57+,0.57+,True,True,0.0,0.0
51099,0.04369103753715795,29755.0,1384.0,17979.0,0.05986861372373122,0.04369103753715795,29755,1384,King George,Virginia,0.05986861372373122,both,4.3691037537157955,4.3691037537157955,5.986861372373122,5.986861372373122,0.0,0.0,0.0,0.0,0.70+,0.70+,0.57+,0.57+,True,True,0.0,0.0
51101,0.004760475934366339,7533.0,53.0,12367.0,0.009260036191558785,0.004760475934366339,7533,53,King William,Virginia,0.009260036191558785,both,0.4760475934366339,0.4760475934366339,0.9260036191558786,0.9260036191558786,0.0,0.0,0.0,0.0,0.37-0.70,0.37-0.70,0.57+,0.57+,True,True,0.0,0.0
51103,0.0034130239057345623,7827.0,59.0,8739.0,0.01485842444631343,0.0034130239057345623,7827,59,Lancaster,Virginia,0.01485842444631343,both,0.34130239057345624,0.34130239057345624,1.485842444631343,1.485842444631343,0.0,0.0,0.0,0.0,0.23-0.37,0.23-0.37,0.57+,0.57+,True,True,0.0,0.0
51105,0.0028058255176333516,2449.0,8.0,16643.0,0.005610098176718092,0.0028058255176333516,2449,8,Lee,Virginia,0.005610098176718092,both,0.2805825517633352,0.2805825517633352,0.5610098176718092,0.5610098176718092,0.0,0.0,0.0,0.0,0.23-0.37,0.23-0.37,0.24-0.57,0.24-0.57,True,True,0.0,0.0
51107,0.048495957397840836,344173.0,17731.0,272771.0,0.02474359710078742,0.048495957397840836,344173,17731,Loudoun,Virginia,0.02474359710078742,both,4.849595739784084,4.849595739784084,2.474359710078742,2.474359710078742,0.0,0.0,0.0,0.0,0.70+,0.70+,0.57+,0.57+,True,True,0.0,0.0
51109,0.002156992727497823,6305.0,19.0,27905.0,0.006887052341597796,0.002156992727497823,6305,19,Louisa,Virginia,0.006887052341597796,both,0.21569927274978232,0.21569927274978232,0.6887052341597797,0.6887052341597797,0.0,0.0,0.0,0.0,0.14-0.23,0.14-0.23,0.57+,0.57+,True,True,0.0,0.0
51111,0.0025007766387076732,981.0,2.0,8799.0,0.005319148936170213,0.0025007766387076732,981,2,Lunenburg,Virginia,0.005319148936170213,both,0.25007766387076735,0.25007766387076735,0.5319148936170213,0.5319148936170213,0.0,0.0,0.0,0.0,0.23-0.37,0.23-0.37,0.24-0.57,0.24-0.57,True,True,0.0,0.0
51113,0.005682001614205004,2346.0,11.0,10115.0,0.028423772609819122,0.005682001614205004,2346,11,Madison,Virginia,0.028423772609819122,both,0.5682001614205003,0.5682001614205003,2.842377260981912,2.842377260981912,0.0,0.0,0.0,0.0,0.37-0.70,0.37-0.70,0.57+,0.57+,True,True,0.0,0.0
51115,0.012890725339745371,5078.0,68.0,6472.0,0.0014165890027959,0.012890725339745371,5078,68,Mathews,Virginia,0.0014165890027959,both,1.289072533974537,1.289072533974537,0.14165890027959,0.14165890027959,0.0,0.0,0.0,0.0,0.70+,0.70+,0.09-0.24,0.09-0.24,True,True,0.0,0.0
51117,0.005386936824058333,13397.0,69.0,22650.0,0.019145142137213127,0.005386936824058333,13397,69,Mecklenburg,Virginia,0.019145142137213127,both,0.5386936824058333,0.5386936824058333,1.9145142137213127,1.9145142137213127,0.0,0.0,0.0,0.0,0.37-0.70,0.37-0.70,0.57+,0.57+,True,True,0.0,0.0
51119,0.0032577702509135587,4076.0,21.0,8382.0,0.006540222367560497,0.0032577702509135587,4076,21,Middlesex,Virginia,0.006540222367560497,both,0.32577702509135587,0.32577702509135587,0.6540222367560496,0.6540222367560496,0.0,0.0,0.0,0.0,0.23-0.37,0.23-0.37,0.57+,0.57+,True,True,0.0,0.0
51121,0.016677271804636497,64944.0,1141.0,55915.0,0.016429902273797974,0.016677271804636497,64944,1141,Montgomery,Virginia,0.016429902273797974,both,1.6677271804636498,1.6677271804636498,1.6429902273797974,1.6429902273797974,0.0,0.0,0.0,0.0,0.70+,0.70+,0.57+,0.57+,True,True,0.0,0.0
51125,0.004535345673825438,3043.0,16.0,11116.0,0.018944519621109608,0.004535345673825438,3043,16,Nelson,Virginia,0.018944519621109608,both,0.4535345673825438,0.4535345673825438,1.8944519621109608,1.8944519621109608,0.0,0.0,0.0,0.0,0.37-0.70,0.37-0.70,0.57+,0.57+,True,True,0.0,0.0
51127,0.004937176503184354,7989.0,60.0,17446.0,0.009910485933503837,0.004937176503184354,7989,60,New Kent,Virginia,0.009910485933503837,both,0.4937176503184354,0.4937176503184354,0.9910485933503836,0.9910485933503836,0.0,0.0,0.0,0.0,0.37-0.70,0.37-0.70,0.57+,0.57+,True,True,0.0,0.0
51131,0.009158038414272521,4527.0,61.0,9104.0,0.017943409247757072,0.009158038414272521,4527,61,Northampton,Virginia,0.017943409247757072,both,0.9158038414272521,0.9158038414272521,1.7943409247757072,1.7943409247757072,0.0,0.0,0.0,0.0,0.70+,0.70+,0.57+,0.57+,True,True,0.0,0.0
51133,0.0006993006993006993,1161.0,1.0,9305.0,0.0035460992907801418,0.0006993006993006993,1161,1,Northumberland,Virginia,0.0035460992907801418,both,0.06993006993006994,0.06993006993006994,0.3546099290780142,0.3546099290780142,0.0,0.0,0.0,0.0,0.06-0.14,0.06-0.14,0.24-0.57,0.24-0.57,True,True,0.0,0.0
51135,0.0013369879026616362,4941.0,10.0,11219.0,0.0037059913526868438,0.0013369879026616362,4941,10,Nottoway,Virginia,0.0037059913526868438,both,0.13369879026616363,0.13369879026616363,0.3705991352686844,0.3705991352686844,0.0,0.0,0.0,0.0,0.06-0.14,0.06-0.14,0.24-0.57,0.24-0.57,True,True,0.0,0.0
51137,0.0018813865124828009,9886.0,20.0,26211.0,0.006790402897238569,0.0018813865124828009,9886,20,Orange,Virginia,0.006790402897238569,both,0.18813865124828008,0.18813865124828008,0.6790402897238569,0.6790402897238569,0.0,0.0,0.0,0.0,0.14-0.23,0.14-0.23,0.57+,0.57+,True,True,0.0,0.0
51139,0.0035067327317792134,5816.0,24.0,17364.0,0.008521125205049294,0.0035067327317792134,5816,24,Page,Virginia,0.008521125205049294,both,0.35067327317792135,0.35067327317792135,0.8521125205049295,0.8521125205049295,0.0,0.0,0.0,0.0,0.23-0.37,0.23-0.37,0.57+,0.57+,True,True,0.0,0.0
51141,0.0005576180576180576,2752.0,2.0,13562.0,0.001081081081081081,0.0005576180576180576,2752,2,Patrick,Virginia,0.001081081081081081,both,0.05576180576180576,0.05576180576180576,0.10810810810810811,0.10810810810810811,0.0,0.0,0.0,0.0,0-0.06,0-0.06,0.09-0.24,0.09-0.24,True,True,0.0,0.0
51143,0.00022523036363866815,6402.0,2.0,44958.0,0.0005707762557077625,0.00022523036363866815,6402,2,Pittsylvania,Virginia,0.0005707762557077625,both,0.022523036363866815,0.022523036363866815,0.05707762557077625,0.05707762557077625,0.0,0.0,0.0,0.0,0-0.06,0-0.06,0-0.09,0-0.09,True,True,0.0,0.0
51145,0.0030675616813609177,4803.0,21.0,22976.0,0.004882665156287152,0.0030675616813609177,4803,21,Powhatan,Virginia,0.004882665156287152,both,0.30675616813609174,0.30675616813609174,0.4882665156287152,0.4882665156287152,0.0,0.0,0.0,0.0,0.23-0.37,0.23-0.37,0.24-0.57,0.24-0.57,True,True,0.0,0.0
51147,0.0014037369338124439,10619.0,18.0,12652.0,0.0040086312611652825,0.0014037369338124439,10619,18,Prince Edward,Virginia,0.0040086312611652825,both,0.1403736933812444,0.1403736933812444,0.40086312611652825,0.40086312611652825,0.0,0.0,0.0,0.0,0.14-0.23,0.14-0.23,0.24-0.57,0.24-0.57,True,True,0.0,0.0
51149,0.010532005835297087,21753.0,229.0,27630.0,0.0019690655038994004,0.010532005835297087,21753,229,Prince George,Virginia,0.0019690655038994004,both,1.0532005835297087,1.0532005835297087,0.19690655038994004,0.19690655038994004,0.0,0.0,0.0,0.0,0.70+,0.70+,0.09-0.24,0.09-0.24,True,True,0.0,0.0
51153,0.015579543564241355,196812.0,3298.0,308899.0,0.00905913996237748,0.015579543564241355,196812,3298,Prince William,Virginia,0.00905913996237748,both,1.5579543564241354,1.5579543564241354,0.905913996237748,0.905913996237748,0.0,0.0,0.0,0.0,0.70+,0.70+,0.57+,0.57+,True,True,0.0,0.0
51155,0.001561463138851812,12636.0,21.0,25456.0,0.0019018783663319206,0.001561463138851812,12636,21,Pulaski,Virginia,0.0019018783663319206,both,0.1561463138851812,0.1561463138851812,0.19018783663319205,0.19018783663319205,0.0,0.0,0.0,0.0,0.14-0.23,0.14-0.23,0.09-0.24,0.09-0.24,True,True,0.0,0.0
51157,0.061506817194125304,12718.0,735.0,5568.0,0.04176088982001679,0.061506817194125304,12718,735,Rappahannock,Virginia,0.04176088982001679,both,6.15068171941253,6.15068171941253,4.176088982001679,4.176088982001679,0.0,0.0,0.0,0.0,0.70+,0.70+,0.57+,0.57+,True,True,0.0,0.0
51159,0.0016180656835659301,2576.0,6.0,6785.0,0.00390625,0.0016180656835659301,2576,6,Richmond,Virginia,0.00390625,both,0.16180656835659302,0.16180656835659302,0.390625,0.390625,0.0,0.0,0.0,0.0,0.14-0.23,0.14-0.23,0.24-0.57,0.24-0.57,True,True,0.0,0.0
51161,0.006453819881837607,54430.0,353.0,69897.0,0.0027117340247686354,0.006453819881837607,54430,353,Roanoke,Virginia,0.0027117340247686354,both,0.6453819881837607,0.6453819881837607,0.27117340247686356,0.27117340247686356,0.0,0.0,0.0,0.0,0.37-0.70,0.37-0.70,0.24-0.57,0.24-0.57,True,True,0.0,0.0
51163,0.003324554169190314,2740.0,10.0,17030.0,0.0029455081001472753,0.003324554169190314,2740,10,Rockbridge,Virginia,0.0029455081001472753,both,0.3324554169190314,0.3324554169190314,0.29455081001472755,0.29455081001472755,0.0,0.0,0.0,0.0,0.23-0.37,0.23-0.37,0.24-0.57,0.24-0.57,True,True,0.0,0.0
51165,0.010902798748894237,20626.0,231.0,57436.0,0.0049022022250239956,0.010902798748894237,20626,231,Rockingham,Virginia,0.0049022022250239956,both,1.0902798748894236,1.0902798748894236,0.49022022250239955,0.49022022250239955,0.0,0.0,0.0,0.0,0.70+,0.70+,0.24-0.57,0.24-0.57,True,True,0.0,0.0
51167,0.012729420209298441,4372.0,56.0,19105.0,0.005867798159667706,0.012729420209298441,4372,56,Russell,Virginia,0.005867798159667706,both,1.272942020929844,1.272942020929844,0.5867798159667705,0.5867798159667705,0.0,0.0,0.0,0.0,0.70+,0.70+,0.57+,0.57+,True,True,0.0,0.0
51169,0.0019439679817038306,2932.0,6.0,16157.0,-0.003656307129798903,0.0019439679817038306,2932,6,Scott,Virginia,-0.003656307129798903,both,0.19439679817038308,0.19439679817038308,-0.3656307129798903,-0.3656307129798903,0.0,0.0,0.0,0.0,0.14-0.23,0.14-0.23,<-0.12,<-0.12,True,True,0.0,0.0
51171,0.0022417945783296165,12929.0,30.0,31621.0,0.000630986468135474,0.0022417945783296165,12929,30,Shenandoah,Virginia,0.000630986468135474,both,0.22417945783296164,0.22417945783296164,0.0630986468135474,0.0630986468135474,0.0,0.0,0.0,0.0,0.14-0.23,0.14-0.23,0-0.09,0-0.09,True,True,0.0,0.0
51173,0.0009560606840997639,8405.0,11.0,21792.0,0.004180602006688963,0.0009560606840997639,8405,11,Smyth,Virginia,0.004180602006688963,both,0.09560606840997639,0.09560606840997639,0.4180602006688963,0.4180602006688963,0.0,0.0,0.0,0.0,0.06-0.14,0.06-0.14,0.24-0.57,0.24-0.57,True,True,0.0,0.0
51175,0.001187791978064509,2387.0,4.0,13236.0,0.004531722054380665,0.001187791978064509,2387,4,Southampton,Virginia,0.004531722054380665,both,0.11877919780645091,0.11877919780645091,0.4531722054380665,0.4531722054380665,0.0,0.0,0.0,0.0,0.06-0.14,0.06-0.14,0.24-0.57,0.24-0.57,True,True,0.0,0.0
51177,0.0030460163071290226,37367.0,130.0,94502.0,0.006419091990952365,0.0030460163071290226,37367,130,Spotsylvania,Virginia,0.006419091990952365,both,0.30460163071290225,0.30460163071290225,0.6419091990952366,0.6419091990952366,0.0,0.0,0.0,0.0,0.23-0.37,0.23-0.37,0.57+,0.57+,True,True,0.0,0.0
51179,0.016720102160984057,49791.0,871.0,101532.0,-0.003598006696513726,0.016720102160984057,49791,871,Stafford,Virginia,-0.003598006696513726,both,1.6720102160984056,1.6720102160984056,-0.3598006696513726,-0.3598006696513726,0.0,0.0,0.0,0.0,0.70+,0.70+,<-0.12,<-0.12,True,True,0.0,0.0
51181,0.004113282535940841,3599.0,26.0,4969.0,0.011830635118306352,0.004113282535940841,3599,26,Surry,Virginia,0.011830635118306352,both,0.41132825359408415,0.41132825359408415,1.1830635118306352,1.1830635118306352,0.0,0.0,0.0,0.0,0.37-0.70,0.37-0.70,0.57+,0.57+,True,True,0.0,0.0
51183,0.0021154304356271547,4337.0,15.0,7976.0,0.009110021023125438,0.0021154304356271547,4337,15,Sussex,Virginia,0.009110021023125438,both,0.21154304356271547,0.21154304356271547,0.9110021023125439,0.9110021023125439,0.0,0.0,0.0,0.0,0.14-0.23,0.14-0.23,0.57+,0.57+,True,True,0.0,0.0
51185,0.0003181209285255528,16137.0,5.0,29102.0,0.0002754820936639118,0.0003181209285255528,16137,5,Tazewell,Virginia,0.0002754820936639118,both,0.03181209285255528,0.03181209285255528,0.027548209366391182,0.027548209366391182,0.0,0.0,0.0,0.0,0-0.06,0-0.06,0-0.09,0-0.09,True,True,0.0,0.0
51187,0.00022831293741941758,12024.0,3.0,28642.0,0.0002409024837440074,0.00022831293741941758,12024,3,Warren,Virginia,0.0002409024837440074,both,0.022831293741941757,0.022831293741941757,0.02409024837440074,0.02409024837440074,0.0,0.0,0.0,0.0,0-0.06,0-0.06,0-0.09,0-0.09,True,True,0.0,0.0
51191,0.0023329667749656786,20324.0,46.0,40259.0,-0.0026558007009672875,0.0023329667749656786,20324,46,Washington,Virginia,-0.0026558007009672875,both,0.23329667749656785,0.23329667749656785,-0.26558007009672874,-0.26558007009672874,0.0,0.0,0.0,0.0,0.23-0.37,0.23-0.37,<-0.12,<-0.12,True,True,0.0,0.0
51193,0.00322845227415142,2126.0,8.0,13910.0,-0.0065109850138222024,0.00322845227415142,2126,8,Westmoreland,Virginia,-0.0065109850138222024,both,0.322845227415142,0.322845227415142,-0.6510985013822203,-0.6510985013822203,0.0,0.0,0.0,0.0,0.23-0.37,0.23-0.37,<-0.12,<-0.12,True,True,0.0,0.0
51195,0.00397112799044059,12871.0,66.0,25997.0,-0.0054381282100720634,0.00397112799044059,12871,66,Wise,Virginia,-0.0054381282100720634,both,0.39711279904405905,0.39711279904405905,-0.5438128210072063,-0.5438128210072063,0.0,0.0,0.0,0.0,0.37-0.70,0.37-0.70,<-0.12,<-0.12,True,True,0.0,0.0
51197,0.0004228291058787113,16353.0,8.0,20773.0,0.0006039581442216875,0.0004228291058787113,16353,8,Wythe,Virginia,0.0006039581442216875,both,0.04228291058787113,0.04228291058787113,0.06039581442216875,0.06039581442216875,0.0,0.0,0.0,0.0,0-0.06,0-0.06,0-0.09,0-0.09,True,True,0.0,0.0
51199,0.0044889106258060455,23625.0,132.0,47433.0,0.00018865768355991012,0.0044889106258060455,23625,132,York,Virginia,0.00018865768355991012,both,0.44889106258060457,0.44889106258060457,0.018865768355991012,0.018865768355991012,0.0,0.0,0.0,0.0,0.37-0.70,0.37-0.70,0-0.09,0-0.09,True,True,0.0,0.0
51510,0.03650599911074993,206065.0,7492.0,119669.0,0.0013873585279229883,0.03650599911074993,206065,7492,Alexandria City,Virginia,0.0013873585279229883,both,3.650599911074993,3.650599911074993,0.13873585279229883,0.13873585279229883,0.0,0.0,0.0,0.0,0.70+,0.70+,0.09-0.24,0.09-0.24,True,True,0.0,0.0
51520,0.002612677308603804,11795.0,41.0,12294.0,-0.007478005219595616,0.002612677308603804,11795,41,Bristol City,Virginia,-0.007478005219595616,both,0.2612677308603804,0.2612677308603804,-0.7478005219595616,-0.7478005219595616,0.0,0.0,0.0,0.0,0.23-0.37,0.23-0.37,<-0.12,<-0.12,True,True,0.0,0.0
51530,0.001756473795288599,2102.0,4.0,4024.0,0.0034071550255536627,0.001756473795288599,2102,4,Buena Vista City,Virginia,0.0034071550255536627,both,0.1756473795288599,0.1756473795288599,0.34071550255536626,0.34071550255536626,0.0,0.0,0.0,0.0,0.14-0.23,0.14-0.23,0.24-0.57,0.24-0.57,True,True,0.0,0.0
51540,0.018054756109993384,107490.0,2055.0,29416.0,0.0028122063684136167,0.018054756109993384,107490,2055,Charlottesville City,Virginia,0.0028122063684136167,both,1.8054756109993384,1.8054756109993384,0.28122063684136167,0.28122063684136167,0.0,0.0,0.0,0.0,0.70+,0.70+,0.24-0.57,0.24-0.57,True,True,0.0,0.0
51550,0.0073330378478572876,233867.0,1951.0,168224.0,0.006647715284156082,0.0073330378478572876,233867,1951,Chesapeake City,Virginia,0.006647715284156082,both,0.7333037847857288,0.7333037847857288,0.6647715284156082,0.6647715284156082,0.0,0.0,0.0,0.0,0.70+,0.70+,0.57+,0.57+,True,True,0.0,0.0
51570,0.0024325850365650116,24709.0,71.0,12713.0,0.004142827164324541,0.0024325850365650116,24709,71,Colonial Heights City,Virginia,0.004142827164324541,both,0.24325850365650115,0.24325850365650115,0.41428271643245407,0.41428271643245407,0.0,0.0,0.0,0.0,0.23-0.37,0.23-0.37,0.24-0.57,0.24-0.57,True,True,0.0,0.0
51580,0.0008896470760877542,3428.0,3.0,3991.0,0.0027816411682892906,0.0008896470760877542,3428,3,Covington City,Virginia,0.0027816411682892906,both,0.08896470760877542,0.08896470760877542,0.27816411682892905,0.27816411682892905,0.0,0.0,0.0,0.0,0.06-0.14,0.06-0.14,0.24-0.57,0.24-0.57,True,True,0.0,0.0
51590,0.0017185072587663007,46475.0,90.0,29469.0,-0.0025255327296789826,0.0017185072587663007,46475,90,Danville City,Virginia,-0.0025255327296789826,both,0.17185072587663006,0.17185072587663006,-0.25255327296789826,-0.25255327296789826,0.0,0.0,0.0,0.0,0.14-0.23,0.14-0.23,<-0.12,<-0.12,True,True,0.0,0.0
51595,0.002191907617002093,6118.0,16.0,3819.0,0.0029988378024474512,0.002191907617002093,6118,16,Emporia City,Virginia,0.0029988378024474512,both,0.2191907617002093,0.2191907617002093,0.2998837802447451,0.2998837802447451,0.0,0.0,0.0,0.0,0.14-0.23,0.14-0.23,0.24-0.57,0.24-0.57,True,True,0.0,0.0
51600,0.038612050824192744,115630.0,4602.0,16324.0,0.023984211637561474,0.038612050824192744,115630,4602,Fairfax City,Virginia,0.023984211637561474,both,3.8612050824192745,3.8612050824192745,2.3984211637561472,2.3984211637561472,0.0,0.0,0.0,0.0,0.70+,0.70+,0.57+,0.57+,True,True,0.0,0.0
51610,0.02540422259928616,42058.0,1096.0,9712.0,0.028170995239815255,0.02540422259928616,42058,1096,Falls Church City,Virginia,0.028170995239815255,both,2.540422259928616,2.540422259928616,2.8170995239815255,2.8170995239815255,0.0,0.0,0.0,0.0,0.70+,0.70+,0.57+,0.57+,True,True,0.0,0.0
51620,0.000547297156524694,9022.0,8.0,5659.0,0.0013726835964310226,0.000547297156524694,9022,8,Franklin City,Virginia,0.0013726835964310226,both,0.0547297156524694,0.0547297156524694,0.13726835964310227,0.13726835964310227,0.0,0.0,0.0,0.0,0-0.06,0-0.06,0.09-0.24,0.09-0.24,True,True,0.0,0.0
51630,0.0026225966097814463,34742.0,105.0,16897.0,0.004646358507325933,0.0026225966097814463,34742,105,Fredericksburg City,Virginia,0.004646358507325933,both,0.2622596609781446,0.2622596609781446,0.4646358507325933,0.4646358507325933,0.0,0.0,0.0,0.0,0.23-0.37,0.23-0.37,0.24-0.57,0.24-0.57,True,True,0.0,0.0
51640,0.0023845549813887898,11799.0,48.0,4432.0,-0.004968390271728311,0.0023845549813887898,11799,48,Galax City,Virginia,-0.004968390271728311,both,0.23845549813887898,0.23845549813887898,-0.4968390271728311,-0.4968390271728311,0.0,0.0,0.0,0.0,0.23-0.37,0.23-0.37,<-0.12,<-0.12,True,True,0.0,0.0
51650,0.014252246575575389,122291.0,1861.0,92527.0,-0.0017554076608738318,0.014252246575575389,122291,1861,Hampton City,Virginia,-0.0017554076608738318,both,1.425224657557539,1.425224657557539,-0.17554076608738317,-0.17554076608738317,0.0,0.0,0.0,0.0,0.70+,0.70+,<-0.12,<-0.12,True,True,0.0,0.0
51660,0.006127510768744353,56337.0,348.0,26275.0,0.004701005371916312,0.006127510768744353,56337,348,Harrisonburg City,Virginia,0.004701005371916312,both,0.6127510768744353,0.6127510768744353,0.47010053719163125,0.47010053719163125,0.0,0.0,0.0,0.0,0.37-0.70,0.37-0.70,0.24-0.57,0.24-0.57,True,True,0.0,0.0
51670,0.001753750773197908,19816.0,51.0,15006.0,0.005382574288332309,0.001753750773197908,19816,51,Hopewell City,Virginia,0.005382574288332309,both,0.1753750773197908,0.1753750773197908,0.5382574288332309,0.5382574288332309,0.0,0.0,0.0,0.0,0.14-0.23,0.14-0.23,0.24-0.57,0.24-0.57,True,True,0.0,0.0
51678,0.00249620514992002,9708.0,27.0,3367.0,0.003379759635101164,0.00249620514992002,9708,27,Lexington City,Virginia,0.003379759635101164,both,0.249620514992002,0.249620514992002,0.3379759635101164,0.3379759635101164,0.0,0.0,0.0,0.0,0.23-0.37,0.23-0.37,0.24-0.57,0.24-0.57,True,True,0.0,0.0
51680,0.0053742775389155305,73742.0,407.0,44182.0,0.001345613463995309,0.0053742775389155305,73742,407,Lynchburg City,Virginia,0.001345613463995309,both,0.5374277538915531,0.5374277538915531,0.1345613463995309,0.1345613463995309,0.0,0.0,0.0,0.0,0.37-0.70,0.37-0.70,0.09-0.24,0.09-0.24,True,True,0.0,0.0
51683,0.021411846114030686,45579.0,1070.0,27688.0,0.008735752503508144,0.021411846114030686,45579,1070,Manassas City,Virginia,0.008735752503508144,both,2.1411846114030686,2.1411846114030686,0.8735752503508144,0.8735752503508144,0.0,0.0,0.0,0.0,0.70+,0.70+,0.57+,0.57+,True,True,0.0,0.0
51685,0.015130568356374807,208.0,4.0,11381.0,0.05084745762711865,0.015130568356374807,208,4,Manassas Park City,Virginia,0.05084745762711865,both,1.5130568356374807,1.5130568356374807,5.084745762711865,5.084745762711865,0.0,0.0,0.0,0.0,0.70+,0.70+,0.57+,0.57+,True,True,0.0,0.0
51690,0.002104057279915531,27831.0,71.0,8927.0,-0.003049965063249007,0.002104057279915531,27831,71,Martinsville City,Virginia,-0.003049965063249007,both,0.2104057279915531,0.2104057279915531,-0.3049965063249007,-0.3049965063249007,0.0,0.0,0.0,0.0,0.14-0.23,0.14-0.23,<-0.12,<-0.12,True,True,0.0,0.0
51700,0.009870780156207157,199375.0,2230.0,120199.0,0.0027198143673492197,0.009870780156207157,199375,2230,Newport News City,Virginia,0.0027198143673492197,both,0.9870780156207157,0.9870780156207157,0.271981436734922,0.271981436734922,0.0,0.0,0.0,0.0,0.70+,0.70+,0.24-0.57,0.24-0.57,True,True,0.0,0.0
51710,0.013267623333642667,402395.0,6024.0,152314.0,0.0042149757132821705,0.013267623333642667,402395,6024,Norfolk City,Virginia,0.0042149757132821705,both,1.3267623333642666,1.3267623333642666,0.421497571328217,0.421497571328217,0.0,0.0,0.0,0.0,0.70+,0.70+,0.24-0.57,0.24-0.57,True,True,0.0,0.0
51720,0.0016133093525179856,4414.0,7.0,2684.0,0.0006493506493506494,0.0016133093525179856,4414,7,Norton City,Virginia,0.0006493506493506494,both,0.16133093525179856,0.16133093525179856,0.06493506493506493,0.06493506493506493,0.0,0.0,0.0,0.0,0.14-0.23,0.14-0.23,0-0.09,0-0.09,True,True,0.0,0.0
51730,0.004514623085190313,40790.0,223.0,22903.0,0.0041274572239836625,0.004514623085190313,40790,223,Petersburg City,Virginia,0.0041274572239836625,both,0.4514623085190313,0.4514623085190313,0.41274572239836627,0.41274572239836627,0.0,0.0,0.0,0.0,0.37-0.70,0.37-0.70,0.24-0.57,0.24-0.57,True,True,0.0,0.0
51735,0.007296475447813795,4160.0,41.0,8747.0,-0.011620906490696203,0.007296475447813795,4160,41,Poquoson City,Virginia,-0.011620906490696203,both,0.7296475447813795,0.7296475447813795,-1.1620906490696203,-1.1620906490696203,0.0,0.0,0.0,0.0,0.70+,0.70+,<-0.12,<-0.12,True,True,0.0,0.0
51740,0.0037248185799807197,75546.0,326.0,65575.0,0.0011215077434985027,0.0037248185799807197,75546,326,Portsmouth City,Virginia,0.0011215077434985027,both,0.372481857998072,0.372481857998072,0.11215077434985027,0.11215077434985027,0.0,0.0,0.0,0.0,0.37-0.70,0.37-0.70,0.09-0.24,0.09-0.24,True,True,0.0,0.0
51750,0.016925919020363465,19774.0,343.0,7321.0,0.012746376758927128,0.016925919020363465,19774,343,Radford City,Virginia,0.012746376758927128,both,1.6925919020363465,1.6925919020363465,1.2746376758927127,1.2746376758927127,0.0,0.0,0.0,0.0,0.70+,0.70+,0.57+,0.57+,True,True,0.0,0.0
51760,0.025800682465434426,401500.0,11147.0,160905.0,0.001999160645256695,0.025800682465434426,401500,11147,Richmond City,Virginia,0.001999160645256695,both,2.5800682465434424,2.5800682465434424,0.1999160645256695,0.1999160645256695,0.0,0.0,0.0,0.0,0.70+,0.70+,0.09-0.24,0.09-0.24,True,True,0.0,0.0
51770,0.006458447374368058,100901.0,640.0,69643.0,0.0037571586478127757,0.006458447374368058,100901,640,Roanoke City,Virginia,0.0037571586478127757,both,0.6458447374368058,0.6458447374368058,0.37571586478127755,0.37571586478127755,0.0,0.0,0.0,0.0,0.37-0.70,0.37-0.70,0.24-0.57,0.24-0.57,True,True,0.0,0.0
51775,0.0028619824417481948,36531.0,103.0,17311.0,-0.0003858913491567174,0.0028619824417481948,36531,103,Salem City,Virginia,-0.0003858913491567174,both,0.2861982441748195,0.2861982441748195,-0.03858913491567174,-0.03858913491567174,0.0,0.0,0.0,0.0,0.23-0.37,0.23-0.37,-0.12-0,-0.12-0,True,True,0.0,0.0
51790,0.0016930433157744573,18337.0,45.0,18357.0,-0.005499739670800412,0.0016930433157744573,18337,45,Staunton City,Virginia,-0.005499739670800412,both,0.16930433157744573,0.16930433157744573,-0.5499739670800412,-0.5499739670800412,0.0,0.0,0.0,0.0,0.14-0.23,0.14-0.23,<-0.12,<-0.12,True,True,0.0,0.0
51800,0.00761499991098905,64132.0,513.0,64647.0,-0.003692909791589063,0.00761499991098905,64132,513,Suffolk City,Virginia,-0.003692909791589063,both,0.761499991098905,0.761499991098905,-0.3692909791589063,-0.3692909791589063,0.0,0.0,0.0,0.0,0.70+,0.70+,<-0.12,<-0.12,True,True,0.0,0.0
51810,0.008475351581186055,415127.0,4302.0,316178.0,0.010595648831769992,0.008475351581186055,415127,4302,Virginia Beach City,Virginia,0.010595648831769992,both,0.8475351581186055,0.8475351581186055,1.0595648831769993,1.0595648831769993,0.0,0.0,0.0,0.0,0.70+,0.70+,0.57+,0.57+,True,True,0.0,0.0
51820,0.0030146348692301653,15400.0,61.0,15799.0,-0.0028348837490778152,0.0030146348692301653,15400,61,Waynesboro City,Virginia,-0.0028348837490778152,both,0.3014634869230165,0.3014634869230165,-0.2834883749077815,-0.2834883749077815,0.0,0.0,0.0,0.0,0.23-0.37,0.23-0.37,<-0.12,<-0.12,True,True,0.0,0.0
51830,0.003996374072770476,8218.0,43.0,7688.0,0.0031751198282243378,0.003996374072770476,8218,43,Williamsburg City,Virginia,0.0031751198282243378,both,0.3996374072770476,0.3996374072770476,0.31751198282243376,0.31751198282243376,0.0,0.0,0.0,0.0,0.37-0.70,0.37-0.70,0.24-0.57,0.24-0.57,True,True,0.0,0.0
51840,0.007000744384010253,41773.0,304.0,18799.0,0.006298716931028358,0.007000744384010253,41773,304,Winchester City,Virginia,0.006298716931028358,both,0.7000744384010253,0.7000744384010253,0.6298716931028358,0.6298716931028358,0.0,0.0,0.0,0.0,0.70+,0.70+,0.57+,0.57+,True,True,0.0,0.0
51999,,,,,,0.024942560837408985,109420,3980,"[Virginia, county not reported]",Virginia,0.01999476936765619,right_only,,2.4942560837408987,,1.9994769367656189,,,,,No data,0.70+,No data,0.57+,False,False,,
53001,0.0013118569889154848,6008.0,8.0,11258.0,-6.112342249550034e-05,0.0013118569889154848,6008,8,Adams,Washington,-6.112342249550034e-05,both,0.1311856988915485,0.1311856988915485,-0.006112342249550034,-0.006112342249550034,0.0,0.0,0.0,0.0,0.06-0.14,0.06-0.14,-0.12-0,-0.12-0,True,True,0.0,0.0
53003,0.0003157644824311491,5669.0,2.0,16165.0,0.0006426735218508997,0.0003157644824311491,5669,2,Asotin,Washington,0.0006426735218508997,both,0.03157644824311491,0.03157644824311491,0.06426735218508997,0.06426735218508997,0.0,0.0,0.0,0.0,0-0.06,0-0.06,0-0.09,0-0.09,True,True,0.0,0.0
53005,0.015046345029829863,111578.0,1683.0,134954.0,-0.0005693584663549849,0.015046345029829863,111578,1683,Benton,Washington,-0.0005693584663549849,both,1.5046345029829864,1.5046345029829864,-0.056935846635498485,-0.056935846635498485,0.0,0.0,0.0,0.0,0.70+,0.70+,-0.12-0,-0.12-0,True,True,0.0,0.0
53007,0.002371382551611503,33126.0,87.0,54434.0,0.004200998991533463,0.002371382551611503,33126,87,Chelan,Washington,0.004200998991533463,both,0.2371382551611503,0.2371382551611503,0.4200998991533463,0.4200998991533463,0.0,0.0,0.0,0.0,0.23-0.37,0.23-0.37,0.24-0.57,0.24-0.57,True,True,0.0,0.0
53009,0.002709617605008762,22015.0,59.0,59865.0,-0.001019154447851962,0.002709617605008762,22015,59,Clallam,Washington,-0.001019154447851962,both,0.27096176050087617,0.27096176050087617,-0.10191544478519621,-0.10191544478519621,0.0,0.0,0.0,0.0,0.23-0.37,0.23-0.37,-0.12-0,-0.12-0,True,True,0.0,0.0
53011,0.010934985898878999,283397.0,3514.0,345411.0,0.0051629907096655304,0.010934985898878999,283397,3514,Clark,Washington,0.0051629907096655304,both,1.0934985898879,1.0934985898879,0.516299070966553,0.516299070966553,0.0,0.0,0.0,0.0,0.70+,0.70+,0.24-0.57,0.24-0.57,True,True,0.0,0.0
53013,0.007642007074722805,869.0,9.0,3021.0,-0.01428720408801752,0.007642007074722805,869,9,Columbia,Washington,-0.01428720408801752,both,0.7642007074722805,0.7642007074722805,-1.428720408801752,-1.428720408801752,0.0,0.0,0.0,0.0,0.70+,0.70+,<-0.12,<-0.12,True,True,0.0,0.0
53015,0.0014955948458941896,44407.0,72.0,77072.0,0.0015275205535447915,0.0014955948458941896,44407,72,Cowlitz,Washington,0.0015275205535447915,both,0.14955948458941895,0.14955948458941895,0.15275205535447914,0.15275205535447914,0.0,0.0,0.0,0.0,0.14-0.23,0.14-0.23,0.09-0.24,0.09-0.24,True,True,0.0,0.0
53017,0.0007428119583457399,7315.0,7.0,28706.0,0.00141643059490085,0.0007428119583457399,7315,7,Douglas,Washington,0.00141643059490085,both,0.07428119583457399,0.07428119583457399,0.141643059490085,0.141643059490085,0.0,0.0,0.0,0.0,0.06-0.14,0.06-0.14,0.09-0.24,0.09-0.24,True,True,0.0,0.0
53019,0.0010526315789473684,1272.0,1.0,5559.0,-0.004405286343612335,0.0010526315789473684,1272,1,Ferry,Washington,-0.004405286343612335,both,0.10526315789473684,0.10526315789473684,-0.4405286343612335,-0.4405286343612335,0.0,0.0,0.0,0.0,0.06-0.14,0.06-0.14,<-0.12,<-0.12,True,True,0.0,0.0
53021,0.0015872960262451996,31093.0,51.0,56267.0,0.0027114169295897692,0.0015872960262451996,31093,51,Franklin,Washington,0.0027114169295897692,both,0.15872960262451996,0.15872960262451996,0.27114169295897694,0.27114169295897694,0.0,0.0,0.0,0.0,0.14-0.23,0.14-0.23,0.24-0.57,0.24-0.57,True,True,0.0,0.0
53023,0.0,554.0,0.0,1696.0,0.0,0.0,554,0,Garfield,Washington,0.0,both,0.0,0.0,0.0,0.0,0.0,0.0,0.0,0.0,0-0.06,0-0.06,-0.12-0,-0.12-0,True,True,0.0,0.0
53025,0.0040127605275039595,32004.0,130.0,60723.0,0.002703026713773124,0.0040127605275039595,32004,130,Grant,Washington,0.002703026713773124,both,0.40127605275039596,0.40127605275039596,0.2703026713773124,0.2703026713773124,0.0,0.0,0.0,0.0,0.37-0.70,0.37-0.70,0.24-0.57,0.24-0.57,True,True,0.0,0.0
53027,0.0013804065115833053,20935.0,32.0,55194.0,0.004456706281833617,0.0013804065115833053,20935,32,Grays Harbor,Washington,0.004456706281833617,both,0.13804065115833053,0.13804065115833053,0.4456706281833617,0.4456706281833617,0.0,0.0,0.0,0.0,0.06-0.14,0.06-0.14,0.24-0.57,0.24-0.57,True,True,0.0,0.0
53029,0.0029069640174991494,23480.0,91.0,63659.0,0.008220982940158446,0.0029069640174991494,23480,91,Island,Washington,0.008220982940158446,both,0.29069640174991496,0.29069640174991496,0.8220982940158446,0.8220982940158446,0.0,0.0,0.0,0.0,0.23-0.37,0.23-0.37,0.57+,0.57+,True,True,0.0,0.0
53031,0.002552024401358465,13520.0,56.0,27822.0,0.011604024756099215,0.002552024401358465,13520,56,Jefferson,Washington,0.011604024756099215,both,0.25520244013584653,0.25520244013584653,1.1604024756099216,1.1604024756099216,0.0,0.0,0.0,0.0,0.23-0.37,0.23-0.37,0.57+,0.57+,True,True,0.0,0.0
53033,0.04962632266512285,3679921.0,190143.0,1622636.0,-0.0006628711423823097,0.04962632266512285,3679921,190143,King,Washington,-0.0006628711423823097,both,4.962632266512285,4.962632266512285,-0.06628711423823097,-0.06628711423823097,0.0,0.0,0.0,0.0,0.70+,0.70+,-0.12-0,-0.12-0,True,True,0.0,0.0
53035,0.00502022783728118,151485.0,999.0,194382.0,0.018489477335824775,0.00502022783728118,151485,999,Kitsap,Washington,0.018489477335824775,both,0.5020227837281179,0.5020227837281179,1.8489477335824775,1.8489477335824775,0.0,0.0,0.0,0.0,0.37-0.70,0.37-0.70,0.57+,0.57+,True,True,0.0,0.0
53037,0.0023295028361046315,17650.0,43.0,28306.0,0.003723572872598924,0.0023295028361046315,17650,43,Kittitas,Washington,0.003723572872598924,both,0.23295028361046316,0.23295028361046316,0.3723572872598924,0.3723572872598924,0.0,0.0,0.0,0.0,0.23-0.37,0.23-0.37,0.24-0.57,0.24-0.57,True,True,0.0,0.0
53039,0.007454489910555034,6528.0,50.0,17119.0,-0.0008830273596057711,0.007454489910555034,6528,50,Klickitat,Washington,-0.0008830273596057711,both,0.7454489910555034,0.7454489910555034,-0.08830273596057711,-0.08830273596057711,0.0,0.0,0.0,0.0,0.70+,0.70+,-0.12-0,-0.12-0,True,True,0.0,0.0
53041,0.00037413948491292167,33159.0,14.0,58732.0,0.000767880649407635,0.00037413948491292167,33159,14,Lewis,Washington,0.000767880649407635,both,0.03741394849129217,0.03741394849129217,0.0767880649407635,0.0767880649407635,0.0,0.0,0.0,0.0,0-0.06,0-0.06,0-0.09,0-0.09,True,True,0.0,0.0
53043,0.0029746924790554023,3426.0,10.0,7879.0,0.007641921397379912,0.0029746924790554023,3426,10,Lincoln,Washington,0.007641921397379912,both,0.29746924790554025,0.29746924790554025,0.7641921397379913,0.7641921397379913,0.0,0.0,0.0,0.0,0.23-0.37,0.23-0.37,0.57+,0.57+,True,True,0.0,0.0
53045,0.0014563234964059886,17918.0,31.0,48525.0,0.0013017736441907762,0.0014563234964059886,17918,31,Mason,Washington,0.0013017736441907762,both,0.14563234964059887,0.14563234964059887,0.13017736441907762,0.13017736441907762,0.0,0.0,0.0,0.0,0.14-0.23,0.14-0.23,0.09-0.24,0.09-0.24,True,True,0.0,0.0
53047,0.002930562506165884,9089.0,29.0,29871.0,0.004506534474988734,0.002930562506165884,9089,29,Okanogan,Washington,0.004506534474988734,both,0.29305625061658835,0.29305625061658835,0.45065344749887337,0.45065344749887337,0.0,0.0,0.0,0.0,0.23-0.37,0.23-0.37,0.24-0.57,0.24-0.57,True,True,0.0,0.0
53049,0.0009933885394905364,4569.0,4.0,18446.0,-0.0023446658851113715,0.0009933885394905364,4569,4,Pacific,Washington,-0.0023446658851113715,both,0.09933885394905365,0.09933885394905365,-0.23446658851113714,-0.23446658851113714,0.0,0.0,0.0,0.0,0.06-0.14,0.06-0.14,<-0.12,<-0.12,True,True,0.0,0.0
53051,0.00025380710659898473,2660.0,1.0,9958.0,0.0,0.00025380710659898473,2660,1,Pend Oreille,Washington,0.0,both,0.025380710659898473,0.025380710659898473,0.0,0.0,0.0,0.0,0.0,0.0,0-0.06,0-0.06,-0.12-0,-0.12-0,True,True,0.0,0.0
53053,0.0032820259177915173,614901.0,2286.0,622204.0,0.0033544877470206734,0.0032820259177915173,614901,2286,Pierce,Washington,0.0033544877470206734,both,0.32820259177915173,0.32820259177915173,0.33544877470206735,0.33544877470206735,0.0,0.0,0.0,0.0,0.23-0.37,0.23-0.37,0.24-0.57,0.24-0.57,True,True,0.0,0.0
53055,0.0004514672686230248,3472.0,2.0,14820.0,0.0,0.0004514672686230248,3472,2,San Juan,Washington,0.0,both,0.04514672686230248,0.04514672686230248,0.0,0.0,0.0,0.0,0.0,0.0,0-0.06,0-0.06,-0.12-0,-0.12-0,True,True,0.0,0.0
53057,0.0032331843569485784,56819.0,200.0,92028.0,0.003673682026445971,0.0032331843569485784,56819,200,Skagit,Washington,0.003673682026445971,both,0.32331843569485785,0.32331843569485785,0.3673682026445971,0.3673682026445971,0.0,0.0,0.0,0.0,0.23-0.37,0.23-0.37,0.24-0.57,0.24-0.57,True,True,0.0,0.0
53059,0.018256258858841353,2839.0,35.0,9148.0,-0.04057971014492753,0.018256258858841353,2839,35,Skamania,Washington,-0.04057971014492753,both,1.8256258858841352,1.8256258858841352,-4.057971014492753,-4.057971014492753,0.0,0.0,0.0,0.0,0.70+,0.70+,<-0.12,<-0.12,True,True,0.0,0.0
53061,0.007984649044740468,533282.0,4556.0,580338.0,0.0029055890949697804,0.007984649044740468,533282,4556,Snohomish,Washington,0.0029055890949697804,both,0.7984649044740468,0.7984649044740468,0.29055890949697805,0.29055890949697805,0.0,0.0,0.0,0.0,0.70+,0.70+,0.24-0.57,0.24-0.57,True,True,0.0,0.0
53063,0.00538114913799837,412444.0,2579.0,371538.0,0.00401593183786685,0.00538114913799837,412444,2579,Spokane,Washington,0.00401593183786685,both,0.538114913799837,0.538114913799837,0.401593183786685,0.401593183786685,0.0,0.0,0.0,0.0,0.37-0.70,0.37-0.70,0.24-0.57,0.24-0.57,True,True,0.0,0.0
53065,0.0007859953016419932,13455.0,13.0,33841.0,0.0026533018867924527,0.0007859953016419932,13455,13,Stevens,Washington,0.0026533018867924527,both,0.07859953016419932,0.07859953016419932,0.2653301886792453,0.2653301886792453,0.0,0.0,0.0,0.0,0.06-0.14,0.06-0.14,0.24-0.57,0.24-0.57,True,True,0.0,0.0
53067,0.010507666150280499,187204.0,2111.0,208615.0,0.0008961178391607826,0.010507666150280499,187204,2111,Thurston,Washington,0.0008961178391607826,both,1.05076661502805,1.05076661502805,0.08961178391607827,0.08961178391607827,0.0,0.0,0.0,0.0,0.70+,0.70+,0-0.09,0-0.09,True,True,0.0,0.0
53069,0.002903005464480874,585.0,2.0,3451.0,0.0,0.002903005464480874,585,2,Wahkiakum,Washington,0.0,both,0.2903005464480874,0.2903005464480874,0.0,0.0,0.0,0.0,0.0,0.0,0.23-0.37,0.23-0.37,-0.12-0,-0.12-0,True,True,0.0,0.0
53071,0.0018326325398894724,28789.0,50.0,40947.0,0.0014234558099822916,0.0018326325398894724,28789,50,Walla Walla,Washington,0.0014234558099822916,both,0.18326325398894724,0.18326325398894724,0.14234558099822917,0.14234558099822917,0.0,0.0,0.0,0.0,0.14-0.23,0.14-0.23,0.09-0.24,0.09-0.24,True,True,0.0,0.0
53073,0.0027928481066901616,83221.0,239.0,152506.0,0.004806126468835651,0.0027928481066901616,83221,239,Whatcom,Washington,0.004806126468835651,both,0.27928481066901617,0.27928481066901617,0.4806126468835651,0.4806126468835651,0.0,0.0,0.0,0.0,0.23-0.37,0.23-0.37,0.24-0.57,0.24-0.57,True,True,0.0,0.0
53075,0.018222597627394033,17715.0,314.0,24342.0,-0.0016354333898483103,0.018222597627394033,17715,314,Whitman,Washington,-0.0016354333898483103,both,1.8222597627394033,1.8222597627394033,-0.16354333898483103,-0.16354333898483103,0.0,0.0,0.0,0.0,0.70+,0.70+,<-0.12,<-0.12,True,True,0.0,0.0
53077,0.0017011946281628551,78115.0,136.0,155876.0,0.002611909052212958,0.0017011946281628551,78115,136,Yakima,Washington,0.002611909052212958,both,0.1701194628162855,0.1701194628162855,0.2611909052212958,0.2611909052212958,0.0,0.0,0.0,0.0,0.14-0.23,0.14-0.23,0.24-0.57,0.24-0.57,True,True,0.0,0.0
53999,,,,,,0.02938394813934278,22586,1234,"[Washington, county not reported]",Washington,0.05524828805135422,right_only,,2.938394813934278,,5.524828805135422,,,,,No data,0.70+,No data,0.57+,False,False,,
54001,0.0,2588.0,0.0,10601.0,0.0,0.0,2588,0,Barbour,West Virginia,0.0,both,0.0,0.0,0.0,0.0,0.0,0.0,0.0,0.0,0-0.06,0-0.06,-0.12-0,-0.12-0,True,True,0.0,0.0
54003,0.02009415369621783,41590.0,920.0,85192.0,-0.005589071029822718,0.02009415369621783,41590,920,Berkeley,West Virginia,-0.005589071029822718,both,2.009415369621783,2.009415369621783,-0.5589071029822719,-0.5589071029822719,0.0,0.0,0.0,0.0,0.70+,0.70+,<-0.12,<-0.12,True,True,0.0,0.0
54005,0.002137919896640827,3394.0,6.0,15480.0,-0.0019120458891013384,0.002137919896640827,3394,6,Boone,West Virginia,-0.0019120458891013384,both,0.2137919896640827,0.2137919896640827,-0.19120458891013384,-0.19120458891013384,0.0,0.0,0.0,0.0,0.14-0.23,0.14-0.23,<-0.12,<-0.12,True,True,0.0,0.0
54007,0.0002881844380403458,3049.0,1.0,9292.0,0.0,0.0002881844380403458,3049,1,Braxton,West Virginia,0.0,both,0.028818443804034578,0.028818443804034578,0.0,0.0,0.0,0.0,0.0,0.0,0-0.06,0-0.06,-0.12-0,-0.12-0,True,True,0.0,0.0
54009,0.0007130131483078004,4763.0,4.0,16252.0,0.0009789143579881144,0.0007130131483078004,4763,4,Brooke,West Virginia,0.0009789143579881144,both,0.07130131483078003,0.07130131483078003,0.09789143579881145,0.09789143579881145,0.0,0.0,0.0,0.0,0.06-0.14,0.06-0.14,0.09-0.24,0.09-0.24,True,True,0.0,0.0
54011,0.0037077405818534874,49635.0,189.0,62754.0,0.0057637997030172234,0.0037077405818534874,49635,189,Cabell,West Virginia,0.0057637997030172234,both,0.37077405818534875,0.37077405818534875,0.5763799703017224,0.5763799703017224,0.0,0.0,0.0,0.0,0.37-0.70,0.37-0.70,0.57+,0.57+,True,True,0.0,0.0
54013,0.0,502.0,0.0,4718.0,0.0,0.0,502,0,Calhoun,West Virginia,0.0,both,0.0,0.0,0.0,0.0,0.0,0.0,0.0,0.0,0-0.06,0-0.06,-0.12-0,-0.12-0,True,True,0.0,0.0
54015,0.003614457831325301,810.0,3.0,5609.0,0.022727272727272728,0.003614457831325301,810,3,Clay,West Virginia,0.022727272727272728,both,0.36144578313253006,0.36144578313253006,2.272727272727273,2.272727272727273,0.0,0.0,0.0,0.0,0.23-0.37,0.23-0.37,0.57+,0.57+,True,True,0.0,0.0
54017,0.016455620515546106,712.0,10.0,6056.0,0.04032258064516129,0.016455620515546106,712,10,Doddridge,West Virginia,0.04032258064516129,both,1.6455620515546105,1.6455620515546105,4.032258064516129,4.032258064516129,0.0,0.0,0.0,0.0,0.70+,0.70+,0.57+,0.57+,True,True,0.0,0.0
54019,0.0024761664622444356,12118.0,29.0,29452.0,0.0015050468719826993,0.0024761664622444356,12118,29,Fayette,West Virginia,0.0015050468719826993,both,0.24761664622444357,0.24761664622444357,0.15050468719826993,0.15050468719826993,0.0,0.0,0.0,0.0,0.23-0.37,0.23-0.37,0.09-0.24,0.09-0.24,True,True,0.0,0.0
54021,0.0006802721088435374,1483.0,1.0,5288.0,0.0,0.0006802721088435374,1483,1,Gilmer,West Virginia,0.0,both,0.06802721088435373,0.06802721088435373,0.0,0.0,0.0,0.0,0.0,0.0,0.06-0.14,0.06-0.14,-0.12-0,-0.12-0,True,True,0.0,0.0
54023,0.0,2279.0,0.0,8164.0,0.0,0.0,2279,0,Grant,West Virginia,0.0,both,0.0,0.0,0.0,0.0,0.0,0.0,0.0,0.0,0-0.06,0-0.06,-0.12-0,-0.12-0,True,True,0.0,0.0
54025,0.0006692080442026184,12446.0,9.0,24403.0,-0.001597444089456869,0.0006692080442026184,12446,9,Greenbrier,West Virginia,-0.001597444089456869,both,0.06692080442026184,0.06692080442026184,-0.1597444089456869,-0.1597444089456869,0.0,0.0,0.0,0.0,0.06-0.14,0.06-0.14,<-0.12,<-0.12,True,True,0.0,0.0
54027,0.002381073346698364,3878.0,8.0,17297.0,0.0007369607334152179,0.002381073346698364,3878,8,Hampshire,West Virginia,0.0007369607334152179,both,0.2381073346698364,0.2381073346698364,0.0736960733415218,0.0736960733415218,0.0,0.0,0.0,0.0,0.23-0.37,0.23-0.37,0-0.09,0-0.09,True,True,0.0,0.0
54029,0.0021850753868889387,14565.0,39.0,21485.0,0.002938871473354232,0.0021850753868889387,14565,39,Hancock,West Virginia,0.002938871473354232,both,0.21850753868889386,0.21850753868889386,0.2938871473354232,0.2938871473354232,0.0,0.0,0.0,0.0,0.14-0.23,0.14-0.23,0.24-0.57,0.24-0.57,True,True,0.0,0.0
54031,0.00041897383904818846,4038.0,2.0,10431.0,-0.0011467889908256881,0.00041897383904818846,4038,2,Hardy,West Virginia,-0.0011467889908256881,both,0.04189738390481885,0.04189738390481885,-0.11467889908256881,-0.11467889908256881,0.0,0.0,0.0,0.0,0-0.06,0-0.06,-0.12-0,-0.12-0,True,True,0.0,0.0
54033,0.018914807083929848,42767.0,797.0,46803.0,-0.004220849840972927,0.018914807083929848,42767,797,Harrison,West Virginia,-0.004220849840972927,both,1.8914807083929848,1.8914807083929848,-0.4220849840972927,-0.4220849840972927,0.0,0.0,0.0,0.0,0.70+,0.70+,<-0.12,<-0.12,True,True,0.0,0.0
54035,0.0029009446646152924,6189.0,20.0,19840.0,0.010966415352981495,0.0029009446646152924,6189,20,Jackson,West Virginia,0.010966415352981495,both,0.29009446646152925,0.29009446646152925,1.0966415352981496,1.0966415352981496,0.0,0.0,0.0,0.0,0.23-0.37,0.23-0.37,0.57+,0.57+,True,True,0.0,0.0
54037,0.009235666058653055,23540.0,221.0,40367.0,0.011908030737377215,0.009235666058653055,23540,221,Jefferson,West Virginia,0.011908030737377215,both,0.9235666058653055,0.9235666058653055,1.1908030737377215,1.1908030737377215,0.0,0.0,0.0,0.0,0.70+,0.70+,0.57+,0.57+,True,True,0.0,0.0
54039,0.014388370694948912,136998.0,2048.0,130252.0,0.0029836024494424244,0.014388370694948912,136998,2048,Kanawha,West Virginia,0.0029836024494424244,both,1.438837069494891,1.438837069494891,0.29836024494424246,0.29836024494424246,0.0,0.0,0.0,0.0,0.70+,0.70+,0.24-0.57,0.24-0.57,True,True,0.0,0.0
54041,0.0046204943531409515,6602.0,25.0,12133.0,0.015873015873015872,0.0046204943531409515,6602,25,Lewis,West Virginia,0.015873015873015872,both,0.46204943531409515,0.46204943531409515,1.5873015873015872,1.5873015873015872,0.0,0.0,0.0,0.0,0.37-0.70,0.37-0.70,0.57+,0.57+,True,True,0.0,0.0
54043,0.0011156690906830753,1586.0,2.0,14448.0,0.0034129692832764505,0.0011156690906830753,1586,2,Lincoln,West Virginia,0.0034129692832764505,both,0.11156690906830753,0.11156690906830753,0.3412969283276451,0.3412969283276451,0.0,0.0,0.0,0.0,0.06-0.14,0.06-0.14,0.24-0.57,0.24-0.57,True,True,0.0,0.0
54045,0.001008758514304601,11733.0,10.0,23284.0,0.0004528985507246377,0.001008758514304601,11733,10,Logan,West Virginia,0.0004528985507246377,both,0.10087585143046011,0.10087585143046011,0.04528985507246377,0.04528985507246377,0.0,0.0,0.0,0.0,0.06-0.14,0.06-0.14,0-0.09,0-0.09,True,True,0.0,0.0
54047,0.002046801573855197,2755.0,5.0,13790.0,-0.002317497103128621,0.002046801573855197,2755,5,McDowell,West Virginia,-0.002317497103128621,both,0.2046801573855197,0.2046801573855197,-0.2317497103128621,-0.2317497103128621,0.0,0.0,0.0,0.0,0.14-0.23,0.14-0.23,<-0.12,<-0.12,True,True,0.0,0.0
54049,0.02132259235996194,16940.0,367.0,38618.0,0.017190805129561077,0.02132259235996194,16940,367,Marion,West Virginia,0.017190805129561077,both,2.132259235996194,2.132259235996194,1.7190805129561078,1.7190805129561078,0.0,0.0,0.0,0.0,0.70+,0.70+,0.57+,0.57+,True,True,0.0,0.0
54051,0.0012458904249330479,8420.0,10.0,22710.0,0.00025780570897919724,0.0012458904249330479,8420,10,Marshall,West Virginia,0.00025780570897919724,both,0.12458904249330478,0.12458904249330478,0.025780570897919724,0.025780570897919724,0.0,0.0,0.0,0.0,0.06-0.14,0.06-0.14,0-0.09,0-0.09,True,True,0.0,0.0
54053,0.0013406174601242667,3998.0,5.0,18410.0,0.003205128205128205,0.0013406174601242667,3998,5,Mason,West Virginia,0.003205128205128205,both,0.13406174601242668,0.13406174601242668,0.3205128205128205,0.3205128205128205,0.0,0.0,0.0,0.0,0.06-0.14,0.06-0.14,0.24-0.57,0.24-0.57,True,True,0.0,0.0
54055,0.0010555317732672618,19018.0,19.0,42048.0,0.0001487441465729618,0.0010555317732672618,19018,19,Mercer,West Virginia,0.0001487441465729618,both,0.10555317732672619,0.10555317732672619,0.01487441465729618,0.01487441465729618,0.0,0.0,0.0,0.0,0.06-0.14,0.06-0.14,0-0.09,0-0.09,True,True,0.0,0.0
54057,0.011775070734848993,8007.0,91.0,19384.0,-0.0007342961376688778,0.011775070734848993,8007,91,Mineral,West Virginia,-0.0007342961376688778,both,1.1775070734848994,1.1775070734848994,-0.07342961376688778,-0.07342961376688778,0.0,0.0,0.0,0.0,0.70+,0.70+,-0.12-0,-0.12-0,True,True,0.0,0.0
54059,0.006403085626299057,2265.0,10.0,16663.0,0.01428227137057155,0.006403085626299057,2265,10,Mingo,West Virginia,0.01428227137057155,both,0.6403085626299057,0.6403085626299057,1.428227137057155,1.428227137057155,0.0,0.0,0.0,0.0,0.37-0.70,0.37-0.70,0.57+,0.57+,True,True,0.0,0.0
54061,0.012138946332260316,74547.0,908.0,65027.0,0.008794822834237138,0.012138946332260316,74547,908,Monongalia,West Virginia,0.008794822834237138,both,1.2138946332260316,1.2138946332260316,0.8794822834237138,0.8794822834237138,0.0,0.0,0.0,0.0,0.70+,0.70+,0.57+,0.57+,True,True,0.0,0.0
54063,0.0018632573312119063,2523.0,3.0,8964.0,0.0,0.0018632573312119063,2523,3,Monroe,West Virginia,0.0,both,0.18632573312119063,0.18632573312119063,0.0,0.0,0.0,0.0,0.0,0.0,0.14-0.23,0.14-0.23,-0.12-0,-0.12-0,True,True,0.0,0.0
54065,0.001579277774578126,2336.0,4.0,13060.0,0.005076142131979695,0.001579277774578126,2336,4,Morgan,West Virginia,0.005076142131979695,both,0.1579277774578126,0.1579277774578126,0.5076142131979695,0.5076142131979695,0.0,0.0,0.0,0.0,0.14-0.23,0.14-0.23,0.24-0.57,0.24-0.57,True,True,0.0,0.0
54067,0.001905746593809321,6154.0,12.0,17841.0,0.0015885623510722795,0.001905746593809321,6154,12,Nicholas,West Virginia,0.0015885623510722795,both,0.1905746593809321,0.1905746593809321,0.15885623510722796,0.15885623510722796,0.0,0.0,0.0,0.0,0.14-0.23,0.14-0.23,0.09-0.24,0.09-0.24,True,True,0.0,0.0
54069,0.0023124605591515386,34476.0,94.0,29835.0,0.003526718017645437,0.0023124605591515386,34476,94,Ohio,West Virginia,0.003526718017645437,both,0.23124605591515385,0.23124605591515385,0.3526718017645437,0.3526718017645437,0.0,0.0,0.0,0.0,0.23-0.37,0.23-0.37,0.24-0.57,0.24-0.57,True,True,0.0,0.0
54071,0.008617027910664493,1148.0,7.0,4653.0,0.030534351145038167,0.008617027910664493,1148,7,Pendleton,West Virginia,0.030534351145038167,both,0.8617027910664493,0.8617027910664493,3.0534351145038165,3.0534351145038165,0.0,0.0,0.0,0.0,0.70+,0.70+,0.57+,0.57+,True,True,0.0,0.0
54073,0.00182890365448505,1895.0,5.0,5430.0,-0.007168458781362007,0.00182890365448505,1895,5,Pleasants,West Virginia,-0.007168458781362007,both,0.18289036544850498,0.18289036544850498,-0.7168458781362007,-0.7168458781362007,0.0,0.0,0.0,0.0,0.14-0.23,0.14-0.23,<-0.12,<-0.12,True,True,0.0,0.0
54075,0.008116157826065182,2747.0,28.0,5994.0,-0.0112,0.008116157826065182,2747,28,Pocahontas,West Virginia,-0.0112,both,0.8116157826065182,0.8116157826065182,-1.1199999999999999,-1.1199999999999999,0.0,0.0,0.0,0.0,0.70+,0.70+,<-0.12,<-0.12,True,True,0.0,0.0
54077,0.002118050749433353,5625.0,11.0,25566.0,-0.0011336570536364474,0.002118050749433353,5625,11,Preston,West Virginia,-0.0011336570536364474,both,0.21180507494333528,0.21180507494333528,-0.11336570536364474,-0.11336570536364474,0.0,0.0,0.0,0.0,0.14-0.23,0.14-0.23,-0.12-0,-0.12-0,True,True,0.0,0.0
54079,0.001952895422432252,14209.0,25.0,40561.0,1.7367512598126392e-05,0.001952895422432252,14209,25,Putnam,West Virginia,1.7367512598126392e-05,both,0.1952895422432252,0.1952895422432252,0.0017367512598126392,0.0017367512598126392,0.0,0.0,0.0,0.0,0.14-0.23,0.14-0.23,0-0.09,0-0.09,True,True,0.0,0.0
54081,0.001754203213612375,37905.0,67.0,52795.0,0.005044058402488401,0.001754203213612375,37905,67,Raleigh,West Virginia,0.005044058402488401,both,0.1754203213612375,0.1754203213612375,0.50440584024884,0.50440584024884,0.0,0.0,0.0,0.0,0.14-0.23,0.14-0.23,0.24-0.57,0.24-0.57,True,True,0.0,0.0
54083,0.000572850800314807,8203.0,4.0,20533.0,0.00045045045045045046,0.000572850800314807,8203,4,Randolph,West Virginia,0.00045045045045045046,both,0.0572850800314807,0.0572850800314807,0.04504504504504504,0.04504504504504504,0.0,0.0,0.0,0.0,0-0.06,0-0.06,0-0.09,0-0.09,True,True,0.0,0.0
54085,0.00063145136065061,2493.0,2.0,6234.0,-0.0014727540500736377,0.00063145136065061,2493,2,Ritchie,West Virginia,-0.0014727540500736377,both,0.063145136065061,0.063145136065061,-0.14727540500736377,-0.14727540500736377,0.0,0.0,0.0,0.0,0.06-0.14,0.06-0.14,<-0.12,<-0.12,True,True,0.0,0.0
54087,0.002305876153900716,1869.0,5.0,10110.0,-0.0008904849493445448,0.002305876153900716,1869,5,Roane,West Virginia,-0.0008904849493445448,both,0.2305876153900716,0.2305876153900716,-0.08904849493445448,-0.08904849493445448,0.0,0.0,0.0,0.0,0.23-0.37,0.23-0.37,-0.12-0,-0.12-0,True,True,0.0,0.0
54089,0.0018724424555002569,1890.0,4.0,9424.0,9.796339262696562e-05,0.0018724424555002569,1890,4,Summers,West Virginia,9.796339262696562e-05,both,0.1872442455500257,0.1872442455500257,0.009796339262696562,0.009796339262696562,0.0,0.0,0.0,0.0,0.14-0.23,0.14-0.23,0-0.09,0-0.09,True,True,0.0,0.0
54091,0.001822620513696814,2376.0,5.0,12187.0,0.0017793594306049821,0.001822620513696814,2376,5,Taylor,West Virginia,0.0017793594306049821,both,0.1822620513696814,0.1822620513696814,0.1779359430604982,0.1779359430604982,0.0,0.0,0.0,0.0,0.14-0.23,0.14-0.23,0.09-0.24,0.09-0.24,True,True,0.0,0.0
54093,0.0006622516556291391,1222.0,1.0,5388.0,0.004,0.0006622516556291391,1222,1,Tucker,West Virginia,0.004,both,0.06622516556291391,0.06622516556291391,0.4,0.4,0.0,0.0,0.0,0.0,0.06-0.14,0.06-0.14,0.24-0.57,0.24-0.57,True,True,0.0,0.0
54095,0.0,1638.0,0.0,6182.0,0.0,0.0,1638,0,Tyler,West Virginia,0.0,both,0.0,0.0,0.0,0.0,0.0,0.0,0.0,0.0,0-0.06,0-0.06,-0.12-0,-0.12-0,True,True,0.0,0.0
54097,0.0010662204720133898,6666.0,8.0,16418.0,0.00408997955010225,0.0010662204720133898,6666,8,Upshur,West Virginia,0.00408997955010225,both,0.10662204720133898,0.10662204720133898,0.408997955010225,0.408997955010225,0.0,0.0,0.0,0.0,0.06-0.14,0.06-0.14,0.24-0.57,0.24-0.57,True,True,0.0,0.0
54099,0.004322253385814214,8686.0,38.0,28006.0,0.006080552838246097,0.004322253385814214,8686,38,Wayne,West Virginia,0.006080552838246097,both,0.43222533858142137,0.43222533858142137,0.6080552838246097,0.6080552838246097,0.0,0.0,0.0,0.0,0.37-0.70,0.37-0.70,0.57+,0.57+,True,True,0.0,0.0
54101,0.0025278219395866454,758.0,2.0,6181.0,0.0006477522995206632,0.0025278219395866454,758,2,Webster,West Virginia,0.0006477522995206632,both,0.2527821939586645,0.2527821939586645,0.06477522995206632,0.06477522995206632,0.0,0.0,0.0,0.0,0.23-0.37,0.23-0.37,0-0.09,0-0.09,True,True,0.0,0.0
54103,0.0010511236148986846,5080.0,5.0,10305.0,0.0009165902841429881,0.0010511236148986846,5080,5,Wetzel,West Virginia,0.0009165902841429881,both,0.10511236148986847,0.10511236148986847,0.09165902841429881,0.09165902841429881,0.0,0.0,0.0,0.0,0.06-0.14,0.06-0.14,0.09-0.24,0.09-0.24,True,True,0.0,0.0
54105,0.002,597.0,1.0,3848.0,0.0,0.002,597,1,Wirt,West Virginia,0.0,both,0.2,0.2,0.0,0.0,0.0,0.0,0.0,0.0,0.14-0.23,0.14-0.23,-0.12-0,-0.12-0,True,True,0.0,0.0
54107,0.0024968921564550023,36556.0,88.0,60316.0,0.0045351948459618225,0.0024968921564550023,36556,88,Wood,West Virginia,0.0045351948459618225,both,0.24968921564550023,0.24968921564550023,0.45351948459618224,0.45351948459618224,0.0,0.0,0.0,0.0,0.23-0.37,0.23-0.37,0.24-0.57,0.24-0.57,True,True,0.0,0.0
54109,0.006629495960137374,2337.0,14.0,15447.0,0.02284263959390863,0.006629495960137374,2337,14,Wyoming,West Virginia,0.02284263959390863,both,0.6629495960137374,0.6629495960137374,2.284263959390863,2.284263959390863,0.0,0.0,0.0,0.0,0.37-0.70,0.37-0.70,0.57+,0.57+,True,True,0.0,0.0
54999,,,,,,0.00901459543226869,7087,92,"[West Virginia, county not reported]",West Virginia,-0.004363708171739356,right_only,,0.9014595432268689,,-0.4363708171739356,,,,,No data,0.70+,No data,<-0.12,False,False,,
55001,0.0009281756180733163,2343.0,3.0,16596.0,0.0,0.0009281756180733163,2343,3,Adams,Wisconsin,0.0,both,0.09281756180733164,0.09281756180733164,0.0,0.0,0.0,0.0,0.0,0.0,0.06-0.14,0.06-0.14,-0.12-0,-0.12-0,True,True,0.0,0.0
55003,0.0005055305227697004,5911.0,3.0,11136.0,-5.647151972427923e-05,0.0005055305227697004,5911,3,Ashland,Wisconsin,-5.647151972427923e-05,both,0.05055305227697004,0.05055305227697004,-0.005647151972427923,-0.005647151972427923,0.0,0.0,0.0,0.0,0-0.06,0-0.06,-0.12-0,-0.12-0,True,True,0.0,0.0
55005,0.0003723477602019023,20029.0,7.0,33242.0,-7.337464915698584e-05,0.0003723477602019023,20029,7,Barron,Wisconsin,-7.337464915698584e-05,both,0.03723477602019023,0.03723477602019023,-0.007337464915698583,-0.007337464915698583,0.0,0.0,0.0,0.0,0-0.06,0-0.06,-0.12-0,-0.12-0,True,True,0.0,0.0
55007,0.0004310344827586207,1654.0,1.0,12545.0,0.0,0.0004310344827586207,1654,1,Bayfield,Wisconsin,0.0,both,0.04310344827586207,0.04310344827586207,0.0,0.0,0.0,0.0,0.0,0.0,0-0.06,0-0.06,-0.12-0,-0.12-0,True,True,0.0,0.0
55009,0.005510404362518124,282813.0,1745.0,180495.0,0.0026886065698096297,0.005510404362518124,282813,1745,Brown,Wisconsin,0.0026886065698096297,both,0.5510404362518124,0.5510404362518124,0.26886065698096295,0.26886065698096295,0.0,0.0,0.0,0.0,0.37-0.70,0.37-0.70,0.24-0.57,0.24-0.57,True,True,0.0,0.0
55011,0.0006076980561874338,3348.0,2.0,9747.0,0.0012315270935960591,0.0006076980561874338,3348,2,Buffalo,Wisconsin,0.0012315270935960591,both,0.06076980561874338,0.06076980561874338,0.12315270935960591,0.12315270935960591,0.0,0.0,0.0,0.0,0.06-0.14,0.06-0.14,0.09-0.24,0.09-0.24,True,True,0.0,0.0
55013,0.005084285788016805,2212.0,14.0,12836.0,0.013477088948787063,0.005084285788016805,2212,14,Burnett,Wisconsin,0.013477088948787063,both,0.5084285788016805,0.5084285788016805,1.3477088948787064,1.3477088948787064,0.0,0.0,0.0,0.0,0.37-0.70,0.37-0.70,0.57+,0.57+,True,True,0.0,0.0
55015,0.0008758863661919696,14703.0,17.0,36408.0,0.00036490751293065653,0.0008758863661919696,14703,17,Calumet,Wisconsin,0.00036490751293065653,both,0.08758863661919697,0.08758863661919697,0.03649075129306566,0.03649075129306566,0.0,0.0,0.0,0.0,0.06-0.14,0.06-0.14,0-0.09,0-0.09,True,True,0.0,0.0
55017,0.0029641537873969417,20802.0,56.0,47131.0,0.0027064587632977676,0.0029641537873969417,20802,56,Chippewa,Wisconsin,0.0027064587632977676,both,0.29641537873969415,0.29641537873969415,0.27064587632977677,0.27064587632977677,0.0,0.0,0.0,0.0,0.23-0.37,0.23-0.37,0.24-0.57,0.24-0.57,True,True,0.0,0.0
55019,0.0021658264469149374,8914.0,20.0,21563.0,0.009009009009009009,0.0021658264469149374,8914,20,Clark,Wisconsin,0.009009009009009009,both,0.21658264469149374,0.21658264469149374,0.9009009009009009,0.9009009009009009,0.0,0.0,0.0,0.0,0.14-0.23,0.14-0.23,0.57+,0.57+,True,True,0.0,0.0
55021,0.0014251910162546492,45299.0,91.0,41753.0,0.0040970177904915755,0.0014251910162546492,45299,91,Columbia,Wisconsin,0.0040970177904915755,both,0.1425191016254649,0.1425191016254649,0.40970177904915756,0.40970177904915756,0.0,0.0,0.0,0.0,0.14-0.23,0.14-0.23,0.24-0.57,0.24-0.57,True,True,0.0,0.0
55023,0.0016536476005294912,5526.0,9.0,11782.0,0.007285974499089253,0.0016536476005294912,5526,9,Crawford,Wisconsin,0.007285974499089253,both,0.16536476005294912,0.16536476005294912,0.7285974499089253,0.7285974499089253,0.0,0.0,0.0,0.0,0.14-0.23,0.14-0.23,0.57+,0.57+,True,True,0.0,0.0
55025,0.01356400324472461,820915.0,12282.0,370892.0,0.0026121948989629735,0.01356400324472461,820915,12282,Dane,Wisconsin,0.0026121948989629735,both,1.356400324472461,1.356400324472461,0.26121948989629734,0.26121948989629734,0.0,0.0,0.0,0.0,0.70+,0.70+,0.24-0.57,0.24-0.57,True,True,0.0,0.0
55027,0.0014330991979952651,51610.0,78.0,64480.0,0.0010847859885757954,0.0014330991979952651,51610,78,Dodge,Wisconsin,0.0010847859885757954,both,0.1433099197995265,0.1433099197995265,0.10847859885757954,0.10847859885757954,0.0,0.0,0.0,0.0,0.14-0.23,0.14-0.23,0.09-0.24,0.09-0.24,True,True,0.0,0.0
55029,0.0008547487747960101,12168.0,13.0,23483.0,0.0023082841754295974,0.0008547487747960101,12168,13,Door,Wisconsin,0.0023082841754295974,both,0.08547487747960102,0.08547487747960102,0.23082841754295974,0.23082841754295974,0.0,0.0,0.0,0.0,0.06-0.14,0.06-0.14,0.09-0.24,0.09-0.24,True,True,0.0,0.0
55031,0.0024462289058716467,14862.0,35.0,31727.0,0.0038786539153377007,0.0024462289058716467,14862,35,Douglas,Wisconsin,0.0038786539153377007,both,0.2446228905871647,0.2446228905871647,0.3878653915337701,0.3878653915337701,0.0,0.0,0.0,0.0,0.23-0.37,0.23-0.37,0.24-0.57,0.24-0.57,True,True,0.0,0.0
55033,0.004224191518819156,17513.0,86.0,27990.0,0.01080120527199531,0.004224191518819156,17513,86,Dunn,Wisconsin,0.01080120527199531,both,0.42241915188191553,0.42241915188191553,1.0801205271995309,1.0801205271995309,0.0,0.0,0.0,0.0,0.37-0.70,0.37-0.70,0.57+,0.57+,True,True,0.0,0.0
55035,0.004103575363580474,86760.0,364.0,67365.0,-0.00018621400093141432,0.004103575363580474,86760,364,Eau Claire,Wisconsin,-0.00018621400093141432,both,0.4103575363580474,0.4103575363580474,-0.018621400093141432,-0.018621400093141432,0.0,0.0,0.0,0.0,0.37-0.70,0.37-0.70,-0.12-0,-0.12-0,True,True,0.0,0.0
55037,0.0012903225806451613,1110.0,2.0,3607.0,0.007246376811594203,0.0012903225806451613,1110,2,Florence,Wisconsin,0.007246376811594203,both,0.12903225806451613,0.12903225806451613,0.7246376811594203,0.7246376811594203,0.0,0.0,0.0,0.0,0.06-0.14,0.06-0.14,0.57+,0.57+,True,True,0.0,0.0
55039,0.005897105608395427,63974.0,389.0,73005.0,-0.003717200275971632,0.005897105608395427,63974,389,Fond du Lac,Wisconsin,-0.003717200275971632,both,0.5897105608395427,0.5897105608395427,-0.3717200275971632,-0.3717200275971632,0.0,0.0,0.0,0.0,0.37-0.70,0.37-0.70,<-0.12,<-0.12,True,True,0.0,0.0
55041,0.0018447998646018448,1072.0,2.0,6785.0,-0.0049504950495049506,0.0018447998646018448,1072,2,Forest,Wisconsin,-0.0049504950495049506,both,0.1844799864601845,0.1844799864601845,-0.49504950495049505,-0.49504950495049505,0.0,0.0,0.0,0.0,0.14-0.23,0.14-0.23,<-0.12,<-0.12,True,True,0.0,0.0
55043,0.001959622627347648,17260.0,35.0,32525.0,0.00060324573943251,0.001959622627347648,17260,35,Grant,Wisconsin,0.00060324573943251,both,0.1959622627347648,0.1959622627347648,0.060324573943251,0.060324573943251,0.0,0.0,0.0,0.0,0.14-0.23,0.14-0.23,0-0.09,0-0.09,True,True,0.0,0.0
55045,0.0008001939571015649,21926.0,17.0,26479.0,-0.000292664725302358,0.0008001939571015649,21926,17,Green,Wisconsin,-0.000292664725302358,both,0.0800193957101565,0.0800193957101565,-0.029266472530235798,-0.029266472530235798,0.0,0.0,0.0,0.0,0.06-0.14,0.06-0.14,-0.12-0,-0.12-0,True,True,0.0,0.0
55047,0.003220397527061681,6382.0,20.0,13502.0,0.003489928684589419,0.003220397527061681,6382,20,Green Lake,Wisconsin,0.003489928684589419,both,0.3220397527061681,0.3220397527061681,0.3489928684589419,0.3489928684589419,0.0,0.0,0.0,0.0,0.23-0.37,0.23-0.37,0.24-0.57,0.24-0.57,True,True,0.0,0.0
55049,0.009513223064318862,12441.0,116.0,16888.0,0.0001329005466121306,0.009513223064318862,12441,116,Iowa,Wisconsin,0.0001329005466121306,both,0.9513223064318862,0.9513223064318862,0.013290054661213059,0.013290054661213059,0.0,0.0,0.0,0.0,0.70+,0.70+,0-0.09,0-0.09,True,True,0.0,0.0
55051,0.026366399937979457,1341.0,40.0,4938.0,0.047619047619047616,0.026366399937979457,1341,40,Iron,Wisconsin,0.047619047619047616,both,2.636639993797946,2.636639993797946,4.761904761904762,4.761904761904762,0.0,0.0,0.0,0.0,0.70+,0.70+,0.57+,0.57+,True,True,0.0,0.0
55053,0.0,4852.0,0.0,14912.0,0.0,0.0,4852,0,Jackson,Wisconsin,0.0,both,0.0,0.0,0.0,0.0,0.0,0.0,0.0,0.0,0-0.06,0-0.06,-0.12-0,-0.12-0,True,True,0.0,0.0
55055,0.0025384887076457825,56327.0,170.0,59485.0,0.001620480627860026,0.0025384887076457825,56327,170,Jefferson,Wisconsin,0.001620480627860026,both,0.25384887076457824,0.25384887076457824,0.1620480627860026,0.1620480627860026,0.0,0.0,0.0,0.0,0.23-0.37,0.23-0.37,0.09-0.24,0.09-0.24,True,True,0.0,0.0
55057,0.000583763186364828,8349.0,6.0,19700.0,0.0,0.000583763186364828,8349,6,Juneau,Wisconsin,0.0,both,0.0583763186364828,0.0583763186364828,0.0,0.0,0.0,0.0,0.0,0.0,0-0.06,0-0.06,-0.12-0,-0.12-0,True,True,0.0,0.0
55059,0.004885821565041805,127010.0,717.0,114537.0,0.00551086944019839,0.004885821565041805,127010,717,Kenosha,Wisconsin,0.00551086944019839,both,0.4885821565041805,0.4885821565041805,0.5510869440198389,0.5510869440198389,0.0,0.0,0.0,0.0,0.37-0.70,0.37-0.70,0.24-0.57,0.24-0.57,True,True,0.0,0.0
55061,0.0005830714099817821,5815.0,3.0,14666.0,-0.0017184035476718402,0.0005830714099817821,5815,3,Kewaunee,Wisconsin,-0.0017184035476718402,both,0.058307140998178214,0.058307140998178214,-0.171840354767184,-0.171840354767184,0.0,0.0,0.0,0.0,0-0.06,0-0.06,<-0.12,<-0.12,True,True,0.0,0.0
55063,0.003918265651032043,94628.0,380.0,77996.0,0.003134445287345234,0.003918265651032043,94628,380,La Crosse,Wisconsin,0.003134445287345234,both,0.3918265651032043,0.3918265651032043,0.3134445287345234,0.3134445287345234,0.0,0.0,0.0,0.0,0.37-0.70,0.37-0.70,0.24-0.57,0.24-0.57,True,True,0.0,0.0
55065,0.000423728813559322,3450.0,1.0,11369.0,0.0,0.000423728813559322,3450,1,Lafayette,Wisconsin,0.0,both,0.0423728813559322,0.0423728813559322,0.0,0.0,0.0,0.0,0.0,0.0,0-0.06,0-0.06,-0.12-0,-0.12-0,True,True,0.0,0.0
55067,0.001189659293425249,6775.0,8.0,14333.0,-0.0020713733730252236,0.001189659293425249,6775,8,Langlade,Wisconsin,-0.0020713733730252236,both,0.1189659293425249,0.1189659293425249,-0.20713733730252237,-0.20713733730252237,0.0,0.0,0.0,0.0,0.06-0.14,0.06-0.14,<-0.12,<-0.12,True,True,0.0,0.0
55069,0.003442039878245704,10471.0,35.0,21396.0,0.00448006284806166,0.003442039878245704,10471,35,Lincoln,Wisconsin,0.00448006284806166,both,0.3442039878245704,0.3442039878245704,0.448006284806166,0.448006284806166,0.0,0.0,0.0,0.0,0.23-0.37,0.23-0.37,0.24-0.57,0.24-0.57,True,True,0.0,0.0
55071,0.0006474876481398259,47563.0,31.0,58590.0,0.00012931854678568597,0.0006474876481398259,47563,31,Manitowoc,Wisconsin,0.00012931854678568597,both,0.06474876481398259,0.06474876481398259,0.012931854678568597,0.012931854678568597,0.0,0.0,0.0,0.0,0.06-0.14,0.06-0.14,0-0.09,0-0.09,True,True,0.0,0.0
55073,0.0028025732841452525,87586.0,253.0,96076.0,0.001231433673467694,0.0028025732841452525,87586,253,Marathon,Wisconsin,0.001231433673467694,both,0.2802573284145253,0.2802573284145253,0.12314336734676941,0.12314336734676941,0.0,0.0,0.0,0.0,0.23-0.37,0.23-0.37,0.09-0.24,0.09-0.24,True,True,0.0,0.0
55075,0.0012335089882433104,26599.0,35.0,31233.0,0.000572853546715105,0.0012335089882433104,26599,35,Marinette,Wisconsin,0.000572853546715105,both,0.12335089882433105,0.12335089882433105,0.0572853546715105,0.0572853546715105,0.0,0.0,0.0,0.0,0.06-0.14,0.06-0.14,0-0.09,0-0.09,True,True,0.0,0.0
55077,0.0009297722165062753,2522.0,3.0,11727.0,-0.0036036036036036037,0.0009297722165062753,2522,3,Marquette,Wisconsin,-0.0036036036036036037,both,0.09297722165062752,0.09297722165062752,-0.36036036036036034,-0.36036036036036034,0.0,0.0,0.0,0.0,0.06-0.14,0.06-0.14,<-0.12,<-0.12,True,True,0.0,0.0
55078,0.003961673115901972,748.0,3.0,2488.0,0.0,0.003961673115901972,748,3,Menominee,Wisconsin,0.0,both,0.3961673115901972,0.3961673115901972,0.0,0.0,0.0,0.0,0.0,0.0,0.37-0.70,0.37-0.70,-0.12-0,-0.12-0,True,True,0.0,0.0
55079,0.015305702234625993,1138746.0,18976.0,620640.0,0.0007162824843121411,0.015305702234625993,1138746,18976,Milwaukee,Wisconsin,0.0007162824843121411,both,1.5305702234625993,1.5305702234625993,0.07162824843121411,0.07162824843121411,0.0,0.0,0.0,0.0,0.70+,0.70+,0-0.09,0-0.09,True,True,0.0,0.0
55081,0.0014157068815901055,18756.0,28.0,31206.0,-0.0014641312153776639,0.0014157068815901055,18756,28,Monroe,Wisconsin,-0.0014641312153776639,both,0.14157068815901055,0.14157068815901055,-0.1464131215377664,-0.1464131215377664,0.0,0.0,0.0,0.0,0.14-0.23,0.14-0.23,<-0.12,<-0.12,True,True,0.0,0.0
55083,0.0022731285502860473,10150.0,23.0,28774.0,1.9419616704239445e-06,0.0022731285502860473,10150,23,Oconto,Wisconsin,1.9419616704239445e-06,both,0.22731285502860474,0.22731285502860474,0.00019419616704239445,0.00019419616704239445,0.0,0.0,0.0,0.0,0.14-0.23,0.14-0.23,0-0.09,0-0.09,True,True,0.0,0.0
55085,0.0010673277292072522,19432.0,21.0,29073.0,-0.000844649558081837,0.0010673277292072522,19432,21,Oneida,Wisconsin,-0.000844649558081837,both,0.10673277292072522,0.10673277292072522,-0.0844649558081837,-0.0844649558081837,0.0,0.0,0.0,0.0,0.06-0.14,0.06-0.14,-0.12-0,-0.12-0,True,True,0.0,0.0
55087,0.003735130849591211,201961.0,833.0,130100.0,0.001679683492030304,0.003735130849591211,201961,833,Outagamie,Wisconsin,0.001679683492030304,both,0.3735130849591211,0.3735130849591211,0.16796834920303041,0.16796834920303041,0.0,0.0,0.0,0.0,0.37-0.70,0.37-0.70,0.09-0.24,0.09-0.24,True,True,0.0,0.0
55089,0.011594853120210488,80363.0,917.0,64467.0,-0.006951467602268368,0.011594853120210488,80363,917,Ozaukee,Wisconsin,-0.006951467602268368,both,1.1594853120210489,1.1594853120210489,-0.6951467602268369,-0.6951467602268369,0.0,0.0,0.0,0.0,0.70+,0.70+,<-0.12,<-0.12,True,True,0.0,0.0
55091,0.00025316455696202533,3002.0,1.0,5276.0,0.0,0.00025316455696202533,3002,1,Pepin,Wisconsin,0.0,both,0.025316455696202535,0.025316455696202535,0.0,0.0,0.0,0.0,0.0,0.0,0-0.06,0-0.06,-0.12-0,-0.12-0,True,True,0.0,0.0
55093,0.0019711433360391764,21376.0,51.0,26847.0,0.0049243312876950975,0.0019711433360391764,21376,51,Pierce,Wisconsin,0.0049243312876950975,both,0.19711433360391764,0.19711433360391764,0.49243312876950973,0.49243312876950973,0.0,0.0,0.0,0.0,0.14-0.23,0.14-0.23,0.24-0.57,0.24-0.57,True,True,0.0,0.0
55095,0.000717487964720892,13053.0,11.0,32988.0,0.0019363762102351315,0.000717487964720892,13053,11,Polk,Wisconsin,0.0019363762102351315,both,0.0717487964720892,0.0717487964720892,0.19363762102351315,0.19363762102351315,0.0,0.0,0.0,0.0,0.06-0.14,0.06-0.14,0.09-0.24,0.09-0.24,True,True,0.0,0.0
55097,0.0029031400587271328,46231.0,134.0,45814.0,0.00012825474513237893,0.0029031400587271328,46231,134,Portage,Wisconsin,0.00012825474513237893,both,0.2903140058727133,0.2903140058727133,0.012825474513237893,0.012825474513237893,0.0,0.0,0.0,0.0,0.23-0.37,0.23-0.37,0-0.09,0-0.09,True,True,0.0,0.0
55099,0.0014223773072775186,4477.0,8.0,10709.0,0.006012024048096192,0.0014223773072775186,4477,8,Price,Wisconsin,0.006012024048096192,both,0.14223773072775187,0.14223773072775187,0.6012024048096193,0.6012024048096193,0.0,0.0,0.0,0.0,0.14-0.23,0.14-0.23,0.57+,0.57+,True,True,0.0,0.0
55101,0.004464228031396414,149021.0,832.0,135029.0,0.007557688112101476,0.004464228031396414,149021,832,Racine,Wisconsin,0.007557688112101476,both,0.4464228031396414,0.4464228031396414,0.7557688112101476,0.7557688112101476,0.0,0.0,0.0,0.0,0.37-0.70,0.37-0.70,0.57+,0.57+,True,True,0.0,0.0
55103,0.0010680133537033895,3695.0,4.0,12336.0,-0.0028694404591104736,0.0010680133537033895,3695,4,Richland,Wisconsin,-0.0028694404591104736,both,0.10680133537033895,0.10680133537033895,-0.2869440459110474,-0.2869440459110474,0.0,0.0,0.0,0.0,0.06-0.14,0.06-0.14,<-0.12,<-0.12,True,True,0.0,0.0
55105,0.002596571301455955,128766.0,420.0,112361.0,0.0028158850995136818,0.002596571301455955,128766,420,Rock,Wisconsin,0.0028158850995136818,both,0.2596571301455955,0.2596571301455955,0.2815885099513682,0.2815885099513682,0.0,0.0,0.0,0.0,0.23-0.37,0.23-0.37,0.24-0.57,0.24-0.57,True,True,0.0,0.0
55107,0.0015010364998117517,3455.0,5.0,10386.0,0.0014245014245014246,0.0015010364998117517,3455,5,Rusk,Wisconsin,0.0014245014245014246,both,0.15010364998117517,0.15010364998117517,0.14245014245014245,0.14245014245014245,0.0,0.0,0.0,0.0,0.14-0.23,0.14-0.23,0.09-0.24,0.09-0.24,True,True,0.0,0.0
55109,0.001333487223603534,47853.0,75.0,63874.0,0.0019540371060223433,0.001333487223603534,47853,75,St. Croix,Wisconsin,0.0019540371060223433,both,0.13334872236035342,0.13334872236035342,0.19540371060223433,0.19540371060223433,0.0,0.0,0.0,0.0,0.06-0.14,0.06-0.14,0.09-0.24,0.09-0.24,True,True,0.0,0.0
55111,0.00098644790134661,41827.0,52.0,46152.0,0.001645818655889627,0.00098644790134661,41827,52,Sauk,Wisconsin,0.001645818655889627,both,0.09864479013466101,0.09864479013466101,0.1645818655889627,0.1645818655889627,0.0,0.0,0.0,0.0,0.06-0.14,0.06-0.14,0.09-0.24,0.09-0.24,True,True,0.0,0.0
55113,0.0008782611356021828,4084.0,4.0,13693.0,0.001183431952662722,0.0008782611356021828,4084,4,Sawyer,Wisconsin,0.001183431952662722,both,0.08782611356021827,0.08782611356021827,0.1183431952662722,0.1183431952662722,0.0,0.0,0.0,0.0,0.06-0.14,0.06-0.14,0.09-0.24,0.09-0.24,True,True,0.0,0.0
55115,0.004107595310717323,12600.0,72.0,29299.0,0.000670309314673315,0.004107595310717323,12600,72,Shawano,Wisconsin,0.000670309314673315,both,0.4107595310717323,0.4107595310717323,0.0670309314673315,0.0670309314673315,0.0,0.0,0.0,0.0,0.37-0.70,0.37-0.70,0-0.09,0-0.09,True,True,0.0,0.0
55117,0.002995167513993556,75671.0,243.0,82149.0,0.001306567118728633,0.002995167513993556,75671,243,Sheboygan,Wisconsin,0.001306567118728633,both,0.29951675139935563,0.29951675139935563,0.13065671187286332,0.13065671187286332,0.0,0.0,0.0,0.0,0.23-0.37,0.23-0.37,0.09-0.24,0.09-0.24,True,True,0.0,0.0
55119,0.003665545713912867,7086.0,22.0,13904.0,0.01390361311332383,0.003665545713912867,7086,22,Taylor,Wisconsin,0.01390361311332383,both,0.36655457139128667,0.36655457139128667,1.390361311332383,1.390361311332383,0.0,0.0,0.0,0.0,0.23-0.37,0.23-0.37,0.57+,0.57+,True,True,0.0,0.0
55121,0.001946987509271315,13970.0,31.0,20775.0,-0.0008287247227992052,0.001946987509271315,13970,31,Trempealeau,Wisconsin,-0.0008287247227992052,both,0.19469875092713151,0.19469875092713151,-0.08287247227992052,-0.08287247227992052,0.0,0.0,0.0,0.0,0.14-0.23,0.14-0.23,-0.12-0,-0.12-0,True,True,0.0,0.0
55123,0.0005118813782103351,7623.0,6.0,20660.0,0.0010712372790573112,0.0005118813782103351,7623,6,Vernon,Wisconsin,0.0010712372790573112,both,0.05118813782103351,0.05118813782103351,0.10712372790573112,0.10712372790573112,0.0,0.0,0.0,0.0,0-0.06,0-0.06,0.09-0.24,0.09-0.24,True,True,0.0,0.0
55125,0.00791607498572909,5109.0,53.0,18135.0,0.03151618398637138,0.00791607498572909,5109,53,Vilas,Wisconsin,0.03151618398637138,both,0.7916074985729091,0.7916074985729091,3.1516183986371376,3.1516183986371376,0.0,0.0,0.0,0.0,0.70+,0.70+,0.57+,0.57+,True,True,0.0,0.0
55127,0.0026074722706834184,66220.0,206.0,70518.0,0.004818463970548557,0.0026074722706834184,66220,206,Walworth,Wisconsin,0.004818463970548557,both,0.26074722706834186,0.26074722706834186,0.48184639705485566,0.48184639705485566,0.0,0.0,0.0,0.0,0.23-0.37,0.23-0.37,0.24-0.57,0.24-0.57,True,True,0.0,0.0
55129,0.0006329113924050633,3913.0,3.0,12605.0,0.0,0.0006329113924050633,3913,3,Washburn,Wisconsin,0.0,both,0.06329113924050633,0.06329113924050633,0.0,0.0,0.0,0.0,0.0,0.0,0.06-0.14,0.06-0.14,-0.12-0,-0.12-0,True,True,0.0,0.0
55131,0.004208136588535959,92855.0,422.0,97348.0,0.0044877515488575635,0.004208136588535959,92855,422,Washington,Wisconsin,0.0044877515488575635,both,0.4208136588535959,0.4208136588535959,0.44877515488575637,0.44877515488575637,0.0,0.0,0.0,0.0,0.37-0.70,0.37-0.70,0.24-0.57,0.24-0.57,True,True,0.0,0.0
55133,0.011015234178086355,530248.0,6222.0,289847.0,0.00277500848873723,0.011015234178086355,530248,6222,Waukesha,Wisconsin,0.00277500848873723,both,1.1015234178086355,1.1015234178086355,0.277500848873723,0.277500848873723,0.0,0.0,0.0,0.0,0.70+,0.70+,0.24-0.57,0.24-0.57,True,True,0.0,0.0
55135,0.0006731481792759161,25655.0,20.0,37712.0,0.00019981259470245645,0.0006731481792759161,25655,20,Waupaca,Wisconsin,0.00019981259470245645,both,0.06731481792759161,0.06731481792759161,0.019981259470245646,0.019981259470245646,0.0,0.0,0.0,0.0,0.06-0.14,0.06-0.14,0-0.09,0-0.09,True,True,0.0,0.0
55137,0.0005100611333855303,5254.0,4.0,18695.0,0.0009861932938856016,0.0005100611333855303,5254,4,Waushara,Wisconsin,0.0009861932938856016,both,0.05100611333855303,0.05100611333855303,0.09861932938856016,0.09861932938856016,0.0,0.0,0.0,0.0,0-0.06,0-0.06,0.09-0.24,0.09-0.24,True,True,0.0,0.0
55139,0.005111365511869754,147183.0,810.0,116103.0,0.0030045856519545448,0.005111365511869754,147183,810,Winnebago,Wisconsin,0.0030045856519545448,both,0.5111365511869753,0.5111365511869753,0.3004585651954545,0.3004585651954545,0.0,0.0,0.0,0.0,0.37-0.70,0.37-0.70,0.24-0.57,0.24-0.57,True,True,0.0,0.0
55141,0.003098131655652701,50924.0,156.0,52948.0,0.0004726672708010443,0.003098131655652701,50924,156,Wood,Wisconsin,0.0004726672708010443,both,0.3098131655652701,0.3098131655652701,0.04726672708010443,0.04726672708010443,0.0,0.0,0.0,0.0,0.23-0.37,0.23-0.37,0-0.09,0-0.09,True,True,0.0,0.0
55999,,,,,,0.021336850139473052,93552,3287,"[Wisconsin, county not reported]",Wisconsin,0.03268662604799589,right_only,,2.1336850139473054,,3.268662604799589,,,,,No data,0.70+,No data,0.57+,False,False,,
56001,0.007125816304547361,22075.0,183.0,21101.0,0.011427064711403855,0.007125816304547361,22075,183,Albany,Wyoming,0.011427064711403855,both,0.7125816304547361,0.7125816304547361,1.1427064711403856,1.1427064711403856,0.0,0.0,0.0,0.0,0.70+,0.70+,0.57+,0.57+,True,True,0.0,0.0
56003,0.004787071412972264,3660.0,13.0,7954.0,0.005312084993359893,0.004787071412972264,3660,13,Big Horn,Wyoming,0.005312084993359893,both,0.47870714129722647,0.47870714129722647,0.5312084993359893,0.5312084993359893,0.0,0.0,0.0,0.0,0.37-0.70,0.37-0.70,0.24-0.57,0.24-0.57,True,True,0.0,0.0
56005,0.002644751464221745,23093.0,59.0,30249.0,0.0019229138369440246,0.002644751464221745,23093,59,Campbell,Wyoming,0.0019229138369440246,both,0.2644751464221745,0.2644751464221745,0.19229138369440246,0.19229138369440246,0.0,0.0,0.0,0.0,0.23-0.37,0.23-0.37,0.09-0.24,0.09-0.24,True,True,0.0,0.0
56007,0.0020337240397414512,10318.0,20.0,10146.0,0.00457190357439734,0.0020337240397414512,10318,20,Carbon,Wyoming,0.00457190357439734,both,0.20337240397414513,0.20337240397414513,0.457190357439734,0.457190357439734,0.0,0.0,0.0,0.0,0.14-0.23,0.14-0.23,0.24-0.57,0.24-0.57,True,True,0.0,0.0
56009,0.002977804189505812,5877.0,19.0,9500.0,0.00029130324328901667,0.002977804189505812,5877,19,Converse,Wyoming,0.00029130324328901667,both,0.2977804189505812,0.2977804189505812,0.02913032432890167,0.02913032432890167,0.0,0.0,0.0,0.0,0.23-0.37,0.23-0.37,0-0.09,0-0.09,True,True,0.0,0.0
56011,0.001652892561983471,1770.0,2.0,5065.0,0.0,0.001652892561983471,1770,2,Crook,Wyoming,0.0,both,0.1652892561983471,0.1652892561983471,0.0,0.0,0.0,0.0,0.0,0.0,0.14-0.23,0.14-0.23,-0.12-0,-0.12-0,True,True,0.0,0.0
56013,0.006258905793657907,21014.0,135.0,26286.0,0.01149731244126737,0.006258905793657907,21014,135,Fremont,Wyoming,0.01149731244126737,both,0.6258905793657907,0.6258905793657907,1.149731244126737,1.149731244126737,0.0,0.0,0.0,0.0,0.37-0.70,0.37-0.70,0.57+,0.57+,True,True,0.0,0.0
56015,0.00030120481927710846,5829.0,1.0,8911.0,0.0,0.00030120481927710846,5829,1,Goshen,Wyoming,0.0,both,0.030120481927710847,0.030120481927710847,0.0,0.0,0.0,0.0,0.0,0.0,0-0.06,0-0.06,-0.12-0,-0.12-0,True,True,0.0,0.0
56017,0.0018858974593446935,2245.0,3.0,3308.0,0.0020920502092050207,0.0018858974593446935,2245,3,Hot Springs,Wyoming,0.0020920502092050207,both,0.18858974593446934,0.18858974593446934,0.20920502092050208,0.20920502092050208,0.0,0.0,0.0,0.0,0.14-0.23,0.14-0.23,0.09-0.24,0.09-0.24,True,True,0.0,0.0
56019,0.002386071690591549,2305.0,5.0,6336.0,0.0018796992481203006,0.002386071690591549,2305,5,Johnson,Wyoming,0.0018796992481203006,both,0.23860716905915488,0.23860716905915488,0.18796992481203006,0.18796992481203006,0.0,0.0,0.0,0.0,0.23-0.37,0.23-0.37,0.09-0.24,0.09-0.24,True,True,0.0,0.0
56021,0.021232129204613797,104498.0,2737.0,68410.0,0.02879437842060706,0.021232129204613797,104498,2737,Laramie,Wyoming,0.02879437842060706,both,2.1232129204613797,2.1232129204613797,2.879437842060706,2.879437842060706,0.0,0.0,0.0,0.0,0.70+,0.70+,0.57+,0.57+,True,True,0.0,0.0
56023,0.003098381579354435,7531.0,24.0,13207.0,0.006404218971245467,0.003098381579354435,7531,24,Lincoln,Wyoming,0.006404218971245467,both,0.3098381579354435,0.3098381579354435,0.6404218971245467,0.6404218971245467,0.0,0.0,0.0,0.0,0.23-0.37,0.23-0.37,0.57+,0.57+,True,True,0.0,0.0
56025,0.0028749906970405815,51629.0,152.0,53977.0,0.0029896285409714224,0.0028749906970405815,51629,152,Natrona,Wyoming,0.0029896285409714224,both,0.28749906970405814,0.28749906970405814,0.29896285409714224,0.29896285409714224,0.0,0.0,0.0,0.0,0.23-0.37,0.23-0.37,0.24-0.57,0.24-0.57,True,True,0.0,0.0
56027,0.005056497175141243,845.0,3.0,1882.0,0.0,0.005056497175141243,845,3,Niobrara,Wyoming,0.0,both,0.5056497175141242,0.5056497175141242,0.0,0.0,0.0,0.0,0.0,0.0,0.37-0.70,0.37-0.70,-0.12-0,-0.12-0,True,True,0.0,0.0
56029,0.0014718102114907484,12954.0,16.0,21506.0,0.0004914004914004914,0.0014718102114907484,12954,16,Park,Wyoming,0.0004914004914004914,both,0.14718102114907483,0.14718102114907483,0.04914004914004914,0.04914004914004914,0.0,0.0,0.0,0.0,0.14-0.23,0.14-0.23,0-0.09,0-0.09,True,True,0.0,0.0
56031,0.0022016832625155643,5645.0,11.0,6572.0,0.003482000089745091,0.0022016832625155643,5645,11,Platte,Wyoming,0.003482000089745091,both,0.2201683262515564,0.2201683262515564,0.3482000089745091,0.3482000089745091,0.0,0.0,0.0,0.0,0.14-0.23,0.14-0.23,0.24-0.57,0.24-0.57,True,True,0.0,0.0
56033,0.0010776020207184961,15995.0,17.0,22046.0,0.0008950548221078541,0.0010776020207184961,15995,17,Sheridan,Wyoming,0.0008950548221078541,both,0.10776020207184961,0.10776020207184961,0.0895054822107854,0.0895054822107854,0.0,0.0,0.0,0.0,0.06-0.14,0.06-0.14,0-0.09,0-0.09,True,True,0.0,0.0
56035,0.001076797385620915,3368.0,4.0,6184.0,0.0018867924528301887,0.001076797385620915,3368,4,Sublette,Wyoming,0.0018867924528301887,both,0.1076797385620915,0.1076797385620915,0.18867924528301888,0.18867924528301888,0.0,0.0,0.0,0.0,0.06-0.14,0.06-0.14,0.09-0.24,0.09-0.24,True,True,0.0,0.0
56037,0.005051334976980621,24155.0,125.0,27594.0,0.004514405651732941,0.005051334976980621,24155,125,Sweetwater,Wyoming,0.004514405651732941,both,0.505133497698062,0.505133497698062,0.4514405651732941,0.4514405651732941,0.0,0.0,0.0,0.0,0.37-0.70,0.37-0.70,0.24-0.57,0.24-0.57,True,True,0.0,0.0
56039,0.0017456657141373898,26280.0,48.0,17873.0,0.0019391588898315356,0.0017456657141373898,26280,48,Teton,Wyoming,0.0019391588898315356,both,0.174566571413739,0.174566571413739,0.19391588898315357,0.19391588898315357,0.0,0.0,0.0,0.0,0.14-0.23,0.14-0.23,0.09-0.24,0.09-0.24,True,True,0.0,0.0
56041,0.001864503660110797,9387.0,17.0,13274.0,0.0014408167744400324,0.001864503660110797,9387,17,Uinta,Wyoming,0.0014408167744400324,both,0.1864503660110797,0.1864503660110797,0.14408167744400324,0.14408167744400324,0.0,0.0,0.0,0.0,0.14-0.23,0.14-0.23,0.09-0.24,0.09-0.24,True,True,0.0,0.0
56043,0.00021097046413502107,5336.0,1.0,5521.0,0.0,0.00021097046413502107,5336,1,Washakie,Wyoming,0.0,both,0.02109704641350211,0.02109704641350211,0.0,0.0,0.0,0.0,0.0,0.0,0-0.06,0-0.06,-0.12-0,-0.12-0,True,True,0.0,0.0
56045,0.0007633587786259542,2132.0,1.0,4900.0,0.0,0.0007633587786259542,2132,1,Weston,Wyoming,0.0,both,0.07633587786259542,0.07633587786259542,0.0,0.0,0.0,0.0,0.0,0.0,0.06-0.14,0.06-0.14,-0.12-0,-0.12-0,True,True,0.0,0.0
56999,,,,,,0.010174937535031557,4303,63,"[Wyoming, county not reported]",Wyoming,-0.0029066068645226956,right_only,,1.0174937535031559,,-0.29066068645226956,,,,,No data,0.70+,No data,<-0.12,False,False,,
